PLATFORM_NUMBER,CYCLE_NUMBER,PLATFORM_TYPE,DIRECTION,time,latitude,longitude,PRES,PRES_QC,TEMP,TEMP_QC,PSAL,PSAL_QC
,,,,UTC,degrees_north,degrees_east,decibar,,degree_Celsius,,PSU,
2903951,10,PROVOR_III,A,2025-04-01T13:29:00Z,-3.0807516666666666,77.83276333333333,2.5,1,29.995,1,34.858,1
2903951,10,PROVOR_III,A,2025-04-01T13:29:00Z,-3.0807516666666666,77.83276333333333,3.5,1,29.977,1,34.855,1
2903951,10,PROVOR_III,A,2025-04-01T13:29:00Z,-3.0807516666666666,77.83276333333333,4.5,1,29.948,1,34.858,1
2903951,10,PROVOR_III,A,2025-04-01T13:29:00Z,-3.0807516666666666,77.83276333333333,5.5,1,29.896,1,34.853,1
2903951,10,PROVOR_III,A,2025-04-01T13:29:00Z,-3.0807516666666666,77.83276333333333,6.5,1,29.876,1,34.851,1
2903951,10,PROVOR_III,A,2025-04-01T13:29:00Z,-3.0807516666666666,77.83276333333333,7.4,1,29.892,1,34.847,1
2903951,10,PROVOR_III,A,2025-04-01T13:29:00Z,-3.0807516666666666,77.83276333333333,8.5,1,29.817,1,34.856,1
2903951,10,PROVOR_III,A,2025-04-01T13:29:00Z,-3.0807516666666666,77.83276333333333,9.5,1,29.756,1,34.849,1
2903951,10,PROVOR_III,A,2025-04-01T13:29:00Z,-3.0807516666666666,77.83276333333333,10.5,1,29.748,1,34.849,1
2903951,10,PROVOR_III,A,2025-04-01T13:29:00Z,-3.0807516666666666,77.83276333333333,11.6,1,29.738,1,34.848,1
2903951,10,PROVOR_III,A,2025-04-01T13:29:00Z,-3.0807516666666666,77.83276333333333,12.5,1,29.734,1,34.847,1
2903951,10,PROVOR_III,A,2025-04-01T13:29:00Z,-3.0807516666666666,77.83276333333333,13.5,1,29.73,1,34.847,1
2903951,10,PROVOR_III,A,2025-04-01T13:29:00Z,-3.0807516666666666,77.83276333333333,14.5,1,29.728,1,34.849,1
2903951,10,PROVOR_III,A,2025-04-01T13:29:00Z,-3.0807516666666666,77.83276333333333,15.6,1,29.723,1,34.848,1
2903951,10,PROVOR_III,A,2025-04-01T13:29:00Z,-3.0807516666666666,77.83276333333333,16.5,1,29.718,1,34.849,1
2903951,10,PROVOR_III,A,2025-04-01T13:29:00Z,-3.0807516666666666,77.83276333333333,17.4,1,29.713,1,34.849,1
2903951,10,PROVOR_III,A,2025-04-01T13:29:00Z,-3.0807516666666666,77.83276333333333,18.5,1,29.713,1,34.848,1
2903951,10,PROVOR_III,A,2025-04-01T13:29:00Z,-3.0807516666666666,77.83276333333333,19.6,1,29.709,1,34.849,1
2903951,10,PROVOR_III,A,2025-04-01T13:29:00Z,-3.0807516666666666,77.83276333333333,25.0,1,29.708,1,34.851,1
2903951,10,PROVOR_III,A,2025-04-01T13:29:00Z,-3.0807516666666666,77.83276333333333,35.1,1,29.698,1,34.853,1
2903951,10,PROVOR_III,A,2025-04-01T13:29:00Z,-3.0807516666666666,77.83276333333333,45.3,1,29.692,1,34.857,1
2903951,10,PROVOR_III,A,2025-04-01T13:29:00Z,-3.0807516666666666,77.83276333333333,55.0,1,29.667,1,34.868,1
2903951,10,PROVOR_III,A,2025-04-01T13:29:00Z,-3.0807516666666666,77.83276333333333,65.0,1,29.502,1,34.865,1
2903951,10,PROVOR_III,A,2025-04-01T13:29:00Z,-3.0807516666666666,77.83276333333333,75.0,1,28.549,1,34.866,1
2903951,10,PROVOR_III,A,2025-04-01T13:29:00Z,-3.0807516666666666,77.83276333333333,84.7,1,26.946,1,35.06,1
2903951,10,PROVOR_III,A,2025-04-01T13:29:00Z,-3.0807516666666666,77.83276333333333,94.9,1,25.591,1,35.12,1
2903951,10,PROVOR_III,A,2025-04-01T13:29:00Z,-3.0807516666666666,77.83276333333333,104.9,1,23.759,1,35.14,1
2903951,10,PROVOR_III,A,2025-04-01T13:29:00Z,-3.0807516666666666,77.83276333333333,114.9,1,22.633,1,35.159,1
2903951,10,PROVOR_III,A,2025-04-01T13:29:00Z,-3.0807516666666666,77.83276333333333,124.7,1,21.226,1,35.203,1
2903951,10,PROVOR_III,A,2025-04-01T13:29:00Z,-3.0807516666666666,77.83276333333333,135.1,1,19.477,1,35.194,1
2903951,10,PROVOR_III,A,2025-04-01T13:29:00Z,-3.0807516666666666,77.83276333333333,145.0,1,18.775,1,35.191,1
2903951,10,PROVOR_III,A,2025-04-01T13:29:00Z,-3.0807516666666666,77.83276333333333,155.0,1,17.07,1,35.121,1
2903951,10,PROVOR_III,A,2025-04-01T13:29:00Z,-3.0807516666666666,77.83276333333333,165.3,1,15.432,1,35.053,1
2903951,10,PROVOR_III,A,2025-04-01T13:29:00Z,-3.0807516666666666,77.83276333333333,175.1,1,14.737,1,35.055,1
2903951,10,PROVOR_III,A,2025-04-01T13:29:00Z,-3.0807516666666666,77.83276333333333,185.0,1,14.177,1,35.075,1
2903951,10,PROVOR_III,A,2025-04-01T13:29:00Z,-3.0807516666666666,77.83276333333333,195.1,1,14.005,1,35.081,1
2903951,10,PROVOR_III,A,2025-04-01T13:29:00Z,-3.0807516666666666,77.83276333333333,209.7,1,13.565,1,35.095,1
2903951,10,PROVOR_III,A,2025-04-01T13:29:00Z,-3.0807516666666666,77.83276333333333,230.1,1,13.094,1,35.085,1
2903951,10,PROVOR_III,A,2025-04-01T13:29:00Z,-3.0807516666666666,77.83276333333333,250.3,1,12.61,1,35.067,1
2903951,10,PROVOR_III,A,2025-04-01T13:29:00Z,-3.0807516666666666,77.83276333333333,269.9,1,12.216,1,35.036,1
2903951,10,PROVOR_III,A,2025-04-01T13:29:00Z,-3.0807516666666666,77.83276333333333,289.9,1,11.864,1,35.01,1
2903951,10,PROVOR_III,A,2025-04-01T13:29:00Z,-3.0807516666666666,77.83276333333333,309.7,1,11.6,1,34.993,1
2903951,10,PROVOR_III,A,2025-04-01T13:29:00Z,-3.0807516666666666,77.83276333333333,329.8,1,11.316,1,34.979,1
2903951,10,PROVOR_III,A,2025-04-01T13:29:00Z,-3.0807516666666666,77.83276333333333,350.1,1,10.965,1,34.955,1
2903951,10,PROVOR_III,A,2025-04-01T13:29:00Z,-3.0807516666666666,77.83276333333333,370.1,1,10.741,1,34.949,1
2903951,10,PROVOR_III,A,2025-04-01T13:29:00Z,-3.0807516666666666,77.83276333333333,389.9,1,10.549,1,34.939,1
2903951,10,PROVOR_III,A,2025-04-01T13:29:00Z,-3.0807516666666666,77.83276333333333,410.1,1,10.413,1,34.933,1
2903951,10,PROVOR_III,A,2025-04-01T13:29:00Z,-3.0807516666666666,77.83276333333333,429.9,1,10.283,1,34.927,1
2903951,10,PROVOR_III,A,2025-04-01T13:29:00Z,-3.0807516666666666,77.83276333333333,450.3,1,10.169,1,34.928,1
2903951,10,PROVOR_III,A,2025-04-01T13:29:00Z,-3.0807516666666666,77.83276333333333,470.0,1,10.027,1,34.933,1
2903951,10,PROVOR_III,A,2025-04-01T13:29:00Z,-3.0807516666666666,77.83276333333333,490.0,1,9.831,1,34.921,1
2903951,10,PROVOR_III,A,2025-04-01T13:29:00Z,-3.0807516666666666,77.83276333333333,512.7,1,9.597,1,34.903,1
2903951,10,PROVOR_III,A,2025-04-01T13:29:00Z,-3.0807516666666666,77.83276333333333,537.8,1,9.336,1,34.874,1
2903951,10,PROVOR_III,A,2025-04-01T13:29:00Z,-3.0807516666666666,77.83276333333333,562.2,1,9.178,1,34.869,1
2903951,10,PROVOR_III,A,2025-04-01T13:29:00Z,-3.0807516666666666,77.83276333333333,587.5,1,9.028,1,34.865,1
2903951,10,PROVOR_III,A,2025-04-01T13:29:00Z,-3.0807516666666666,77.83276333333333,612.7,1,8.87,1,34.873,1
2903951,10,PROVOR_III,A,2025-04-01T13:29:00Z,-3.0807516666666666,77.83276333333333,637.5,1,8.746,1,34.878,1
2903951,10,PROVOR_III,A,2025-04-01T13:29:00Z,-3.0807516666666666,77.83276333333333,662.6,1,8.452,1,34.861,1
2903951,10,PROVOR_III,A,2025-04-01T13:29:00Z,-3.0807516666666666,77.83276333333333,687.6,1,8.317,1,34.863,1
2903951,10,PROVOR_III,A,2025-04-01T13:29:00Z,-3.0807516666666666,77.83276333333333,712.5,1,8.248,1,34.877,1
2903951,10,PROVOR_III,A,2025-04-01T13:29:00Z,-3.0807516666666666,77.83276333333333,737.5,1,8.024,1,34.865,1
2903951,10,PROVOR_III,A,2025-04-01T13:29:00Z,-3.0807516666666666,77.83276333333333,762.2,1,7.814,1,34.869,1
2903951,10,PROVOR_III,A,2025-04-01T13:29:00Z,-3.0807516666666666,77.83276333333333,787.3,1,7.695,1,34.881,1
2903951,10,PROVOR_III,A,2025-04-01T13:29:00Z,-3.0807516666666666,77.83276333333333,812.7,1,7.776,1,34.931,1
2903951,10,PROVOR_III,A,2025-04-01T13:29:00Z,-3.0807516666666666,77.83276333333333,837.6,1,7.675,1,34.948,1
2903951,10,PROVOR_III,A,2025-04-01T13:29:00Z,-3.0807516666666666,77.83276333333333,862.4,1,7.563,1,34.957,1
2903951,10,PROVOR_III,A,2025-04-01T13:29:00Z,-3.0807516666666666,77.83276333333333,887.3,1,7.47,1,34.957,1
2903951,10,PROVOR_III,A,2025-04-01T13:29:00Z,-3.0807516666666666,77.83276333333333,912.4,1,7.293,1,34.946,1
2903951,10,PROVOR_III,A,2025-04-01T13:29:00Z,-3.0807516666666666,77.83276333333333,937.5,1,6.958,1,34.912,1
2903951,10,PROVOR_III,A,2025-04-01T13:29:00Z,-3.0807516666666666,77.83276333333333,962.6,1,6.516,1,34.855,1
2903951,10,PROVOR_III,A,2025-04-01T13:29:00Z,-3.0807516666666666,77.83276333333333,987.9,1,6.299,1,34.836,1
2903951,10,PROVOR_III,A,2025-04-01T13:29:00Z,-3.0807516666666666,77.83276333333333,1024.7,1,6.176,1,34.84,1
2903951,10,PROVOR_III,A,2025-04-01T13:29:00Z,-3.0807516666666666,77.83276333333333,1075.0,1,6.063,1,34.857,1
2903951,10,PROVOR_III,A,2025-04-01T13:29:00Z,-3.0807516666666666,77.83276333333333,1124.8,1,5.773,1,34.839,1
2903951,10,PROVOR_III,A,2025-04-01T13:29:00Z,-3.0807516666666666,77.83276333333333,1174.9,1,5.608,1,34.843,1
2903951,10,PROVOR_III,A,2025-04-01T13:29:00Z,-3.0807516666666666,77.83276333333333,1224.8,1,5.306,1,34.821,1
2903951,10,PROVOR_III,A,2025-04-01T13:29:00Z,-3.0807516666666666,77.83276333333333,1275.7,1,5.042,1,34.804,1
2903951,10,PROVOR_III,A,2025-04-01T13:29:00Z,-3.0807516666666666,77.83276333333333,1324.6,1,4.865,1,34.806,1
2903951,10,PROVOR_III,A,2025-04-01T13:29:00Z,-3.0807516666666666,77.83276333333333,1374.8,1,4.732,1,34.812,1
2903951,10,PROVOR_III,A,2025-04-01T13:29:00Z,-3.0807516666666666,77.83276333333333,1425.8,1,4.488,1,34.801,1
2903951,10,PROVOR_III,A,2025-04-01T13:29:00Z,-3.0807516666666666,77.83276333333333,1474.8,1,4.359,1,34.801,1
2903951,10,PROVOR_III,A,2025-04-01T13:29:00Z,-3.0807516666666666,77.83276333333333,1525.0,1,4.246,1,34.805,1
2903951,10,PROVOR_III,A,2025-04-01T13:29:00Z,-3.0807516666666666,77.83276333333333,1575.2,1,3.96,1,34.787,1
2903951,10,PROVOR_III,A,2025-04-01T13:29:00Z,-3.0807516666666666,77.83276333333333,1625.2,1,3.752,1,34.794,1
2903951,10,PROVOR_III,A,2025-04-01T13:29:00Z,-3.0807516666666666,77.83276333333333,1675.1,1,3.573,1,34.792,1
2903951,10,PROVOR_III,A,2025-04-01T13:29:00Z,-3.0807516666666666,77.83276333333333,1725.4,1,3.38,1,34.788,1
2903951,10,PROVOR_III,A,2025-04-01T13:29:00Z,-3.0807516666666666,77.83276333333333,1774.6,1,3.251,1,34.789,1
2903951,10,PROVOR_III,A,2025-04-01T13:29:00Z,-3.0807516666666666,77.83276333333333,1824.9,1,3.13,1,34.786,1
2903951,10,PROVOR_III,A,2025-04-01T13:29:00Z,-3.0807516666666666,77.83276333333333,1874.6,1,3.0,1,34.782,1
2903951,10,PROVOR_III,A,2025-04-01T13:29:00Z,-3.0807516666666666,77.83276333333333,1925.1,1,2.85,1,34.774,1
2903951,10,PROVOR_III,A,2025-04-01T13:29:00Z,-3.0807516666666666,77.83276333333333,1968.9,1,2.74,1,34.772,1
2903951,11,PROVOR_III,A,2025-04-11T13:33:00Z,-3.207761666666667,79.35372,2.4,1,29.974,1,34.539,1
2903951,11,PROVOR_III,A,2025-04-11T13:33:00Z,-3.207761666666667,79.35372,3.3,1,29.975,1,34.538,1
2903951,11,PROVOR_III,A,2025-04-11T13:33:00Z,-3.207761666666667,79.35372,4.5,1,29.972,1,34.54,1
2903951,11,PROVOR_III,A,2025-04-11T13:33:00Z,-3.207761666666667,79.35372,5.5,1,29.975,1,34.539,1
2903951,11,PROVOR_III,A,2025-04-11T13:33:00Z,-3.207761666666667,79.35372,6.5,1,29.977,1,34.538,1
2903951,11,PROVOR_III,A,2025-04-11T13:33:00Z,-3.207761666666667,79.35372,7.5,1,29.975,1,34.54,1
2903951,11,PROVOR_III,A,2025-04-11T13:33:00Z,-3.207761666666667,79.35372,8.6,1,29.966,1,34.539,1
2903951,11,PROVOR_III,A,2025-04-11T13:33:00Z,-3.207761666666667,79.35372,9.5,1,29.963,1,34.54,1
2903951,11,PROVOR_III,A,2025-04-11T13:33:00Z,-3.207761666666667,79.35372,10.5,1,29.956,1,34.541,1
2903951,11,PROVOR_III,A,2025-04-11T13:33:00Z,-3.207761666666667,79.35372,11.5,1,29.961,1,34.54,1
2903951,11,PROVOR_III,A,2025-04-11T13:33:00Z,-3.207761666666667,79.35372,12.6,1,29.96,1,34.54,1
2903951,11,PROVOR_III,A,2025-04-11T13:33:00Z,-3.207761666666667,79.35372,13.5,1,29.956,1,34.541,1
2903951,11,PROVOR_III,A,2025-04-11T13:33:00Z,-3.207761666666667,79.35372,14.4,1,29.95,1,34.541,1
2903951,11,PROVOR_III,A,2025-04-11T13:33:00Z,-3.207761666666667,79.35372,15.5,1,29.946,1,34.541,1
2903951,11,PROVOR_III,A,2025-04-11T13:33:00Z,-3.207761666666667,79.35372,16.4,1,29.947,1,34.541,1
2903951,11,PROVOR_III,A,2025-04-11T13:33:00Z,-3.207761666666667,79.35372,17.5,1,29.927,1,34.544,1
2903951,11,PROVOR_III,A,2025-04-11T13:33:00Z,-3.207761666666667,79.35372,18.5,1,29.923,1,34.542,1
2903951,11,PROVOR_III,A,2025-04-11T13:33:00Z,-3.207761666666667,79.35372,19.6,1,29.919,1,34.542,1
2903951,11,PROVOR_III,A,2025-04-11T13:33:00Z,-3.207761666666667,79.35372,25.5,1,29.809,1,34.552,1
2903951,11,PROVOR_III,A,2025-04-11T13:33:00Z,-3.207761666666667,79.35372,34.9,1,29.238,1,34.628,1
2903951,11,PROVOR_III,A,2025-04-11T13:33:00Z,-3.207761666666667,79.35372,44.8,1,28.65,1,34.844,1
2903951,11,PROVOR_III,A,2025-04-11T13:33:00Z,-3.207761666666667,79.35372,55.0,1,27.458,1,35.016,1
2903951,11,PROVOR_III,A,2025-04-11T13:33:00Z,-3.207761666666667,79.35372,64.8,1,25.757,1,35.078,1
2903951,11,PROVOR_III,A,2025-04-11T13:33:00Z,-3.207761666666667,79.35372,75.1,1,23.967,1,35.129,1
2903951,11,PROVOR_III,A,2025-04-11T13:33:00Z,-3.207761666666667,79.35372,85.1,1,22.883,1,35.149,1
2903951,11,PROVOR_III,A,2025-04-11T13:33:00Z,-3.207761666666667,79.35372,94.9,1,21.292,1,35.182,1
2903951,11,PROVOR_III,A,2025-04-11T13:33:00Z,-3.207761666666667,79.35372,105.0,1,19.879,1,35.228,1
2903951,11,PROVOR_III,A,2025-04-11T13:33:00Z,-3.207761666666667,79.35372,114.9,1,19.342,1,35.24,1
2903951,11,PROVOR_III,A,2025-04-11T13:33:00Z,-3.207761666666667,79.35372,125.1,1,18.92,1,35.202,1
2903951,11,PROVOR_III,A,2025-04-11T13:33:00Z,-3.207761666666667,79.35372,134.9,1,17.458,1,35.133,1
2903951,11,PROVOR_III,A,2025-04-11T13:33:00Z,-3.207761666666667,79.35372,144.8,1,15.808,1,35.011,1
2903951,11,PROVOR_III,A,2025-04-11T13:33:00Z,-3.207761666666667,79.35372,155.4,1,14.657,1,34.955,1
2903951,11,PROVOR_III,A,2025-04-11T13:33:00Z,-3.207761666666667,79.35372,165.0,1,14.258,1,34.941,1
2903951,11,PROVOR_III,A,2025-04-11T13:33:00Z,-3.207761666666667,79.35372,175.1,1,13.978,1,34.98,1
2903951,11,PROVOR_III,A,2025-04-11T13:33:00Z,-3.207761666666667,79.35372,185.0,1,13.61,1,35.045,1
2903951,11,PROVOR_III,A,2025-04-11T13:33:00Z,-3.207761666666667,79.35372,195.0,1,13.382,1,35.049,1
2903951,11,PROVOR_III,A,2025-04-11T13:33:00Z,-3.207761666666667,79.35372,210.0,1,12.954,1,35.032,1
2903951,11,PROVOR_III,A,2025-04-11T13:33:00Z,-3.207761666666667,79.35372,229.8,1,12.659,1,35.06,1
2903951,11,PROVOR_III,A,2025-04-11T13:33:00Z,-3.207761666666667,79.35372,250.0,1,12.331,1,35.059,1
2903951,11,PROVOR_III,A,2025-04-11T13:33:00Z,-3.207761666666667,79.35372,270.0,1,12.016,1,35.035,1
2903951,11,PROVOR_III,A,2025-04-11T13:33:00Z,-3.207761666666667,79.35372,290.2,1,11.539,1,34.99,1
2903951,11,PROVOR_III,A,2025-04-11T13:33:00Z,-3.207761666666667,79.35372,310.6,1,11.308,1,34.992,1
2903951,11,PROVOR_III,A,2025-04-11T13:33:00Z,-3.207761666666667,79.35372,329.7,1,11.111,1,34.976,1
2903951,11,PROVOR_III,A,2025-04-11T13:33:00Z,-3.207761666666667,79.35372,349.6,1,10.819,1,34.946,1
2903951,11,PROVOR_III,A,2025-04-11T13:33:00Z,-3.207761666666667,79.35372,370.0,1,10.549,1,34.923,1
2903951,11,PROVOR_III,A,2025-04-11T13:33:00Z,-3.207761666666667,79.35372,390.0,1,10.28,1,34.904,1
2903951,11,PROVOR_III,A,2025-04-11T13:33:00Z,-3.207761666666667,79.35372,410.1,1,10.142,1,34.912,1
2903951,11,PROVOR_III,A,2025-04-11T13:33:00Z,-3.207761666666667,79.35372,430.0,1,9.942,1,34.904,1
2903951,11,PROVOR_III,A,2025-04-11T13:33:00Z,-3.207761666666667,79.35372,449.7,1,9.718,1,34.89,1
2903951,11,PROVOR_III,A,2025-04-11T13:33:00Z,-3.207761666666667,79.35372,469.7,1,9.515,1,34.878,1
2903951,11,PROVOR_III,A,2025-04-11T13:33:00Z,-3.207761666666667,79.35372,490.1,1,9.324,1,34.873,1
2903951,11,PROVOR_III,A,2025-04-11T13:33:00Z,-3.207761666666667,79.35372,512.7,1,9.166,1,34.881,1
2903951,11,PROVOR_III,A,2025-04-11T13:33:00Z,-3.207761666666667,79.35372,537.6,1,8.97,1,34.878,1
2903951,11,PROVOR_III,A,2025-04-11T13:33:00Z,-3.207761666666667,79.35372,562.5,1,8.799,1,34.876,1
2903951,11,PROVOR_III,A,2025-04-11T13:33:00Z,-3.207761666666667,79.35372,587.5,1,8.687,1,34.879,1
2903951,11,PROVOR_III,A,2025-04-11T13:33:00Z,-3.207761666666667,79.35372,612.6,1,8.532,1,34.885,1
2903951,11,PROVOR_III,A,2025-04-11T13:33:00Z,-3.207761666666667,79.35372,637.5,1,8.395,1,34.88,1
2903951,11,PROVOR_III,A,2025-04-11T13:33:00Z,-3.207761666666667,79.35372,662.5,1,8.175,1,34.872,1
2903951,11,PROVOR_III,A,2025-04-11T13:33:00Z,-3.207761666666667,79.35372,687.6,1,7.888,1,34.857,1
2903951,11,PROVOR_III,A,2025-04-11T13:33:00Z,-3.207761666666667,79.35372,712.6,1,7.732,1,34.861,1
2903951,11,PROVOR_III,A,2025-04-11T13:33:00Z,-3.207761666666667,79.35372,737.6,1,7.614,1,34.871,1
2903951,11,PROVOR_III,A,2025-04-11T13:33:00Z,-3.207761666666667,79.35372,762.7,1,7.471,1,34.873,1
2903951,11,PROVOR_III,A,2025-04-11T13:33:00Z,-3.207761666666667,79.35372,787.6,1,7.601,1,34.925,1
2903951,11,PROVOR_III,A,2025-04-11T13:33:00Z,-3.207761666666667,79.35372,812.3,1,7.482,1,34.927,1
2903951,11,PROVOR_III,A,2025-04-11T13:33:00Z,-3.207761666666667,79.35372,837.6,1,7.228,1,34.905,1
2903951,11,PROVOR_III,A,2025-04-11T13:33:00Z,-3.207761666666667,79.35372,862.4,1,7.218,1,34.933,1
2903951,11,PROVOR_III,A,2025-04-11T13:33:00Z,-3.207761666666667,79.35372,887.2,1,7.05,1,34.923,1
2903951,11,PROVOR_III,A,2025-04-11T13:33:00Z,-3.207761666666667,79.35372,912.3,1,6.666,1,34.875,1
2903951,11,PROVOR_III,A,2025-04-11T13:33:00Z,-3.207761666666667,79.35372,937.6,1,6.383,1,34.846,1
2903951,11,PROVOR_III,A,2025-04-11T13:33:00Z,-3.207761666666667,79.35372,962.4,1,6.262,1,34.845,1
2903951,11,PROVOR_III,A,2025-04-11T13:33:00Z,-3.207761666666667,79.35372,987.7,1,6.154,1,34.842,1
2903951,11,PROVOR_III,A,2025-04-11T13:33:00Z,-3.207761666666667,79.35372,1025.0,1,5.98,1,34.834,1
2903951,11,PROVOR_III,A,2025-04-11T13:33:00Z,-3.207761666666667,79.35372,1075.5,1,5.712,1,34.828,1
2903951,11,PROVOR_III,A,2025-04-11T13:33:00Z,-3.207761666666667,79.35372,1124.2,1,5.488,1,34.826,1
2903951,11,PROVOR_III,A,2025-04-11T13:33:00Z,-3.207761666666667,79.35372,1175.0,1,5.293,1,34.825,1
2903951,11,PROVOR_III,A,2025-04-11T13:33:00Z,-3.207761666666667,79.35372,1225.1,1,5.139,1,34.818,1
2903951,11,PROVOR_III,A,2025-04-11T13:33:00Z,-3.207761666666667,79.35372,1274.7,1,5.013,1,34.812,1
2903951,11,PROVOR_III,A,2025-04-11T13:33:00Z,-3.207761666666667,79.35372,1325.1,1,4.858,1,34.806,1
2903951,11,PROVOR_III,A,2025-04-11T13:33:00Z,-3.207761666666667,79.35372,1375.3,1,4.679,1,34.807,1
2903951,11,PROVOR_III,A,2025-04-11T13:33:00Z,-3.207761666666667,79.35372,1424.8,1,4.447,1,34.804,1
2903951,11,PROVOR_III,A,2025-04-11T13:33:00Z,-3.207761666666667,79.35372,1474.7,1,4.272,1,34.805,1
2903951,11,PROVOR_III,A,2025-04-11T13:33:00Z,-3.207761666666667,79.35372,1525.3,1,4.029,1,34.8,1
2903951,11,PROVOR_III,A,2025-04-11T13:33:00Z,-3.207761666666667,79.35372,1575.0,1,3.756,1,34.796,1
2903951,11,PROVOR_III,A,2025-04-11T13:33:00Z,-3.207761666666667,79.35372,1625.1,1,3.566,1,34.791,1
2903951,11,PROVOR_III,A,2025-04-11T13:33:00Z,-3.207761666666667,79.35372,1675.1,1,3.412,1,34.791,1
2903951,11,PROVOR_III,A,2025-04-11T13:33:00Z,-3.207761666666667,79.35372,1724.9,1,3.316,1,34.793,1
2903951,11,PROVOR_III,A,2025-04-11T13:33:00Z,-3.207761666666667,79.35372,1774.9,1,3.236,1,34.794,1
2903951,11,PROVOR_III,A,2025-04-11T13:33:00Z,-3.207761666666667,79.35372,1824.7,1,3.109,1,34.788,1
2903951,11,PROVOR_III,A,2025-04-11T13:33:00Z,-3.207761666666667,79.35372,1874.9,1,2.985,1,34.782,1
2903951,11,PROVOR_III,A,2025-04-11T13:33:00Z,-3.207761666666667,79.35372,1925.0,1,2.866,1,34.779,1
2903951,11,PROVOR_III,A,2025-04-11T13:33:00Z,-3.207761666666667,79.35372,1972.0,1,2.751,1,34.776,1
2903951,12,PROVOR_III,A,2025-04-21T12:52:00Z,-3.5143516666666668,80.62884166666667,2.5,1,29.684,1,34.751,1
2903951,12,PROVOR_III,A,2025-04-21T12:52:00Z,-3.5143516666666668,80.62884166666667,3.5,1,29.684,1,34.752,1
2903951,12,PROVOR_III,A,2025-04-21T12:52:00Z,-3.5143516666666668,80.62884166666667,4.5,1,29.684,1,34.752,1
2903951,12,PROVOR_III,A,2025-04-21T12:52:00Z,-3.5143516666666668,80.62884166666667,5.5,1,29.685,1,34.752,1
2903951,12,PROVOR_III,A,2025-04-21T12:52:00Z,-3.5143516666666668,80.62884166666667,6.6,1,29.68,1,34.751,1
2903951,12,PROVOR_III,A,2025-04-21T12:52:00Z,-3.5143516666666668,80.62884166666667,7.6,1,29.674,1,34.751,1
2903951,12,PROVOR_III,A,2025-04-21T12:52:00Z,-3.5143516666666668,80.62884166666667,8.6,1,29.676,1,34.75,1
2903951,12,PROVOR_III,A,2025-04-21T12:52:00Z,-3.5143516666666668,80.62884166666667,9.5,1,29.665,1,34.752,1
2903951,12,PROVOR_III,A,2025-04-21T12:52:00Z,-3.5143516666666668,80.62884166666667,10.5,1,29.661,1,34.75,1
2903951,12,PROVOR_III,A,2025-04-21T12:52:00Z,-3.5143516666666668,80.62884166666667,11.5,1,29.645,1,34.751,1
2903951,12,PROVOR_III,A,2025-04-21T12:52:00Z,-3.5143516666666668,80.62884166666667,12.5,1,29.624,1,34.752,1
2903951,12,PROVOR_III,A,2025-04-21T12:52:00Z,-3.5143516666666668,80.62884166666667,13.5,1,29.609,1,34.751,1
2903951,12,PROVOR_III,A,2025-04-21T12:52:00Z,-3.5143516666666668,80.62884166666667,14.6,1,29.6,1,34.75,1
2903951,12,PROVOR_III,A,2025-04-21T12:52:00Z,-3.5143516666666668,80.62884166666667,15.5,1,29.595,1,34.752,1
2903951,12,PROVOR_III,A,2025-04-21T12:52:00Z,-3.5143516666666668,80.62884166666667,16.4,1,29.559,1,34.755,1
2903951,12,PROVOR_III,A,2025-04-21T12:52:00Z,-3.5143516666666668,80.62884166666667,17.5,1,29.545,1,34.755,1
2903951,12,PROVOR_III,A,2025-04-21T12:52:00Z,-3.5143516666666668,80.62884166666667,18.6,1,29.52,1,34.76,1
2903951,12,PROVOR_III,A,2025-04-21T12:52:00Z,-3.5143516666666668,80.62884166666667,19.6,1,29.494,1,34.766,1
2903951,12,PROVOR_III,A,2025-04-21T12:52:00Z,-3.5143516666666668,80.62884166666667,25.3,1,29.381,1,34.799,1
2903951,12,PROVOR_III,A,2025-04-21T12:52:00Z,-3.5143516666666668,80.62884166666667,35.2,1,29.175,1,34.864,1
2903951,12,PROVOR_III,A,2025-04-21T12:52:00Z,-3.5143516666666668,80.62884166666667,44.9,1,28.816,1,34.929,1
2903951,12,PROVOR_III,A,2025-04-21T12:52:00Z,-3.5143516666666668,80.62884166666667,54.9,1,27.544,1,35.049,1
2903951,12,PROVOR_III,A,2025-04-21T12:52:00Z,-3.5143516666666668,80.62884166666667,65.3,1,26.505,1,35.091,1
2903951,12,PROVOR_III,A,2025-04-21T12:52:00Z,-3.5143516666666668,80.62884166666667,75.0,1,25.795,1,35.102,1
2903951,12,PROVOR_III,A,2025-04-21T12:52:00Z,-3.5143516666666668,80.62884166666667,85.1,1,24.649,1,35.116,1
2903951,12,PROVOR_III,A,2025-04-21T12:52:00Z,-3.5143516666666668,80.62884166666667,95.1,1,23.304,1,35.166,1
2903951,12,PROVOR_III,A,2025-04-21T12:52:00Z,-3.5143516666666668,80.62884166666667,105.3,1,21.984,1,35.189,1
2903951,12,PROVOR_III,A,2025-04-21T12:52:00Z,-3.5143516666666668,80.62884166666667,115.2,1,20.921,1,35.198,1
2903951,12,PROVOR_III,A,2025-04-21T12:52:00Z,-3.5143516666666668,80.62884166666667,125.3,1,19.346,1,35.148,1
2903951,12,PROVOR_III,A,2025-04-21T12:52:00Z,-3.5143516666666668,80.62884166666667,135.1,1,18.044,1,35.035,1
2903951,12,PROVOR_III,A,2025-04-21T12:52:00Z,-3.5143516666666668,80.62884166666667,144.6,1,16.384,1,34.985,1
2903951,12,PROVOR_III,A,2025-04-21T12:52:00Z,-3.5143516666666668,80.62884166666667,154.9,1,15.941,1,35.018,1
2903951,12,PROVOR_III,A,2025-04-21T12:52:00Z,-3.5143516666666668,80.62884166666667,165.0,1,15.543,1,35.04,1
2903951,12,PROVOR_III,A,2025-04-21T12:52:00Z,-3.5143516666666668,80.62884166666667,174.8,1,14.649,1,35.026,1
2903951,12,PROVOR_III,A,2025-04-21T12:52:00Z,-3.5143516666666668,80.62884166666667,184.8,1,14.136,1,35.031,1
2903951,12,PROVOR_III,A,2025-04-21T12:52:00Z,-3.5143516666666668,80.62884166666667,194.7,1,13.354,1,35.022,1
2903951,12,PROVOR_III,A,2025-04-21T12:52:00Z,-3.5143516666666668,80.62884166666667,210.0,1,13.159,1,35.031,1
2903951,12,PROVOR_III,A,2025-04-21T12:52:00Z,-3.5143516666666668,80.62884166666667,230.3,1,12.821,1,35.058,1
2903951,12,PROVOR_III,A,2025-04-21T12:52:00Z,-3.5143516666666668,80.62884166666667,250.0,1,12.441,1,35.048,1
2903951,12,PROVOR_III,A,2025-04-21T12:52:00Z,-3.5143516666666668,80.62884166666667,270.3,1,12.096,1,35.033,1
2903951,12,PROVOR_III,A,2025-04-21T12:52:00Z,-3.5143516666666668,80.62884166666667,290.0,1,11.796,1,35.019,1
2903951,12,PROVOR_III,A,2025-04-21T12:52:00Z,-3.5143516666666668,80.62884166666667,309.8,1,11.603,1,35.01,1
2903951,12,PROVOR_III,A,2025-04-21T12:52:00Z,-3.5143516666666668,80.62884166666667,330.1,1,11.343,1,35.004,1
2903951,12,PROVOR_III,A,2025-04-21T12:52:00Z,-3.5143516666666668,80.62884166666667,350.3,1,10.96,1,34.968,1
2903951,12,PROVOR_III,A,2025-04-21T12:52:00Z,-3.5143516666666668,80.62884166666667,369.8,1,10.749,1,34.954,1
2903951,12,PROVOR_III,A,2025-04-21T12:52:00Z,-3.5143516666666668,80.62884166666667,390.0,1,10.561,1,34.942,1
2903951,12,PROVOR_III,A,2025-04-21T12:52:00Z,-3.5143516666666668,80.62884166666667,410.1,1,10.362,1,34.941,1
2903951,12,PROVOR_III,A,2025-04-21T12:52:00Z,-3.5143516666666668,80.62884166666667,430.1,1,10.168,1,34.923,1
2903951,12,PROVOR_III,A,2025-04-21T12:52:00Z,-3.5143516666666668,80.62884166666667,450.2,1,9.925,1,34.897,1
2903951,12,PROVOR_III,A,2025-04-21T12:52:00Z,-3.5143516666666668,80.62884166666667,470.2,1,9.754,1,34.893,1
2903951,12,PROVOR_III,A,2025-04-21T12:52:00Z,-3.5143516666666668,80.62884166666667,490.2,1,9.563,1,34.882,1
2903951,12,PROVOR_III,A,2025-04-21T12:52:00Z,-3.5143516666666668,80.62884166666667,512.3,1,9.333,1,34.87,1
2903951,12,PROVOR_III,A,2025-04-21T12:52:00Z,-3.5143516666666668,80.62884166666667,537.5,1,9.127,1,34.869,1
2903951,12,PROVOR_III,A,2025-04-21T12:52:00Z,-3.5143516666666668,80.62884166666667,562.7,1,8.911,1,34.876,1
2903951,12,PROVOR_III,A,2025-04-21T12:52:00Z,-3.5143516666666668,80.62884166666667,587.6,1,8.697,1,34.883,1
2903951,12,PROVOR_III,A,2025-04-21T12:52:00Z,-3.5143516666666668,80.62884166666667,612.8,1,8.622,1,34.894,1
2903951,12,PROVOR_III,A,2025-04-21T12:52:00Z,-3.5143516666666668,80.62884166666667,637.4,1,8.343,1,34.876,1
2903951,12,PROVOR_III,A,2025-04-21T12:52:00Z,-3.5143516666666668,80.62884166666667,662.4,1,8.123,1,34.864,1
2903951,12,PROVOR_III,A,2025-04-21T12:52:00Z,-3.5143516666666668,80.62884166666667,687.5,1,8.073,1,34.876,1
2903951,12,PROVOR_III,A,2025-04-21T12:52:00Z,-3.5143516666666668,80.62884166666667,712.6,1,7.883,1,34.861,1
2903951,12,PROVOR_III,A,2025-04-21T12:52:00Z,-3.5143516666666668,80.62884166666667,737.5,1,7.76,1,34.867,1
2903951,12,PROVOR_III,A,2025-04-21T12:52:00Z,-3.5143516666666668,80.62884166666667,762.6,1,7.815,1,34.907,1
2903951,12,PROVOR_III,A,2025-04-21T12:52:00Z,-3.5143516666666668,80.62884166666667,787.5,1,7.752,1,34.928,1
2903951,12,PROVOR_III,A,2025-04-21T12:52:00Z,-3.5143516666666668,80.62884166666667,812.4,1,7.58,1,34.918,1
2903951,12,PROVOR_III,A,2025-04-21T12:52:00Z,-3.5143516666666668,80.62884166666667,837.5,1,7.409,1,34.913,1
2903951,12,PROVOR_III,A,2025-04-21T12:52:00Z,-3.5143516666666668,80.62884166666667,862.7,1,7.394,1,34.938,1
2903951,12,PROVOR_III,A,2025-04-21T12:52:00Z,-3.5143516666666668,80.62884166666667,887.6,1,7.28,1,34.931,1
2903951,12,PROVOR_III,A,2025-04-21T12:52:00Z,-3.5143516666666668,80.62884166666667,912.5,1,7.104,1,34.914,1
2903951,12,PROVOR_III,A,2025-04-21T12:52:00Z,-3.5143516666666668,80.62884166666667,937.4,1,6.947,1,34.904,1
2903951,12,PROVOR_III,A,2025-04-21T12:52:00Z,-3.5143516666666668,80.62884166666667,962.3,1,6.651,1,34.874,1
2903951,12,PROVOR_III,A,2025-04-21T12:52:00Z,-3.5143516666666668,80.62884166666667,987.3,1,6.291,1,34.839,1
2903951,12,PROVOR_III,A,2025-04-21T12:52:00Z,-3.5143516666666668,80.62884166666667,1024.9,1,6.14,1,34.84,1
2903951,12,PROVOR_III,A,2025-04-21T12:52:00Z,-3.5143516666666668,80.62884166666667,1075.1,1,5.85,1,34.835,1
2903951,12,PROVOR_III,A,2025-04-21T12:52:00Z,-3.5143516666666668,80.62884166666667,1124.8,1,5.646,1,34.834,1
2903951,12,PROVOR_III,A,2025-04-21T12:52:00Z,-3.5143516666666668,80.62884166666667,1175.1,1,5.403,1,34.827,1
2903951,12,PROVOR_III,A,2025-04-21T12:52:00Z,-3.5143516666666668,80.62884166666667,1225.0,1,5.244,1,34.826,1
2903951,12,PROVOR_III,A,2025-04-21T12:52:00Z,-3.5143516666666668,80.62884166666667,1276.8,1,4.921,1,34.807,1
2903951,12,PROVOR_III,A,2025-04-21T12:52:00Z,-3.5143516666666668,80.62884166666667,1324.7,1,4.704,1,34.806,1
2903951,12,PROVOR_III,A,2025-04-21T12:52:00Z,-3.5143516666666668,80.62884166666667,1374.8,1,4.515,1,34.807,1
2903951,12,PROVOR_III,A,2025-04-21T12:52:00Z,-3.5143516666666668,80.62884166666667,1424.9,1,4.279,1,34.802,1
2903951,12,PROVOR_III,A,2025-04-21T12:52:00Z,-3.5143516666666668,80.62884166666667,1476.0,1,4.059,1,34.8,1
2903951,12,PROVOR_III,A,2025-04-21T12:52:00Z,-3.5143516666666668,80.62884166666667,1524.4,1,3.838,1,34.796,1
2903951,12,PROVOR_III,A,2025-04-21T12:52:00Z,-3.5143516666666668,80.62884166666667,1574.9,1,3.665,1,34.793,1
2903951,12,PROVOR_III,A,2025-04-21T12:52:00Z,-3.5143516666666668,80.62884166666667,1624.8,1,3.546,1,34.791,1
2903951,12,PROVOR_III,A,2025-04-21T12:52:00Z,-3.5143516666666668,80.62884166666667,1675.8,1,3.385,1,34.787,1
2903951,12,PROVOR_III,A,2025-04-21T12:52:00Z,-3.5143516666666668,80.62884166666667,1724.6,1,3.246,1,34.785,1
2903951,12,PROVOR_III,A,2025-04-21T12:52:00Z,-3.5143516666666668,80.62884166666667,1774.8,1,3.088,1,34.78,1
2903951,12,PROVOR_III,A,2025-04-21T12:52:00Z,-3.5143516666666668,80.62884166666667,1825.5,1,2.925,1,34.777,1
2903951,12,PROVOR_III,A,2025-04-21T12:52:00Z,-3.5143516666666668,80.62884166666667,1875.1,1,2.82,1,34.774,1
2903951,12,PROVOR_III,A,2025-04-21T12:52:00Z,-3.5143516666666668,80.62884166666667,1925.5,1,2.723,1,34.772,1
2903951,12,PROVOR_III,A,2025-04-21T12:52:00Z,-3.5143516666666668,80.62884166666667,1963.2,1,2.628,1,34.769,1
2903988,7,ARVOR,A,2025-03-27T14:11:21Z,13.85,85.85,0.3,1,30.615,3,33.343,3
2903988,7,ARVOR,A,2025-03-27T14:11:21Z,13.85,85.85,1.0,1,30.605,3,33.276,3
2903988,7,ARVOR,A,2025-03-27T14:11:21Z,13.85,85.85,1.9,1,30.426,3,33.303,3
2903988,7,ARVOR,A,2025-03-27T14:11:21Z,13.85,85.85,2.8,1,29.955,1,33.592,1
2903988,7,ARVOR,A,2025-03-27T14:11:21Z,13.85,85.85,3.9,1,29.809,1,33.689,1
2903988,7,ARVOR,A,2025-03-27T14:11:21Z,13.85,85.85,4.9,1,29.776,1,33.708,1
2903988,7,ARVOR,A,2025-03-27T14:11:21Z,13.85,85.85,6.1,1,29.749,1,33.707,1
2903988,7,ARVOR,A,2025-03-27T14:11:21Z,13.85,85.85,6.8,1,29.736,1,33.708,1
2903988,7,ARVOR,A,2025-03-27T14:11:21Z,13.85,85.85,7.9,1,29.723,1,33.707,1
2903988,7,ARVOR,A,2025-03-27T14:11:21Z,13.85,85.85,9.0,1,29.715,1,33.705,1
2903988,7,ARVOR,A,2025-03-27T14:11:21Z,13.85,85.85,9.8,1,29.705,1,33.703,1
2903988,7,ARVOR,A,2025-03-27T14:11:21Z,13.85,85.85,15.2,1,29.628,1,33.696,1
2903988,7,ARVOR,A,2025-03-27T14:11:21Z,13.85,85.85,25.3,1,29.566,1,33.713,1
2903988,7,ARVOR,A,2025-03-27T14:11:21Z,13.85,85.85,35.1,1,29.517,1,33.772,1
2903988,7,ARVOR,A,2025-03-27T14:11:21Z,13.85,85.85,45.1,1,29.259,1,33.842,1
2903988,7,ARVOR,A,2025-03-27T14:11:21Z,13.85,85.85,55.5,1,28.784,1,34.025,1
2903988,7,ARVOR,A,2025-03-27T14:11:21Z,13.85,85.85,65.5,1,28.356,1,34.091,1
2903988,7,ARVOR,A,2025-03-27T14:11:21Z,13.85,85.85,75.6,1,28.159,1,34.44,1
2903988,7,ARVOR,A,2025-03-27T14:11:21Z,13.85,85.85,85.4,1,26.12,1,34.499,1
2903988,7,ARVOR,A,2025-03-27T14:11:21Z,13.85,85.85,94.6,1,24.272,1,34.625,1
2903988,7,ARVOR,A,2025-03-27T14:11:21Z,13.85,85.85,105.4,1,22.815,1,34.766,1
2903988,7,ARVOR,A,2025-03-27T14:11:21Z,13.85,85.85,115.0,1,21.976,1,34.838,1
2903988,7,ARVOR,A,2025-03-27T14:11:21Z,13.85,85.85,125.2,1,20.788,1,34.858,1
2903988,7,ARVOR,A,2025-03-27T14:11:21Z,13.85,85.85,135.6,1,19.971,1,34.934,1
2903988,7,ARVOR,A,2025-03-27T14:11:21Z,13.85,85.85,145.7,1,19.206,1,34.896,1
2903988,7,ARVOR,A,2025-03-27T14:11:21Z,13.85,85.85,155.2,1,18.909,1,34.965,1
2903988,7,ARVOR,A,2025-03-27T14:11:21Z,13.85,85.85,165.2,1,19.024,1,35.172,1
2903988,7,ARVOR,A,2025-03-27T14:11:21Z,13.85,85.85,175.3,1,18.974,1,35.214,1
2903988,7,ARVOR,A,2025-03-27T14:11:21Z,13.85,85.85,185.6,1,18.666,1,35.199,1
2903988,7,ARVOR,A,2025-03-27T14:11:21Z,13.85,85.85,195.7,1,18.363,1,35.17,1
2903988,7,ARVOR,A,2025-03-27T14:11:21Z,13.85,85.85,212.4,1,16.892,1,34.972,1
2903988,7,ARVOR,A,2025-03-27T14:11:21Z,13.85,85.85,238.5,1,15.334,1,34.956,1
2903988,7,ARVOR,A,2025-03-27T14:11:21Z,13.85,85.85,262.4,1,14.295,1,34.97,1
2903988,7,ARVOR,A,2025-03-27T14:11:21Z,13.85,85.85,287.4,1,13.211,1,34.998,1
2903988,7,ARVOR,A,2025-03-27T14:11:21Z,13.85,85.85,313.4,1,12.508,1,35.014,1
2903988,7,ARVOR,A,2025-03-27T14:11:21Z,13.85,85.85,337.9,1,12.051,1,35.024,1
2903988,7,ARVOR,A,2025-03-27T14:11:21Z,13.85,85.85,362.7,1,11.693,1,35.034,1
2903988,7,ARVOR,A,2025-03-27T14:11:21Z,13.85,85.85,387.4,1,11.382,1,35.034,1
2903988,7,ARVOR,A,2025-03-27T14:11:21Z,13.85,85.85,412.4,1,11.118,1,35.033,1
2903988,7,ARVOR,A,2025-03-27T14:11:21Z,13.85,85.85,437.8,1,10.88,1,35.033,1
2903988,7,ARVOR,A,2025-03-27T14:11:21Z,13.85,85.85,462.8,1,10.707,1,35.036,1
2903988,7,ARVOR,A,2025-03-27T14:11:21Z,13.85,85.85,487.5,1,10.505,1,35.036,1
2903988,7,ARVOR,A,2025-03-27T14:11:21Z,13.85,85.85,512.4,1,10.291,1,35.033,1
2903988,7,ARVOR,A,2025-03-27T14:11:21Z,13.85,85.85,537.4,1,10.07,1,35.031,1
2903988,7,ARVOR,A,2025-03-27T14:11:21Z,13.85,85.85,562.9,1,9.837,1,35.027,1
2903988,7,ARVOR,A,2025-03-27T14:11:21Z,13.85,85.85,588.1,1,9.647,1,35.023,1
2903988,7,ARVOR,A,2025-03-27T14:11:21Z,13.85,85.85,612.9,1,9.484,1,35.02,1
2903988,7,ARVOR,A,2025-03-27T14:11:21Z,13.85,85.85,638.2,1,9.297,1,35.015,1
2903988,7,ARVOR,A,2025-03-27T14:11:21Z,13.85,85.85,663.4,1,9.079,1,35.009,1
2903988,7,ARVOR,A,2025-03-27T14:11:21Z,13.85,85.85,688.8,1,8.871,1,35.003,1
2903988,7,ARVOR,A,2025-03-27T14:11:21Z,13.85,85.85,712.5,1,8.651,1,34.997,1
2903988,7,ARVOR,A,2025-03-27T14:11:21Z,13.85,85.85,737.5,1,8.458,1,34.991,1
2903988,7,ARVOR,A,2025-03-27T14:11:21Z,13.85,85.85,762.5,1,8.335,1,34.988,1
2903988,7,ARVOR,A,2025-03-27T14:11:21Z,13.85,85.85,788.0,1,8.186,1,34.983,1
2903988,7,ARVOR,A,2025-03-27T14:11:21Z,13.85,85.85,813.3,1,8.076,1,34.98,1
2903988,7,ARVOR,A,2025-03-27T14:11:21Z,13.85,85.85,838.1,1,7.971,1,34.978,1
2903988,7,ARVOR,A,2025-03-27T14:11:21Z,13.85,85.85,863.2,1,7.837,1,34.973,1
2903988,7,ARVOR,A,2025-03-27T14:11:21Z,13.85,85.85,888.3,1,7.688,1,34.969,1
2903988,7,ARVOR,A,2025-03-27T14:11:21Z,13.85,85.85,913.0,1,7.512,1,34.962,1
2903988,7,ARVOR,A,2025-03-27T14:11:21Z,13.85,85.85,937.7,1,7.318,1,34.955,1
2903988,7,ARVOR,A,2025-03-27T14:11:21Z,13.85,85.85,962.7,1,7.139,1,34.949,1
2903988,7,ARVOR,A,2025-03-27T14:11:21Z,13.85,85.85,987.5,1,6.954,1,34.943,1
2903988,7,ARVOR,A,2025-03-27T14:11:21Z,13.85,85.85,1012.7,1,6.811,1,34.939,1
2903988,7,ARVOR,A,2025-03-27T14:11:21Z,13.85,85.85,1038.0,1,6.679,1,34.934,1
2903988,7,ARVOR,A,2025-03-27T14:11:21Z,13.85,85.85,1062.7,1,6.564,1,34.93,1
2903988,7,ARVOR,A,2025-03-27T14:11:21Z,13.85,85.85,1087.8,1,6.446,1,34.925,1
2903988,7,ARVOR,A,2025-03-27T14:11:21Z,13.85,85.85,1113.1,1,6.346,1,34.921,1
2903988,7,ARVOR,A,2025-03-27T14:11:21Z,13.85,85.85,1138.2,1,6.233,1,34.916,1
2903988,7,ARVOR,A,2025-03-27T14:11:21Z,13.85,85.85,1163.2,1,6.099,1,34.911,1
2903988,7,ARVOR,A,2025-03-27T14:11:21Z,13.85,85.85,1187.9,1,5.987,1,34.907,1
2903988,7,ARVOR,A,2025-03-27T14:11:21Z,13.85,85.85,1212.9,1,5.894,1,34.903,1
2903988,7,ARVOR,A,2025-03-27T14:11:21Z,13.85,85.85,1237.3,1,5.81,1,34.9,1
2903988,7,ARVOR,A,2025-03-27T14:11:21Z,13.85,85.85,1262.4,1,5.71,1,34.896,1
2903988,7,ARVOR,A,2025-03-27T14:11:21Z,13.85,85.85,1287.8,1,5.591,1,34.891,1
2903988,7,ARVOR,A,2025-03-27T14:11:21Z,13.85,85.85,1313.1,1,5.475,1,34.887,1
2903988,7,ARVOR,A,2025-03-27T14:11:21Z,13.85,85.85,1337.8,1,5.392,1,34.884,1
2903988,7,ARVOR,A,2025-03-27T14:11:21Z,13.85,85.85,1362.7,1,5.298,1,34.881,1
2903988,7,ARVOR,A,2025-03-27T14:11:21Z,13.85,85.85,1388.1,1,5.193,1,34.876,1
2903988,7,ARVOR,A,2025-03-27T14:11:21Z,13.85,85.85,1413.2,1,5.086,1,34.872,1
2903988,7,ARVOR,A,2025-03-27T14:11:21Z,13.85,85.85,1438.0,1,4.994,1,34.868,1
2903988,7,ARVOR,A,2025-03-27T14:11:21Z,13.85,85.85,1462.8,1,4.882,1,34.865,1
2903988,7,ARVOR,A,2025-03-27T14:11:21Z,13.85,85.85,1487.9,1,4.761,1,34.86,1
2903988,7,ARVOR,A,2025-03-27T14:11:21Z,13.85,85.85,1512.7,1,4.651,1,34.856,1
2903988,7,ARVOR,A,2025-03-27T14:11:21Z,13.85,85.85,1537.9,1,4.554,1,34.852,1
2903988,7,ARVOR,A,2025-03-27T14:11:21Z,13.85,85.85,1563.5,1,4.451,1,34.848,1
2903988,7,ARVOR,A,2025-03-27T14:11:21Z,13.85,85.85,1587.4,1,4.347,1,34.844,1
2903988,7,ARVOR,A,2025-03-27T14:11:21Z,13.85,85.85,1612.5,1,4.236,1,34.839,1
2903988,7,ARVOR,A,2025-03-27T14:11:21Z,13.85,85.85,1637.7,1,4.12,1,34.835,1
2903988,7,ARVOR,A,2025-03-27T14:11:21Z,13.85,85.85,1663.0,1,3.993,1,34.829,1
2903988,7,ARVOR,A,2025-03-27T14:11:21Z,13.85,85.85,1688.0,1,3.87,1,34.824,1
2903988,7,ARVOR,A,2025-03-27T14:11:21Z,13.85,85.85,1712.7,1,3.766,1,34.82,1
2903988,7,ARVOR,A,2025-03-27T14:11:21Z,13.85,85.85,1737.8,1,3.67,1,34.816,1
2903988,7,ARVOR,A,2025-03-27T14:11:21Z,13.85,85.85,1762.6,1,3.558,1,34.812,1
2903988,7,ARVOR,A,2025-03-27T14:11:21Z,13.85,85.85,1787.7,1,3.46,1,34.807,1
2903988,7,ARVOR,A,2025-03-27T14:11:21Z,13.85,85.85,1812.9,1,3.367,1,34.803,1
2903988,7,ARVOR,A,2025-03-27T14:11:21Z,13.85,85.85,1837.9,1,3.28,1,34.8,1
2903988,7,ARVOR,A,2025-03-27T14:11:21Z,13.85,85.85,1863.1,1,3.213,1,34.797,1
2903988,7,ARVOR,A,2025-03-27T14:11:21Z,13.85,85.85,1888.6,1,3.14,1,34.794,1
2903988,7,ARVOR,A,2025-03-27T14:11:21Z,13.85,85.85,1912.8,1,3.089,1,34.791,1
2903988,7,ARVOR,A,2025-03-27T14:11:21Z,13.85,85.85,1938.0,1,3.012,1,34.788,1
2903988,7,ARVOR,A,2025-03-27T14:11:21Z,13.85,85.85,1962.7,1,2.948,1,34.786,1
2903988,7,ARVOR,A,2025-03-27T14:11:21Z,13.85,85.85,1987.8,1,2.895,1,34.783,1
2903988,7,ARVOR,A,2025-03-27T14:11:21Z,13.85,85.85,2012.4,1,2.846,1,34.781,1
3902669,4,ARVOR,A,2025-03-31T15:00:20Z,19.666666666666668,64.65,0.1,1,27.404,1,36.439,1
3902669,4,ARVOR,A,2025-03-31T15:00:20Z,19.666666666666668,64.65,0.9,1,27.426,1,36.425,1
3902669,4,ARVOR,A,2025-03-31T15:00:20Z,19.666666666666668,64.65,1.8,1,27.421,1,36.426,1
3902669,4,ARVOR,A,2025-03-31T15:00:20Z,19.666666666666668,64.65,2.7,1,27.414,1,36.429,1
3902669,4,ARVOR,A,2025-03-31T15:00:20Z,19.666666666666668,64.65,3.7,1,27.408,1,36.435,1
3902669,4,ARVOR,A,2025-03-31T15:00:20Z,19.666666666666668,64.65,4.8,1,27.422,1,36.431,1
3902669,4,ARVOR,A,2025-03-31T15:00:20Z,19.666666666666668,64.65,5.7,1,27.419,1,36.431,1
3902669,4,ARVOR,A,2025-03-31T15:00:20Z,19.666666666666668,64.65,6.8,1,27.419,1,36.43,1
3902669,4,ARVOR,A,2025-03-31T15:00:20Z,19.666666666666668,64.65,7.9,1,27.421,1,36.43,1
3902669,4,ARVOR,A,2025-03-31T15:00:20Z,19.666666666666668,64.65,9.0,1,27.422,1,36.432,1
3902669,4,ARVOR,A,2025-03-31T15:00:20Z,19.666666666666668,64.65,10.0,1,27.421,1,36.43,1
3902669,4,ARVOR,A,2025-03-31T15:00:20Z,19.666666666666668,64.65,15.7,1,27.369,1,36.427,1
3902669,4,ARVOR,A,2025-03-31T15:00:20Z,19.666666666666668,64.65,25.1,1,26.793,1,36.362,1
3902669,4,ARVOR,A,2025-03-31T15:00:20Z,19.666666666666668,64.65,35.9,1,25.138,1,36.25,1
3902669,4,ARVOR,A,2025-03-31T15:00:20Z,19.666666666666668,64.65,45.1,1,24.503,1,36.215,1
3902669,4,ARVOR,A,2025-03-31T15:00:20Z,19.666666666666668,64.65,55.1,1,24.583,1,36.43,1
3902669,4,ARVOR,A,2025-03-31T15:00:20Z,19.666666666666668,64.65,65.0,1,24.272,1,36.39,1
3902669,4,ARVOR,A,2025-03-31T15:00:20Z,19.666666666666668,64.65,75.0,1,24.135,1,36.396,1
3902669,4,ARVOR,A,2025-03-31T15:00:20Z,19.666666666666668,64.65,85.3,1,24.116,1,36.442,1
3902669,4,ARVOR,A,2025-03-31T15:00:20Z,19.666666666666668,64.65,95.5,1,24.111,1,36.49,1
3902669,4,ARVOR,A,2025-03-31T15:00:20Z,19.666666666666668,64.65,105.5,1,23.676,1,36.418,1
3902669,4,ARVOR,A,2025-03-31T15:00:20Z,19.666666666666668,64.65,115.6,1,22.225,1,36.07,1
3902669,4,ARVOR,A,2025-03-31T15:00:20Z,19.666666666666668,64.65,125.7,1,21.297,1,35.931,1
3902669,4,ARVOR,A,2025-03-31T15:00:20Z,19.666666666666668,64.65,135.1,1,20.829,1,35.879,1
3902669,4,ARVOR,A,2025-03-31T15:00:20Z,19.666666666666668,64.65,145.1,1,20.56,1,35.94,1
3902669,4,ARVOR,A,2025-03-31T15:00:20Z,19.666666666666668,64.65,155.5,1,20.242,1,35.973,1
3902669,4,ARVOR,A,2025-03-31T15:00:20Z,19.666666666666668,64.65,165.3,1,19.958,1,36.044,1
3902669,4,ARVOR,A,2025-03-31T15:00:20Z,19.666666666666668,64.65,175.3,1,19.397,1,36.042,1
3902669,4,ARVOR,A,2025-03-31T15:00:20Z,19.666666666666668,64.65,185.6,1,19.16,1,36.08,1
3902669,4,ARVOR,A,2025-03-31T15:00:20Z,19.666666666666668,64.65,195.2,1,19.154,1,36.223,1
3902669,4,ARVOR,A,2025-03-31T15:00:20Z,19.666666666666668,64.65,212.9,1,18.306,1,36.217,1
3902669,4,ARVOR,A,2025-03-31T15:00:20Z,19.666666666666668,64.65,236.9,1,17.176,1,36.13,1
3902669,4,ARVOR,A,2025-03-31T15:00:20Z,19.666666666666668,64.65,262.9,1,16.22,1,36.036,1
3902669,4,ARVOR,A,2025-03-31T15:00:20Z,19.666666666666668,64.65,288.0,1,15.361,1,35.909,1
3902669,4,ARVOR,A,2025-03-31T15:00:20Z,19.666666666666668,64.65,312.4,1,14.838,1,35.833,1
3902669,4,ARVOR,A,2025-03-31T15:00:20Z,19.666666666666668,64.65,338.1,1,14.738,1,35.869,1
3902669,4,ARVOR,A,2025-03-31T15:00:20Z,19.666666666666668,64.65,363.2,1,14.476,1,35.888,1
3902669,4,ARVOR,A,2025-03-31T15:00:20Z,19.666666666666668,64.65,387.3,1,14.018,1,35.844,1
3902669,4,ARVOR,A,2025-03-31T15:00:20Z,19.666666666666668,64.65,413.3,1,13.672,1,35.808,1
3902669,4,ARVOR,A,2025-03-31T15:00:20Z,19.666666666666668,64.65,437.9,1,13.329,1,35.765,1
3902669,4,ARVOR,A,2025-03-31T15:00:20Z,19.666666666666668,64.65,463.3,1,13.087,1,35.741,1
3902669,4,ARVOR,A,2025-03-31T15:00:20Z,19.666666666666668,64.65,488.1,1,12.968,1,35.745,1
3902669,4,ARVOR,A,2025-03-31T15:00:20Z,19.666666666666668,64.65,512.7,1,12.783,1,35.728,1
3902669,4,ARVOR,A,2025-03-31T15:00:20Z,19.666666666666668,64.65,538.0,1,12.583,1,35.71,1
3902669,4,ARVOR,A,2025-03-31T15:00:20Z,19.666666666666668,64.65,562.9,1,12.365,1,35.692,1
3902669,4,ARVOR,A,2025-03-31T15:00:20Z,19.666666666666668,64.65,587.7,1,12.136,1,35.671,1
3902669,4,ARVOR,A,2025-03-31T15:00:20Z,19.666666666666668,64.65,612.9,1,11.947,1,35.665,1
3902669,4,ARVOR,A,2025-03-31T15:00:20Z,19.666666666666668,64.65,637.9,1,11.77,1,35.659,1
3902669,4,ARVOR,A,2025-03-31T15:00:20Z,19.666666666666668,64.65,663.1,1,11.592,1,35.643,1
3902669,4,ARVOR,A,2025-03-31T15:00:20Z,19.666666666666668,64.65,688.4,1,11.389,1,35.624,1
3902669,4,ARVOR,A,2025-03-31T15:00:20Z,19.666666666666668,64.65,713.4,1,11.185,1,35.605,1
3902669,4,ARVOR,A,2025-03-31T15:00:20Z,19.666666666666668,64.65,737.8,1,11.023,1,35.59,1
3902669,4,ARVOR,A,2025-03-31T15:00:20Z,19.666666666666668,64.65,762.9,1,10.883,1,35.579,1
3902669,4,ARVOR,A,2025-03-31T15:00:20Z,19.666666666666668,64.65,787.7,1,10.771,1,35.573,1
3902669,4,ARVOR,A,2025-03-31T15:00:20Z,19.666666666666668,64.65,812.5,1,10.573,1,35.554,1
3902669,4,ARVOR,A,2025-03-31T15:00:20Z,19.666666666666668,64.65,837.9,1,10.38,1,35.535,1
3902669,4,ARVOR,A,2025-03-31T15:00:20Z,19.666666666666668,64.65,863.2,1,10.124,1,35.503,1
3902669,4,ARVOR,A,2025-03-31T15:00:20Z,19.666666666666668,64.65,888.2,1,9.9,1,35.475,1
3902669,4,ARVOR,A,2025-03-31T15:00:20Z,19.666666666666668,64.65,913.1,1,9.709,1,35.455,1
3902669,4,ARVOR,A,2025-03-31T15:00:20Z,19.666666666666668,64.65,937.7,1,9.51,1,35.433,1
3902669,4,ARVOR,A,2025-03-31T15:00:20Z,19.666666666666668,64.65,962.8,1,9.273,1,35.407,1
3902669,4,ARVOR,A,2025-03-31T15:00:20Z,19.666666666666668,64.65,988.0,1,9.089,1,35.387,1
3902669,4,ARVOR,A,2025-03-31T15:00:20Z,19.666666666666668,64.65,1012.9,1,8.927,1,35.371,1
3902669,4,ARVOR,A,2025-03-31T15:00:20Z,19.666666666666668,64.65,1038.0,1,8.731,1,35.348,1
3902669,4,ARVOR,A,2025-03-31T15:00:20Z,19.666666666666668,64.65,1062.8,1,8.61,1,35.346,1
3902669,4,ARVOR,A,2025-03-31T15:00:20Z,19.666666666666668,64.65,1087.9,1,8.481,1,35.337,1
3902669,4,ARVOR,A,2025-03-31T15:00:20Z,19.666666666666668,64.65,1113.2,1,8.312,1,35.32,1
3902669,4,ARVOR,A,2025-03-31T15:00:20Z,19.666666666666668,64.65,1138.0,1,8.153,1,35.307,1
3902669,4,ARVOR,A,2025-03-31T15:00:20Z,19.666666666666668,64.65,1162.9,1,7.941,1,35.283,1
3902669,4,ARVOR,A,2025-03-31T15:00:20Z,19.666666666666668,64.65,1188.3,1,7.755,1,35.263,1
3902669,4,ARVOR,A,2025-03-31T15:00:20Z,19.666666666666668,64.65,1212.6,1,7.571,1,35.244,1
3902669,4,ARVOR,A,2025-03-31T15:00:20Z,19.666666666666668,64.65,1237.4,1,7.396,1,35.225,1
3902669,4,ARVOR,A,2025-03-31T15:00:20Z,19.666666666666668,64.65,1262.8,1,7.249,1,35.209,1
3902669,4,ARVOR,A,2025-03-31T15:00:20Z,19.666666666666668,64.65,1288.0,1,7.127,1,35.197,1
3902669,4,ARVOR,A,2025-03-31T15:00:20Z,19.666666666666668,64.65,1312.7,1,7.009,1,35.185,1
3902669,4,ARVOR,A,2025-03-31T15:00:20Z,19.666666666666668,64.65,1337.7,1,6.861,1,35.17,1
3902669,4,ARVOR,A,2025-03-31T15:00:20Z,19.666666666666668,64.65,1362.6,1,6.718,1,35.158,1
3902669,4,ARVOR,A,2025-03-31T15:00:20Z,19.666666666666668,64.65,1387.4,1,6.545,1,35.14,1
3902669,4,ARVOR,A,2025-03-31T15:00:20Z,19.666666666666668,64.65,1412.5,1,6.421,1,35.128,1
3902669,4,ARVOR,A,2025-03-31T15:00:20Z,19.666666666666668,64.65,1437.8,1,6.259,1,35.112,1
3902669,4,ARVOR,A,2025-03-31T15:00:20Z,19.666666666666668,64.65,1462.7,1,6.086,1,35.094,1
3902669,4,ARVOR,A,2025-03-31T15:00:20Z,19.666666666666668,64.65,1488.3,1,5.931,1,35.079,1
3902669,4,ARVOR,A,2025-03-31T15:00:20Z,19.666666666666668,64.65,1512.8,1,5.763,1,35.063,1
3902669,4,ARVOR,A,2025-03-31T15:00:20Z,19.666666666666668,64.65,1538.1,1,5.621,1,35.05,1
3902669,4,ARVOR,A,2025-03-31T15:00:20Z,19.666666666666668,64.65,1563.0,1,5.488,1,35.037,1
3902669,4,ARVOR,A,2025-03-31T15:00:20Z,19.666666666666668,64.65,1588.1,1,5.336,1,35.023,1
3902669,4,ARVOR,A,2025-03-31T15:00:20Z,19.666666666666668,64.65,1613.1,1,5.171,1,35.008,1
3902669,4,ARVOR,A,2025-03-31T15:00:20Z,19.666666666666668,64.65,1637.8,1,5.034,1,34.995,1
3902669,4,ARVOR,A,2025-03-31T15:00:20Z,19.666666666666668,64.65,1662.5,1,4.895,1,34.983,1
3902669,4,ARVOR,A,2025-03-31T15:00:20Z,19.666666666666668,64.65,1687.5,1,4.74,1,34.969,1
3902669,4,ARVOR,A,2025-03-31T15:00:20Z,19.666666666666668,64.65,1712.5,1,4.578,1,34.954,1
3902669,4,ARVOR,A,2025-03-31T15:00:20Z,19.666666666666668,64.65,1737.6,1,4.427,1,34.941,1
3902669,4,ARVOR,A,2025-03-31T15:00:20Z,19.666666666666668,64.65,1762.7,1,4.307,1,34.93,1
3902669,4,ARVOR,A,2025-03-31T15:00:20Z,19.666666666666668,64.65,1787.9,1,4.217,1,34.922,1
3902669,4,ARVOR,A,2025-03-31T15:00:20Z,19.666666666666668,64.65,1813.1,1,4.122,1,34.913,1
3902669,4,ARVOR,A,2025-03-31T15:00:20Z,19.666666666666668,64.65,1838.2,1,3.991,1,34.901,1
3902669,4,ARVOR,A,2025-03-31T15:00:20Z,19.666666666666668,64.65,1863.0,1,3.859,1,34.89,1
3902669,4,ARVOR,A,2025-03-31T15:00:20Z,19.666666666666668,64.65,1888.2,1,3.751,1,34.881,1
3902669,4,ARVOR,A,2025-03-31T15:00:20Z,19.666666666666668,64.65,1913.3,1,3.654,1,34.872,1
3902669,4,ARVOR,A,2025-03-31T15:00:20Z,19.666666666666668,64.65,1937.7,1,3.553,1,34.863,1
3902669,4,ARVOR,A,2025-03-31T15:00:20Z,19.666666666666668,64.65,1963.1,1,3.452,1,34.855,1
3902669,4,ARVOR,A,2025-03-31T15:00:20Z,19.666666666666668,64.65,1977.1,1,3.408,1,34.851,1
4903869,3,ARVOR,A,2025-03-26T14:04:19Z,15.666666666666666,87.3,0.1,1,29.447,3,32.247,3
4903869,3,ARVOR,A,2025-03-26T14:04:19Z,15.666666666666666,87.3,0.9,1,29.462,3,32.188,3
4903869,3,ARVOR,A,2025-03-26T14:04:19Z,15.666666666666666,87.3,1.8,1,29.45,3,32.114,3
4903869,3,ARVOR,A,2025-03-26T14:04:19Z,15.666666666666666,87.3,2.8,1,29.259,3,32.195,3
4903869,3,ARVOR,A,2025-03-26T14:04:19Z,15.666666666666666,87.3,3.9,1,29.146,1,32.264,1
4903869,3,ARVOR,A,2025-03-26T14:04:19Z,15.666666666666666,87.3,4.9,1,29.121,1,32.28,1
4903869,3,ARVOR,A,2025-03-26T14:04:19Z,15.666666666666666,87.3,6.1,1,29.098,1,32.278,1
4903869,3,ARVOR,A,2025-03-26T14:04:19Z,15.666666666666666,87.3,6.8,1,29.088,1,32.281,1
4903869,3,ARVOR,A,2025-03-26T14:04:19Z,15.666666666666666,87.3,8.0,1,29.082,1,32.284,1
4903869,3,ARVOR,A,2025-03-26T14:04:19Z,15.666666666666666,87.3,9.2,1,29.082,1,32.288,1
4903869,3,ARVOR,A,2025-03-26T14:04:19Z,15.666666666666666,87.3,9.9,1,29.072,1,32.288,1
4903869,3,ARVOR,A,2025-03-26T14:04:19Z,15.666666666666666,87.3,14.9,1,29.06,1,32.402,1
4903869,3,ARVOR,A,2025-03-26T14:04:19Z,15.666666666666666,87.3,25.8,1,28.933,1,32.754,1
4903869,3,ARVOR,A,2025-03-26T14:04:19Z,15.666666666666666,87.3,35.1,1,28.436,1,32.973,1
4903869,3,ARVOR,A,2025-03-26T14:04:19Z,15.666666666666666,87.3,44.8,1,27.914,1,33.135,1
4903869,3,ARVOR,A,2025-03-26T14:04:19Z,15.666666666666666,87.3,55.2,1,27.531,1,33.24,1
4903869,3,ARVOR,A,2025-03-26T14:04:19Z,15.666666666666666,87.3,65.1,1,27.467,1,33.48,1
4903869,3,ARVOR,A,2025-03-26T14:04:19Z,15.666666666666666,87.3,75.2,1,27.666,1,33.924,1
4903869,3,ARVOR,A,2025-03-26T14:04:19Z,15.666666666666666,87.3,85.5,1,26.568,1,34.211,1
4903869,3,ARVOR,A,2025-03-26T14:04:19Z,15.666666666666666,87.3,95.3,1,24.906,1,34.485,1
4903869,3,ARVOR,A,2025-03-26T14:04:19Z,15.666666666666666,87.3,105.5,1,23.796,1,34.706,1
4903869,3,ARVOR,A,2025-03-26T14:04:19Z,15.666666666666666,87.3,115.6,1,22.501,1,34.696,1
4903869,3,ARVOR,A,2025-03-26T14:04:19Z,15.666666666666666,87.3,125.6,1,21.568,1,34.705,1
4903869,3,ARVOR,A,2025-03-26T14:04:19Z,15.666666666666666,87.3,135.3,1,20.096,1,34.752,1
4903869,3,ARVOR,A,2025-03-26T14:04:19Z,15.666666666666666,87.3,145.3,1,18.852,1,34.817,1
4903869,3,ARVOR,A,2025-03-26T14:04:19Z,15.666666666666666,87.3,155.2,1,17.836,1,34.843,1
4903869,3,ARVOR,A,2025-03-26T14:04:19Z,15.666666666666666,87.3,165.5,1,16.974,1,34.865,1
4903869,3,ARVOR,A,2025-03-26T14:04:19Z,15.666666666666666,87.3,175.4,1,16.205,1,34.891,1
4903869,3,ARVOR,A,2025-03-26T14:04:19Z,15.666666666666666,87.3,185.2,1,15.682,1,34.911,1
4903869,3,ARVOR,A,2025-03-26T14:04:19Z,15.666666666666666,87.3,195.3,1,15.135,1,34.922,1
4903869,3,ARVOR,A,2025-03-26T14:04:19Z,15.666666666666666,87.3,213.6,1,14.254,1,34.954,1
4903869,3,ARVOR,A,2025-03-26T14:04:19Z,15.666666666666666,87.3,237.9,1,13.445,1,34.975,1
4903869,3,ARVOR,A,2025-03-26T14:04:19Z,15.666666666666666,87.3,262.5,1,12.744,1,35.0,1
4903869,3,ARVOR,A,2025-03-26T14:04:19Z,15.666666666666666,87.3,287.9,1,12.204,1,35.01,1
4903869,3,ARVOR,A,2025-03-26T14:04:19Z,15.666666666666666,87.3,313.0,1,11.869,1,35.017,1
4903869,3,ARVOR,A,2025-03-26T14:04:19Z,15.666666666666666,87.3,338.3,1,11.581,1,35.021,1
4903869,3,ARVOR,A,2025-03-26T14:04:19Z,15.666666666666666,87.3,363.1,1,11.274,1,35.023,1
4903869,3,ARVOR,A,2025-03-26T14:04:19Z,15.666666666666666,87.3,388.7,1,11.035,1,35.026,1
4903869,3,ARVOR,A,2025-03-26T14:04:19Z,15.666666666666666,87.3,412.5,1,10.844,1,35.029,1
4903869,3,ARVOR,A,2025-03-26T14:04:19Z,15.666666666666666,87.3,437.5,1,10.663,1,35.027,1
4903869,3,ARVOR,A,2025-03-26T14:04:19Z,15.666666666666666,87.3,462.9,1,10.475,1,35.025,1
4903869,3,ARVOR,A,2025-03-26T14:04:19Z,15.666666666666666,87.3,487.7,1,10.314,1,35.025,1
4903869,3,ARVOR,A,2025-03-26T14:04:19Z,15.666666666666666,87.3,512.9,1,10.155,1,35.023,1
4903869,3,ARVOR,A,2025-03-26T14:04:19Z,15.666666666666666,87.3,538.1,1,9.985,1,35.019,1
4903869,3,ARVOR,A,2025-03-26T14:04:19Z,15.666666666666666,87.3,563.0,1,9.784,1,35.014,1
4903869,3,ARVOR,A,2025-03-26T14:04:19Z,15.666666666666666,87.3,587.7,1,9.603,1,35.01,1
4903869,3,ARVOR,A,2025-03-26T14:04:19Z,15.666666666666666,87.3,612.8,1,9.378,1,35.005,1
4903869,3,ARVOR,A,2025-03-26T14:04:19Z,15.666666666666666,87.3,637.8,1,9.185,1,35.0,1
4903869,3,ARVOR,A,2025-03-26T14:04:19Z,15.666666666666666,87.3,662.8,1,9.026,1,34.997,1
4903869,3,ARVOR,A,2025-03-26T14:04:19Z,15.666666666666666,87.3,688.2,1,8.897,1,34.993,1
4903869,3,ARVOR,A,2025-03-26T14:04:19Z,15.666666666666666,87.3,712.9,1,8.762,1,34.992,1
4903869,3,ARVOR,A,2025-03-26T14:04:19Z,15.666666666666666,87.3,737.8,1,8.565,1,34.986,1
4903869,3,ARVOR,A,2025-03-26T14:04:19Z,15.666666666666666,87.3,762.7,1,8.361,1,34.98,1
4903869,3,ARVOR,A,2025-03-26T14:04:19Z,15.666666666666666,87.3,787.9,1,8.201,1,34.974,1
4903869,3,ARVOR,A,2025-03-26T14:04:19Z,15.666666666666666,87.3,812.7,1,8.063,1,34.971,1
4903869,3,ARVOR,A,2025-03-26T14:04:19Z,15.666666666666666,87.3,837.4,1,7.937,1,34.966,1
4903869,3,ARVOR,A,2025-03-26T14:04:19Z,15.666666666666666,87.3,862.6,1,7.817,1,34.963,1
4903869,3,ARVOR,A,2025-03-26T14:04:19Z,15.666666666666666,87.3,888.0,1,7.656,1,34.958,1
4903869,3,ARVOR,A,2025-03-26T14:04:19Z,15.666666666666666,87.3,913.3,1,7.497,1,34.952,1
4903869,3,ARVOR,A,2025-03-26T14:04:19Z,15.666666666666666,87.3,938.4,1,7.333,1,34.947,1
4903869,3,ARVOR,A,2025-03-26T14:04:19Z,15.666666666666666,87.3,963.0,1,7.173,1,34.941,1
4903869,3,ARVOR,A,2025-03-26T14:04:19Z,15.666666666666666,87.3,987.8,1,7.002,1,34.935,1
4903869,3,ARVOR,A,2025-03-26T14:04:19Z,15.666666666666666,87.3,1013.4,1,6.867,1,34.93,1
4903869,3,ARVOR,A,2025-03-26T14:04:19Z,15.666666666666666,87.3,1037.6,1,6.751,1,34.926,1
4903869,3,ARVOR,A,2025-03-26T14:04:19Z,15.666666666666666,87.3,1062.8,1,6.581,1,34.92,1
4903869,3,ARVOR,A,2025-03-26T14:04:19Z,15.666666666666666,87.3,1087.9,1,6.423,1,34.914,1
4903869,3,ARVOR,A,2025-03-26T14:04:19Z,15.666666666666666,87.3,1112.7,1,6.318,1,34.91,1
4903869,3,ARVOR,A,2025-03-26T14:04:19Z,15.666666666666666,87.3,1137.9,1,6.209,1,34.906,1
4903869,3,ARVOR,A,2025-03-26T14:04:19Z,15.666666666666666,87.3,1162.7,1,6.099,1,34.902,1
4903869,3,ARVOR,A,2025-03-26T14:04:19Z,15.666666666666666,87.3,1187.7,1,5.977,1,34.897,1
4903869,3,ARVOR,A,2025-03-26T14:04:19Z,15.666666666666666,87.3,1213.1,1,5.863,1,34.893,1
4903869,3,ARVOR,A,2025-03-26T14:04:19Z,15.666666666666666,87.3,1237.8,1,5.74,1,34.888,1
4903869,3,ARVOR,A,2025-03-26T14:04:19Z,15.666666666666666,87.3,1262.6,1,5.614,1,34.883,1
4903869,3,ARVOR,A,2025-03-26T14:04:19Z,15.666666666666666,87.3,1287.8,1,5.511,1,34.879,1
4903869,3,ARVOR,A,2025-03-26T14:04:19Z,15.666666666666666,87.3,1312.8,1,5.427,1,34.876,1
4903869,3,ARVOR,A,2025-03-26T14:04:19Z,15.666666666666666,87.3,1337.8,1,5.331,1,34.872,1
4903869,3,ARVOR,A,2025-03-26T14:04:19Z,15.666666666666666,87.3,1363.0,1,5.234,1,34.868,1
4903869,3,ARVOR,A,2025-03-26T14:04:19Z,15.666666666666666,87.3,1387.7,1,5.144,1,34.865,1
4903869,3,ARVOR,A,2025-03-26T14:04:19Z,15.666666666666666,87.3,1412.8,1,5.042,1,34.861,1
4903869,3,ARVOR,A,2025-03-26T14:04:19Z,15.666666666666666,87.3,1437.9,1,4.929,1,34.857,1
4903869,3,ARVOR,A,2025-03-26T14:04:19Z,15.666666666666666,87.3,1463.0,1,4.829,1,34.853,1
4903869,3,ARVOR,A,2025-03-26T14:04:19Z,15.666666666666666,87.3,1488.0,1,4.742,1,34.849,1
4903869,3,ARVOR,A,2025-03-26T14:04:19Z,15.666666666666666,87.3,1513.0,1,4.622,1,34.845,1
4903869,3,ARVOR,A,2025-03-26T14:04:19Z,15.666666666666666,87.3,1537.9,1,4.525,1,34.841,1
4903869,3,ARVOR,A,2025-03-26T14:04:19Z,15.666666666666666,87.3,1562.6,1,4.412,1,34.836,1
4903869,3,ARVOR,A,2025-03-26T14:04:19Z,15.666666666666666,87.3,1588.9,1,4.289,1,34.831,1
4903869,3,ARVOR,A,2025-03-26T14:04:19Z,15.666666666666666,87.3,1613.1,1,4.157,1,34.826,1
4903869,3,ARVOR,A,2025-03-26T14:04:19Z,15.666666666666666,87.3,1637.7,1,4.041,1,34.821,1
4903869,3,ARVOR,A,2025-03-26T14:04:19Z,15.666666666666666,87.3,1662.5,1,3.929,1,34.817,1
4903869,3,ARVOR,A,2025-03-26T14:04:19Z,15.666666666666666,87.3,1687.8,1,3.817,1,34.813,1
4903869,3,ARVOR,A,2025-03-26T14:04:19Z,15.666666666666666,87.3,1713.1,1,3.731,1,34.809,1
4903869,3,ARVOR,A,2025-03-26T14:04:19Z,15.666666666666666,87.3,1738.3,1,3.638,1,34.805,1
4903869,3,ARVOR,A,2025-03-26T14:04:19Z,15.666666666666666,87.3,1763.2,1,3.545,1,34.801,1
4903869,3,ARVOR,A,2025-03-26T14:04:19Z,15.666666666666666,87.3,1788.1,1,3.451,1,34.798,1
4903869,3,ARVOR,A,2025-03-26T14:04:19Z,15.666666666666666,87.3,1812.9,1,3.368,1,34.794,1
4903869,3,ARVOR,A,2025-03-26T14:04:19Z,15.666666666666666,87.3,1837.7,1,3.303,1,34.791,1
4903869,3,ARVOR,A,2025-03-26T14:04:19Z,15.666666666666666,87.3,1862.9,1,3.221,1,34.788,1
4903869,3,ARVOR,A,2025-03-26T14:04:19Z,15.666666666666666,87.3,1887.7,1,3.143,1,34.785,1
4903869,3,ARVOR,A,2025-03-26T14:04:19Z,15.666666666666666,87.3,1913.1,1,3.077,1,34.782,1
4903869,3,ARVOR,A,2025-03-26T14:04:19Z,15.666666666666666,87.3,1938.0,1,3.014,1,34.779,1
4903869,3,ARVOR,A,2025-03-26T14:04:19Z,15.666666666666666,87.3,1962.8,1,2.964,1,34.777,1
4903869,3,ARVOR,A,2025-03-26T14:04:19Z,15.666666666666666,87.3,1987.4,1,2.894,1,34.774,1
4903869,3,ARVOR,A,2025-03-26T14:04:19Z,15.666666666666666,87.3,2013.5,1,2.823,1,34.771,1
4903869,3,ARVOR,A,2025-03-26T14:04:19Z,15.666666666666666,87.3,2026.8,1,2.788,1,34.77,1
5907171,4,ARVOR,A,2025-03-26T14:12:47Z,13.666666666666666,88.8,0.1,4,29.727,4,33.061,4
5907171,4,ARVOR,A,2025-03-26T14:12:47Z,13.666666666666666,88.8,0.9,1,29.735,1,33.052,1
5907171,4,ARVOR,A,2025-03-26T14:12:47Z,13.666666666666666,88.8,2.0,1,29.73,1,33.053,1
5907171,4,ARVOR,A,2025-03-26T14:12:47Z,13.666666666666666,88.8,3.3,1,29.729,1,33.049,1
5907171,4,ARVOR,A,2025-03-26T14:12:47Z,13.666666666666666,88.8,4.2,1,29.727,1,33.06,1
5907171,4,ARVOR,A,2025-03-26T14:12:47Z,13.666666666666666,88.8,5.0,1,29.719,1,33.062,1
5907171,4,ARVOR,A,2025-03-26T14:12:47Z,13.666666666666666,88.8,5.9,1,29.709,1,33.06,1
5907171,4,ARVOR,A,2025-03-26T14:12:47Z,13.666666666666666,88.8,6.8,1,29.546,1,33.037,1
5907171,4,ARVOR,A,2025-03-26T14:12:47Z,13.666666666666666,88.8,7.8,1,29.517,1,33.043,1
5907171,4,ARVOR,A,2025-03-26T14:12:47Z,13.666666666666666,88.8,8.7,1,29.532,1,33.052,1
5907171,4,ARVOR,A,2025-03-26T14:12:47Z,13.666666666666666,88.8,9.7,1,29.535,1,33.06,1
5907171,4,ARVOR,A,2025-03-26T14:12:47Z,13.666666666666666,88.8,15.4,1,29.468,1,33.056,1
5907171,4,ARVOR,A,2025-03-26T14:12:47Z,13.666666666666666,88.8,25.4,1,28.815,1,32.929,1
5907171,4,ARVOR,A,2025-03-26T14:12:47Z,13.666666666666666,88.8,35.5,1,28.527,1,33.097,1
5907171,4,ARVOR,A,2025-03-26T14:12:47Z,13.666666666666666,88.8,45.6,1,28.058,1,33.175,1
5907171,4,ARVOR,A,2025-03-26T14:12:47Z,13.666666666666666,88.8,55.8,1,27.597,1,33.169,1
5907171,4,ARVOR,A,2025-03-26T14:12:47Z,13.666666666666666,88.8,65.2,1,27.996,1,33.579,1
5907171,4,ARVOR,A,2025-03-26T14:12:47Z,13.666666666666666,88.8,75.3,1,28.288,1,33.951,1
5907171,4,ARVOR,A,2025-03-26T14:12:47Z,13.666666666666666,88.8,85.5,1,27.953,1,34.214,1
5907171,4,ARVOR,A,2025-03-26T14:12:47Z,13.666666666666666,88.8,95.3,1,26.857,1,34.331,1
5907171,4,ARVOR,A,2025-03-26T14:12:47Z,13.666666666666666,88.8,105.5,1,25.507,1,34.501,1
5907171,4,ARVOR,A,2025-03-26T14:12:47Z,13.666666666666666,88.8,115.7,1,24.136,1,34.668,1
5907171,4,ARVOR,A,2025-03-26T14:12:47Z,13.666666666666666,88.8,125.4,1,22.697,1,34.753,1
5907171,4,ARVOR,A,2025-03-26T14:12:47Z,13.666666666666666,88.8,135.8,1,21.508,1,34.734,1
5907171,4,ARVOR,A,2025-03-26T14:12:47Z,13.666666666666666,88.8,145.3,1,20.406,1,34.756,1
5907171,4,ARVOR,A,2025-03-26T14:12:47Z,13.666666666666666,88.8,155.3,1,19.592,1,34.791,1
5907171,4,ARVOR,A,2025-03-26T14:12:47Z,13.666666666666666,88.8,165.3,1,18.915,1,34.86,1
5907171,4,ARVOR,A,2025-03-26T14:12:47Z,13.666666666666666,88.8,175.1,1,18.207,1,34.858,1
5907171,4,ARVOR,A,2025-03-26T14:12:47Z,13.666666666666666,88.8,185.0,1,17.29,1,34.865,1
5907171,4,ARVOR,A,2025-03-26T14:12:47Z,13.666666666666666,88.8,195.0,1,16.691,1,34.908,1
5907171,4,ARVOR,A,2025-03-26T14:12:47Z,13.666666666666666,88.8,213.4,1,15.85,1,34.909,1
5907171,4,ARVOR,A,2025-03-26T14:12:47Z,13.666666666666666,88.8,238.3,1,14.25,1,34.94,1
5907171,4,ARVOR,A,2025-03-26T14:12:47Z,13.666666666666666,88.8,262.7,1,13.008,1,34.979,1
5907171,4,ARVOR,A,2025-03-26T14:12:47Z,13.666666666666666,88.8,287.2,1,12.36,1,34.998,1
5907171,4,ARVOR,A,2025-03-26T14:12:47Z,13.666666666666666,88.8,312.9,1,11.823,1,35.012,1
5907171,4,ARVOR,A,2025-03-26T14:12:47Z,13.666666666666666,88.8,338.2,1,11.404,1,35.019,1
5907171,4,ARVOR,A,2025-03-26T14:12:47Z,13.666666666666666,88.8,363.2,1,11.078,1,35.022,1
5907171,4,ARVOR,A,2025-03-26T14:12:47Z,13.666666666666666,88.8,387.9,1,10.794,1,35.022,1
5907171,4,ARVOR,A,2025-03-26T14:12:47Z,13.666666666666666,88.8,412.9,1,10.562,1,35.022,1
5907171,4,ARVOR,A,2025-03-26T14:12:47Z,13.666666666666666,88.8,438.0,1,10.363,1,35.021,1
5907171,4,ARVOR,A,2025-03-26T14:12:47Z,13.666666666666666,88.8,462.8,1,10.173,1,35.019,1
5907171,4,ARVOR,A,2025-03-26T14:12:47Z,13.666666666666666,88.8,487.9,1,9.982,1,35.017,1
5907171,4,ARVOR,A,2025-03-26T14:12:47Z,13.666666666666666,88.8,512.8,1,9.799,1,35.014,1
5907171,4,ARVOR,A,2025-03-26T14:12:47Z,13.666666666666666,88.8,537.6,1,9.606,1,35.011,1
5907171,4,ARVOR,A,2025-03-26T14:12:47Z,13.666666666666666,88.8,563.1,1,9.428,1,35.007,1
5907171,4,ARVOR,A,2025-03-26T14:12:47Z,13.666666666666666,88.8,588.0,1,9.268,1,35.003,1
5907171,4,ARVOR,A,2025-03-26T14:12:47Z,13.666666666666666,88.8,612.7,1,8.885,1,34.994,1
5907171,4,ARVOR,A,2025-03-26T14:12:47Z,13.666666666666666,88.8,637.8,1,8.564,1,34.986,1
5907171,4,ARVOR,A,2025-03-26T14:12:47Z,13.666666666666666,88.8,662.6,1,8.313,1,34.979,1
5907171,4,ARVOR,A,2025-03-26T14:12:47Z,13.666666666666666,88.8,688.8,1,8.183,1,34.975,1
5907171,4,ARVOR,A,2025-03-26T14:12:47Z,13.666666666666666,88.8,713.1,1,8.058,1,34.972,1
5907171,4,ARVOR,A,2025-03-26T14:12:47Z,13.666666666666666,88.8,738.0,1,7.906,1,34.967,1
5907171,4,ARVOR,A,2025-03-26T14:12:47Z,13.666666666666666,88.8,762.7,1,7.759,1,34.963,1
5907171,4,ARVOR,A,2025-03-26T14:12:47Z,13.666666666666666,88.8,787.8,1,7.581,1,34.957,1
5907171,4,ARVOR,A,2025-03-26T14:12:47Z,13.666666666666666,88.8,812.8,1,7.421,1,34.952,1
5907171,4,ARVOR,A,2025-03-26T14:12:47Z,13.666666666666666,88.8,837.8,1,7.312,1,34.948,1
5907171,4,ARVOR,A,2025-03-26T14:12:47Z,13.666666666666666,88.8,862.8,1,7.179,1,34.944,1
5907171,4,ARVOR,A,2025-03-26T14:12:47Z,13.666666666666666,88.8,887.8,1,7.057,1,34.939,1
5907171,4,ARVOR,A,2025-03-26T14:12:47Z,13.666666666666666,88.8,912.9,1,6.886,1,34.933,1
5907171,4,ARVOR,A,2025-03-26T14:12:47Z,13.666666666666666,88.8,937.9,1,6.763,1,34.929,1
5907171,4,ARVOR,A,2025-03-26T14:12:47Z,13.666666666666666,88.8,963.1,1,6.655,1,34.925,1
5907171,4,ARVOR,A,2025-03-26T14:12:47Z,13.666666666666666,88.8,988.0,1,6.542,1,34.921,1
5907171,4,ARVOR,A,2025-03-26T14:12:47Z,13.666666666666666,88.8,1012.8,1,6.403,1,34.915,1
5907171,4,ARVOR,A,2025-03-26T14:12:47Z,13.666666666666666,88.8,1037.6,1,6.295,1,34.911,1
5907171,4,ARVOR,A,2025-03-26T14:12:47Z,13.666666666666666,88.8,1062.7,1,6.185,1,34.907,1
5907171,4,ARVOR,A,2025-03-26T14:12:47Z,13.666666666666666,88.8,1087.8,1,6.035,1,34.901,1
5907171,4,ARVOR,A,2025-03-26T14:12:47Z,13.666666666666666,88.8,1112.9,1,5.91,1,34.897,1
5907171,4,ARVOR,A,2025-03-26T14:12:47Z,13.666666666666666,88.8,1138.3,1,5.803,1,34.893,1
5907171,4,ARVOR,A,2025-03-26T14:12:47Z,13.666666666666666,88.8,1163.1,1,5.68,1,34.888,1
5907171,4,ARVOR,A,2025-03-26T14:12:47Z,13.666666666666666,88.8,1188.0,1,5.569,1,34.884,1
5907171,4,ARVOR,A,2025-03-26T14:12:47Z,13.666666666666666,88.8,1212.9,1,5.464,1,34.88,1
5907171,4,ARVOR,A,2025-03-26T14:12:47Z,13.666666666666666,88.8,1237.6,1,5.35,1,34.876,1
5907171,4,ARVOR,A,2025-03-26T14:12:47Z,13.666666666666666,88.8,1262.9,1,5.238,1,34.872,1
5907171,4,ARVOR,A,2025-03-26T14:12:47Z,13.666666666666666,88.8,1287.9,1,5.144,1,34.868,1
5907171,4,ARVOR,A,2025-03-26T14:12:47Z,13.666666666666666,88.8,1312.9,1,5.02,1,34.863,1
5907171,4,ARVOR,A,2025-03-26T14:12:47Z,13.666666666666666,88.8,1337.7,1,4.9,1,34.858,1
5907171,4,ARVOR,A,2025-03-26T14:12:47Z,13.666666666666666,88.8,1363.1,1,4.801,1,34.855,1
5907171,4,ARVOR,A,2025-03-26T14:12:47Z,13.666666666666666,88.8,1387.9,1,4.708,1,34.851,1
5907171,4,ARVOR,A,2025-03-26T14:12:47Z,13.666666666666666,88.8,1412.6,1,4.613,1,34.847,1
5907171,4,ARVOR,A,2025-03-26T14:12:47Z,13.666666666666666,88.8,1437.8,1,4.494,1,34.842,1
5907171,4,ARVOR,A,2025-03-26T14:12:47Z,13.666666666666666,88.8,1462.7,1,4.395,1,34.839,1
5907171,4,ARVOR,A,2025-03-26T14:12:47Z,13.666666666666666,88.8,1487.7,1,4.273,1,34.834,1
5907171,4,ARVOR,A,2025-03-26T14:12:47Z,13.666666666666666,88.8,1512.8,1,4.161,1,34.83,1
5907171,4,ARVOR,A,2025-03-26T14:12:47Z,13.666666666666666,88.8,1537.9,1,4.074,1,34.826,1
5907171,4,ARVOR,A,2025-03-26T14:12:47Z,13.666666666666666,88.8,1563.3,1,3.977,1,34.822,1
5907171,4,ARVOR,A,2025-03-26T14:12:47Z,13.666666666666666,88.8,1588.3,1,3.862,1,34.817,1
5907171,4,ARVOR,A,2025-03-26T14:12:47Z,13.666666666666666,88.8,1613.2,1,3.739,1,34.812,1
5907171,4,ARVOR,A,2025-03-26T14:12:47Z,13.666666666666666,88.8,1638.7,1,3.626,1,34.808,1
5907171,4,ARVOR,A,2025-03-26T14:12:47Z,13.666666666666666,88.8,1662.8,1,3.514,1,34.803,1
5907171,4,ARVOR,A,2025-03-26T14:12:47Z,13.666666666666666,88.8,1687.5,1,3.413,1,34.799,1
5907171,4,ARVOR,A,2025-03-26T14:12:47Z,13.666666666666666,88.8,1712.7,1,3.327,1,34.796,1
5907171,4,ARVOR,A,2025-03-26T14:12:47Z,13.666666666666666,88.8,1737.9,1,3.242,1,34.792,1
5907171,4,ARVOR,A,2025-03-26T14:12:47Z,13.666666666666666,88.8,1762.9,1,3.163,1,34.789,1
5907171,4,ARVOR,A,2025-03-26T14:12:47Z,13.666666666666666,88.8,1787.7,1,3.107,1,34.787,1
5907171,4,ARVOR,A,2025-03-26T14:12:47Z,13.666666666666666,88.8,1813.1,1,3.045,1,34.784,1
5907171,4,ARVOR,A,2025-03-26T14:12:47Z,13.666666666666666,88.8,1837.7,1,2.977,1,34.781,1
5907171,4,ARVOR,A,2025-03-26T14:12:47Z,13.666666666666666,88.8,1862.8,1,2.926,1,34.779,1
5907171,4,ARVOR,A,2025-03-26T14:12:47Z,13.666666666666666,88.8,1887.5,1,2.875,1,34.776,1
5907171,4,ARVOR,A,2025-03-26T14:12:47Z,13.666666666666666,88.8,1912.6,1,2.819,1,34.774,1
5907171,4,ARVOR,A,2025-03-26T14:12:47Z,13.666666666666666,88.8,1938.0,1,2.777,1,34.772,1
5907171,4,ARVOR,A,2025-03-26T14:12:47Z,13.666666666666666,88.8,1963.0,1,2.727,1,34.77,1
5907171,4,ARVOR,A,2025-03-26T14:12:47Z,13.666666666666666,88.8,1984.3,4,2.693,4,34.769,4
5907179,3,ARVOR,A,2025-03-28T20:10:01Z,12.316666666666666,68.15,0.1,1,29.97,1,34.791,1
5907179,3,ARVOR,A,2025-03-28T20:10:01Z,12.316666666666666,68.15,0.9,1,29.97,1,34.791,1
5907179,3,ARVOR,A,2025-03-28T20:10:01Z,12.316666666666666,68.15,1.9,1,29.97,1,34.795,1
5907179,3,ARVOR,A,2025-03-28T20:10:01Z,12.316666666666666,68.15,2.7,1,29.983,1,34.786,1
5907179,3,ARVOR,A,2025-03-28T20:10:01Z,12.316666666666666,68.15,3.9,1,29.979,1,34.785,1
5907179,3,ARVOR,A,2025-03-28T20:10:01Z,12.316666666666666,68.15,5.2,1,29.983,1,34.786,1
5907179,3,ARVOR,A,2025-03-28T20:10:01Z,12.316666666666666,68.15,6.1,1,29.988,1,34.791,1
5907179,3,ARVOR,A,2025-03-28T20:10:01Z,12.316666666666666,68.15,7.0,1,29.988,1,34.791,1
5907179,3,ARVOR,A,2025-03-28T20:10:01Z,12.316666666666666,68.15,8.0,1,29.991,1,34.789,1
5907179,3,ARVOR,A,2025-03-28T20:10:01Z,12.316666666666666,68.15,8.9,1,29.986,1,34.787,1
5907179,3,ARVOR,A,2025-03-28T20:10:01Z,12.316666666666666,68.15,9.9,1,29.984,1,34.787,1
5907179,3,ARVOR,A,2025-03-28T20:10:01Z,12.316666666666666,68.15,15.9,1,29.996,1,34.801,1
5907179,3,ARVOR,A,2025-03-28T20:10:01Z,12.316666666666666,68.15,24.6,1,29.868,1,35.01,1
5907179,3,ARVOR,A,2025-03-28T20:10:01Z,12.316666666666666,68.15,35.4,1,29.637,1,35.292,1
5907179,3,ARVOR,A,2025-03-28T20:10:01Z,12.316666666666666,68.15,45.3,1,29.322,1,35.548,1
5907179,3,ARVOR,A,2025-03-28T20:10:01Z,12.316666666666666,68.15,55.6,1,28.889,1,35.862,1
5907179,3,ARVOR,A,2025-03-28T20:10:01Z,12.316666666666666,68.15,65.8,1,28.333,1,35.938,1
5907179,3,ARVOR,A,2025-03-28T20:10:01Z,12.316666666666666,68.15,75.0,1,27.463,1,35.95,1
5907179,3,ARVOR,A,2025-03-28T20:10:01Z,12.316666666666666,68.15,85.1,1,26.625,1,36.088,1
5907179,3,ARVOR,A,2025-03-28T20:10:01Z,12.316666666666666,68.15,95.6,1,24.808,1,35.904,1
5907179,3,ARVOR,A,2025-03-28T20:10:01Z,12.316666666666666,68.15,105.7,1,23.889,1,35.817,1
5907179,3,ARVOR,A,2025-03-28T20:10:01Z,12.316666666666666,68.15,115.4,1,23.04,1,35.764,1
5907179,3,ARVOR,A,2025-03-28T20:10:01Z,12.316666666666666,68.15,125.6,1,21.98,1,35.65,1
5907179,3,ARVOR,A,2025-03-28T20:10:01Z,12.316666666666666,68.15,135.3,1,20.147,1,35.466,1
5907179,3,ARVOR,A,2025-03-28T20:10:01Z,12.316666666666666,68.15,145.0,1,19.421,1,35.53,1
5907179,3,ARVOR,A,2025-03-28T20:10:01Z,12.316666666666666,68.15,155.5,1,18.779,1,35.491,1
5907179,3,ARVOR,A,2025-03-28T20:10:01Z,12.316666666666666,68.15,165.3,1,18.107,1,35.447,1
5907179,3,ARVOR,A,2025-03-28T20:10:01Z,12.316666666666666,68.15,175.3,1,17.374,1,35.429,1
5907179,3,ARVOR,A,2025-03-28T20:10:01Z,12.316666666666666,68.15,185.1,1,16.766,1,35.441,1
5907179,3,ARVOR,A,2025-03-28T20:10:01Z,12.316666666666666,68.15,195.5,1,16.047,1,35.41,1
5907179,3,ARVOR,A,2025-03-28T20:10:01Z,12.316666666666666,68.15,211.9,1,15.096,1,35.339,1
5907179,3,ARVOR,A,2025-03-28T20:10:01Z,12.316666666666666,68.15,238.2,1,14.543,1,35.355,1
5907179,3,ARVOR,A,2025-03-28T20:10:01Z,12.316666666666666,68.15,262.9,1,13.906,1,35.346,1
5907179,3,ARVOR,A,2025-03-28T20:10:01Z,12.316666666666666,68.15,288.4,1,13.331,1,35.319,1
5907179,3,ARVOR,A,2025-03-28T20:10:01Z,12.316666666666666,68.15,312.8,1,12.871,1,35.293,1
5907179,3,ARVOR,A,2025-03-28T20:10:01Z,12.316666666666666,68.15,337.6,1,12.668,1,35.319,1
5907179,3,ARVOR,A,2025-03-28T20:10:01Z,12.316666666666666,68.15,362.9,1,12.42,1,35.314,1
5907179,3,ARVOR,A,2025-03-28T20:10:01Z,12.316666666666666,68.15,388.1,1,12.156,1,35.3,1
5907179,3,ARVOR,A,2025-03-28T20:10:01Z,12.316666666666666,68.15,412.8,1,12.145,1,35.35,1
5907179,3,ARVOR,A,2025-03-28T20:10:01Z,12.316666666666666,68.15,438.3,1,12.136,1,35.389,1
5907179,3,ARVOR,A,2025-03-28T20:10:01Z,12.316666666666666,68.15,463.3,1,12.01,1,35.397,1
5907179,3,ARVOR,A,2025-03-28T20:10:01Z,12.316666666666666,68.15,488.1,1,11.88,1,35.401,1
5907179,3,ARVOR,A,2025-03-28T20:10:01Z,12.316666666666666,68.15,512.7,1,11.714,1,35.398,1
5907179,3,ARVOR,A,2025-03-28T20:10:01Z,12.316666666666666,68.15,538.0,1,11.619,1,35.409,1
5907179,3,ARVOR,A,2025-03-28T20:10:01Z,12.316666666666666,68.15,563.2,1,11.495,1,35.411,1
5907179,3,ARVOR,A,2025-03-28T20:10:01Z,12.316666666666666,68.15,588.1,1,11.264,1,35.39,1
5907179,3,ARVOR,A,2025-03-28T20:10:01Z,12.316666666666666,68.15,613.2,1,11.089,1,35.377,1
5907179,3,ARVOR,A,2025-03-28T20:10:01Z,12.316666666666666,68.15,637.7,1,11.095,1,35.415,1
5907179,3,ARVOR,A,2025-03-28T20:10:01Z,12.316666666666666,68.15,663.2,1,10.981,1,35.427,1
5907179,3,ARVOR,A,2025-03-28T20:10:01Z,12.316666666666666,68.15,687.6,1,10.837,1,35.42,1
5907179,3,ARVOR,A,2025-03-28T20:10:01Z,12.316666666666666,68.15,712.7,1,10.734,1,35.427,1
5907179,3,ARVOR,A,2025-03-28T20:10:01Z,12.316666666666666,68.15,738.0,1,10.622,1,35.424,1
5907179,3,ARVOR,A,2025-03-28T20:10:01Z,12.316666666666666,68.15,763.2,1,10.46,1,35.416,1
5907179,3,ARVOR,A,2025-03-28T20:10:01Z,12.316666666666666,68.15,788.5,1,10.247,1,35.402,1
5907179,3,ARVOR,A,2025-03-28T20:10:01Z,12.316666666666666,68.15,813.2,1,10.025,1,35.385,1
5907179,3,ARVOR,A,2025-03-28T20:10:01Z,12.316666666666666,68.15,838.0,1,9.802,1,35.367,1
5907179,3,ARVOR,A,2025-03-28T20:10:01Z,12.316666666666666,68.15,863.1,1,9.59,1,35.351,1
5907179,3,ARVOR,A,2025-03-28T20:10:01Z,12.316666666666666,68.15,888.1,1,9.383,1,35.335,1
5907179,3,ARVOR,A,2025-03-28T20:10:01Z,12.316666666666666,68.15,913.2,1,9.252,1,35.327,1
5907179,3,ARVOR,A,2025-03-28T20:10:01Z,12.316666666666666,68.15,937.9,1,9.091,1,35.314,1
5907179,3,ARVOR,A,2025-03-28T20:10:01Z,12.316666666666666,68.15,962.9,1,8.919,1,35.298,1
5907179,3,ARVOR,A,2025-03-28T20:10:01Z,12.316666666666666,68.15,987.9,1,8.699,1,35.278,1
5907179,3,ARVOR,A,2025-03-28T20:10:01Z,12.316666666666666,68.15,1012.7,1,8.444,1,35.253,1
5907179,3,ARVOR,A,2025-03-28T20:10:01Z,12.316666666666666,68.15,1037.7,1,8.237,1,35.237,1
5907179,3,ARVOR,A,2025-03-28T20:10:01Z,12.316666666666666,68.15,1062.9,1,8.058,1,35.223,1
5907179,3,ARVOR,A,2025-03-28T20:10:01Z,12.316666666666666,68.15,1087.7,1,7.835,1,35.2,1
5907179,3,ARVOR,A,2025-03-28T20:10:01Z,12.316666666666666,68.15,1112.6,1,7.671,1,35.187,1
5907179,3,ARVOR,A,2025-03-28T20:10:01Z,12.316666666666666,68.15,1137.6,1,7.549,1,35.179,1
5907179,3,ARVOR,A,2025-03-28T20:10:01Z,12.316666666666666,68.15,1163.0,1,7.437,1,35.17,1
5907179,3,ARVOR,A,2025-03-28T20:10:01Z,12.316666666666666,68.15,1188.3,1,7.276,1,35.156,1
5907179,3,ARVOR,A,2025-03-28T20:10:01Z,12.316666666666666,68.15,1213.0,1,7.123,1,35.144,1
5907179,3,ARVOR,A,2025-03-28T20:10:01Z,12.316666666666666,68.15,1237.6,1,6.933,1,35.126,1
5907179,3,ARVOR,A,2025-03-28T20:10:01Z,12.316666666666666,68.15,1262.9,1,6.739,1,35.109,1
5907179,3,ARVOR,A,2025-03-28T20:10:01Z,12.316666666666666,68.15,1287.9,1,6.542,1,35.092,1
5907179,3,ARVOR,A,2025-03-28T20:10:01Z,12.316666666666666,68.15,1313.4,1,6.403,1,35.08,1
5907179,3,ARVOR,A,2025-03-28T20:10:01Z,12.316666666666666,68.15,1337.9,1,6.225,1,35.065,1
5907179,3,ARVOR,A,2025-03-28T20:10:01Z,12.316666666666666,68.15,1362.6,1,6.069,1,35.052,1
5907179,3,ARVOR,A,2025-03-28T20:10:01Z,12.316666666666666,68.15,1387.9,1,5.934,1,35.042,1
5907179,3,ARVOR,A,2025-03-28T20:10:01Z,12.316666666666666,68.15,1412.8,1,5.792,1,35.031,1
5907179,3,ARVOR,A,2025-03-28T20:10:01Z,12.316666666666666,68.15,1437.8,1,5.65,1,35.019,1
5907179,3,ARVOR,A,2025-03-28T20:10:01Z,12.316666666666666,68.15,1463.2,1,5.448,1,35.0,1
5907179,3,ARVOR,A,2025-03-28T20:10:01Z,12.316666666666666,68.15,1488.0,1,5.3,1,34.986,1
5907179,3,ARVOR,A,2025-03-28T20:10:01Z,12.316666666666666,68.15,1512.9,1,5.16,1,34.974,1
5907179,3,ARVOR,A,2025-03-28T20:10:01Z,12.316666666666666,68.15,1537.8,1,5.033,1,34.963,1
5907179,3,ARVOR,A,2025-03-28T20:10:01Z,12.316666666666666,68.15,1563.5,1,4.864,1,34.95,1
5907179,3,ARVOR,A,2025-03-28T20:10:01Z,12.316666666666666,68.15,1587.8,1,4.728,1,34.939,1
5907179,3,ARVOR,A,2025-03-28T20:10:01Z,12.316666666666666,68.15,1612.7,1,4.601,1,34.93,1
5907179,3,ARVOR,A,2025-03-28T20:10:01Z,12.316666666666666,68.15,1637.9,1,4.411,1,34.91,1
5907179,3,ARVOR,A,2025-03-28T20:10:01Z,12.316666666666666,68.15,1663.1,1,4.299,1,34.9,1
5907179,3,ARVOR,A,2025-03-28T20:10:01Z,12.316666666666666,68.15,1688.0,1,4.252,1,34.903,1
5907179,3,ARVOR,A,2025-03-28T20:10:01Z,12.316666666666666,68.15,1712.9,1,4.141,1,34.894,1
5907179,3,ARVOR,A,2025-03-28T20:10:01Z,12.316666666666666,68.15,1738.1,1,4.004,1,34.883,1
5907179,3,ARVOR,A,2025-03-28T20:10:01Z,12.316666666666666,68.15,1763.1,1,3.885,1,34.873,1
5907179,3,ARVOR,A,2025-03-28T20:10:01Z,12.316666666666666,68.15,1788.1,1,3.789,1,34.866,1
5907179,3,ARVOR,A,2025-03-28T20:10:01Z,12.316666666666666,68.15,1813.3,1,3.685,1,34.857,1
5907179,3,ARVOR,A,2025-03-28T20:10:01Z,12.316666666666666,68.15,1838.3,1,3.595,1,34.85,1
5907179,3,ARVOR,A,2025-03-28T20:10:01Z,12.316666666666666,68.15,1864.0,1,3.507,1,34.845,1
5907179,3,ARVOR,A,2025-03-28T20:10:01Z,12.316666666666666,68.15,1888.1,1,3.409,1,34.836,1
5907179,3,ARVOR,A,2025-03-28T20:10:01Z,12.316666666666666,68.15,1913.1,1,3.313,1,34.828,1
5907179,3,ARVOR,A,2025-03-28T20:10:01Z,12.316666666666666,68.15,1938.1,1,3.22,1,34.82,1
5907179,3,ARVOR,A,2025-03-28T20:10:01Z,12.316666666666666,68.15,1962.8,1,3.18,1,34.82,1
5907179,3,ARVOR,A,2025-03-28T20:10:01Z,12.316666666666666,68.15,1988.0,1,3.119,1,34.816,1
5907179,3,ARVOR,A,2025-03-28T20:10:01Z,12.316666666666666,68.15,2004.6,1,3.067,1,34.811,1
5907180,3,ARVOR,A,2025-03-26T20:12:45Z,16.533333333333335,68.66666666666667,0.4,1,29.19,1,35.692,1
5907180,3,ARVOR,A,2025-03-26T20:12:45Z,16.533333333333335,68.66666666666667,1.0,1,29.189,1,35.696,1
5907180,3,ARVOR,A,2025-03-26T20:12:45Z,16.533333333333335,68.66666666666667,2.0,1,29.2,1,35.689,1
5907180,3,ARVOR,A,2025-03-26T20:12:45Z,16.533333333333335,68.66666666666667,3.0,1,29.205,1,35.686,1
5907180,3,ARVOR,A,2025-03-26T20:12:45Z,16.533333333333335,68.66666666666667,3.8,1,29.205,1,35.686,1
5907180,3,ARVOR,A,2025-03-26T20:12:45Z,16.533333333333335,68.66666666666667,4.8,1,29.203,1,35.689,1
5907180,3,ARVOR,A,2025-03-26T20:12:45Z,16.533333333333335,68.66666666666667,6.0,1,29.196,1,35.692,1
5907180,3,ARVOR,A,2025-03-26T20:12:45Z,16.533333333333335,68.66666666666667,6.9,1,29.203,1,35.688,1
5907180,3,ARVOR,A,2025-03-26T20:12:45Z,16.533333333333335,68.66666666666667,7.7,1,29.205,1,35.688,1
5907180,3,ARVOR,A,2025-03-26T20:12:45Z,16.533333333333335,68.66666666666667,8.6,1,29.206,1,35.691,1
5907180,3,ARVOR,A,2025-03-26T20:12:45Z,16.533333333333335,68.66666666666667,9.9,1,29.205,1,35.689,1
5907180,3,ARVOR,A,2025-03-26T20:12:45Z,16.533333333333335,68.66666666666667,16.2,1,29.158,1,35.746,1
5907180,3,ARVOR,A,2025-03-26T20:12:45Z,16.533333333333335,68.66666666666667,25.4,1,29.163,1,36.109,1
5907180,3,ARVOR,A,2025-03-26T20:12:45Z,16.533333333333335,68.66666666666667,35.5,1,28.894,1,36.408,1
5907180,3,ARVOR,A,2025-03-26T20:12:45Z,16.533333333333335,68.66666666666667,45.3,1,28.689,1,36.461,1
5907180,3,ARVOR,A,2025-03-26T20:12:45Z,16.533333333333335,68.66666666666667,55.8,1,28.429,1,36.483,1
5907180,3,ARVOR,A,2025-03-26T20:12:45Z,16.533333333333335,68.66666666666667,65.1,1,27.032,1,36.281,1
5907180,3,ARVOR,A,2025-03-26T20:12:45Z,16.533333333333335,68.66666666666667,75.2,1,25.026,1,36.046,1
5907180,3,ARVOR,A,2025-03-26T20:12:45Z,16.533333333333335,68.66666666666667,85.1,1,24.006,1,35.957,1
5907180,3,ARVOR,A,2025-03-26T20:12:45Z,16.533333333333335,68.66666666666667,95.3,1,22.943,1,35.786,1
5907180,3,ARVOR,A,2025-03-26T20:12:45Z,16.533333333333335,68.66666666666667,105.7,1,21.962,1,35.628,1
5907180,3,ARVOR,A,2025-03-26T20:12:45Z,16.533333333333335,68.66666666666667,115.6,1,21.815,1,35.761,1
5907180,3,ARVOR,A,2025-03-26T20:12:45Z,16.533333333333335,68.66666666666667,125.7,1,21.161,1,35.74,1
5907180,3,ARVOR,A,2025-03-26T20:12:45Z,16.533333333333335,68.66666666666667,135.8,1,20.349,1,35.696,1
5907180,3,ARVOR,A,2025-03-26T20:12:45Z,16.533333333333335,68.66666666666667,145.2,1,19.767,1,35.711,1
5907180,3,ARVOR,A,2025-03-26T20:12:45Z,16.533333333333335,68.66666666666667,155.1,1,19.119,1,35.71,1
5907180,3,ARVOR,A,2025-03-26T20:12:45Z,16.533333333333335,68.66666666666667,165.4,1,18.848,1,35.74,1
5907180,3,ARVOR,A,2025-03-26T20:12:45Z,16.533333333333335,68.66666666666667,175.3,1,18.35,1,35.705,1
5907180,3,ARVOR,A,2025-03-26T20:12:45Z,16.533333333333335,68.66666666666667,185.3,1,17.248,1,35.523,1
5907180,3,ARVOR,A,2025-03-26T20:12:45Z,16.533333333333335,68.66666666666667,195.4,1,16.497,1,35.434,1
5907180,3,ARVOR,A,2025-03-26T20:12:45Z,16.533333333333335,68.66666666666667,213.0,1,15.576,1,35.367,1
5907180,3,ARVOR,A,2025-03-26T20:12:45Z,16.533333333333335,68.66666666666667,237.2,1,15.264,1,35.471,1
5907180,3,ARVOR,A,2025-03-26T20:12:45Z,16.533333333333335,68.66666666666667,262.9,1,15.119,1,35.68,1
5907180,3,ARVOR,A,2025-03-26T20:12:45Z,16.533333333333335,68.66666666666667,288.6,1,14.853,1,35.725,1
5907180,3,ARVOR,A,2025-03-26T20:12:45Z,16.533333333333335,68.66666666666667,313.1,1,14.389,1,35.718,1
5907180,3,ARVOR,A,2025-03-26T20:12:45Z,16.533333333333335,68.66666666666667,337.9,1,14.205,1,35.751,1
5907180,3,ARVOR,A,2025-03-26T20:12:45Z,16.533333333333335,68.66666666666667,362.7,1,13.937,1,35.741,1
5907180,3,ARVOR,A,2025-03-26T20:12:45Z,16.533333333333335,68.66666666666667,387.8,1,13.588,1,35.7,1
5907180,3,ARVOR,A,2025-03-26T20:12:45Z,16.533333333333335,68.66666666666667,413.5,1,13.224,1,35.656,1
5907180,3,ARVOR,A,2025-03-26T20:12:45Z,16.533333333333335,68.66666666666667,437.6,1,13.02,1,35.652,1
5907180,3,ARVOR,A,2025-03-26T20:12:45Z,16.533333333333335,68.66666666666667,463.0,1,12.859,1,35.658,1
5907180,3,ARVOR,A,2025-03-26T20:12:45Z,16.533333333333335,68.66666666666667,488.2,1,12.751,1,35.666,1
5907180,3,ARVOR,A,2025-03-26T20:12:45Z,16.533333333333335,68.66666666666667,512.9,1,12.748,1,35.701,1
5907180,3,ARVOR,A,2025-03-26T20:12:45Z,16.533333333333335,68.66666666666667,538.0,1,12.549,1,35.684,1
5907180,3,ARVOR,A,2025-03-26T20:12:45Z,16.533333333333335,68.66666666666667,562.6,1,12.354,1,35.668,1
5907180,3,ARVOR,A,2025-03-26T20:12:45Z,16.533333333333335,68.66666666666667,587.4,1,12.204,1,35.657,1
5907180,3,ARVOR,A,2025-03-26T20:12:45Z,16.533333333333335,68.66666666666667,612.7,1,12.003,1,35.635,1
5907180,3,ARVOR,A,2025-03-26T20:12:45Z,16.533333333333335,68.66666666666667,638.2,1,11.851,1,35.634,1
5907180,3,ARVOR,A,2025-03-26T20:12:45Z,16.533333333333335,68.66666666666667,663.0,1,11.623,1,35.615,1
5907180,3,ARVOR,A,2025-03-26T20:12:45Z,16.533333333333335,68.66666666666667,687.6,1,11.384,1,35.593,1
5907180,3,ARVOR,A,2025-03-26T20:12:45Z,16.533333333333335,68.66666666666667,713.0,1,11.174,1,35.575,1
5907180,3,ARVOR,A,2025-03-26T20:12:45Z,16.533333333333335,68.66666666666667,738.7,1,10.965,1,35.552,1
5907180,3,ARVOR,A,2025-03-26T20:12:45Z,16.533333333333335,68.66666666666667,762.8,1,10.683,1,35.513,1
5907180,3,ARVOR,A,2025-03-26T20:12:45Z,16.533333333333335,68.66666666666667,787.9,1,10.48,1,35.496,1
5907180,3,ARVOR,A,2025-03-26T20:12:45Z,16.533333333333335,68.66666666666667,812.6,1,10.175,1,35.448,1
5907180,3,ARVOR,A,2025-03-26T20:12:45Z,16.533333333333335,68.66666666666667,837.8,1,10.007,1,35.434,1
5907180,3,ARVOR,A,2025-03-26T20:12:45Z,16.533333333333335,68.66666666666667,862.9,1,9.855,1,35.426,1
5907180,3,ARVOR,A,2025-03-26T20:12:45Z,16.533333333333335,68.66666666666667,888.2,1,9.685,1,35.417,1
5907180,3,ARVOR,A,2025-03-26T20:12:45Z,16.533333333333335,68.66666666666667,913.0,1,9.498,1,35.395,1
5907180,3,ARVOR,A,2025-03-26T20:12:45Z,16.533333333333335,68.66666666666667,937.8,1,9.378,1,35.389,1
5907180,3,ARVOR,A,2025-03-26T20:12:45Z,16.533333333333335,68.66666666666667,963.1,1,9.196,1,35.374,1
5907180,3,ARVOR,A,2025-03-26T20:12:45Z,16.533333333333335,68.66666666666667,988.0,1,9.057,1,35.37,1
5907180,3,ARVOR,A,2025-03-26T20:12:45Z,16.533333333333335,68.66666666666667,1013.1,1,8.904,1,35.358,1
5907180,3,ARVOR,A,2025-03-26T20:12:45Z,16.533333333333335,68.66666666666667,1037.9,1,8.658,1,35.33,1
5907180,3,ARVOR,A,2025-03-26T20:12:45Z,16.533333333333335,68.66666666666667,1062.8,1,8.495,1,35.315,1
5907180,3,ARVOR,A,2025-03-26T20:12:45Z,16.533333333333335,68.66666666666667,1087.7,1,8.352,1,35.305,1
5907180,3,ARVOR,A,2025-03-26T20:12:45Z,16.533333333333335,68.66666666666667,1112.8,1,8.197,1,35.289,1
5907180,3,ARVOR,A,2025-03-26T20:12:45Z,16.533333333333335,68.66666666666667,1138.0,1,8.023,1,35.272,1
5907180,3,ARVOR,A,2025-03-26T20:12:45Z,16.533333333333335,68.66666666666667,1162.9,1,7.858,1,35.256,1
5907180,3,ARVOR,A,2025-03-26T20:12:45Z,16.533333333333335,68.66666666666667,1187.8,1,7.684,1,35.238,1
5907180,3,ARVOR,A,2025-03-26T20:12:45Z,16.533333333333335,68.66666666666667,1212.9,1,7.502,1,35.221,1
5907180,3,ARVOR,A,2025-03-26T20:12:45Z,16.533333333333335,68.66666666666667,1238.0,1,7.35,1,35.205,1
5907180,3,ARVOR,A,2025-03-26T20:12:45Z,16.533333333333335,68.66666666666667,1263.0,1,7.115,1,35.178,1
5907180,3,ARVOR,A,2025-03-26T20:12:45Z,16.533333333333335,68.66666666666667,1287.7,1,6.921,1,35.159,1
5907180,3,ARVOR,A,2025-03-26T20:12:45Z,16.533333333333335,68.66666666666667,1312.5,1,6.783,1,35.146,1
5907180,3,ARVOR,A,2025-03-26T20:12:45Z,16.533333333333335,68.66666666666667,1337.8,1,6.626,1,35.13,1
5907180,3,ARVOR,A,2025-03-26T20:12:45Z,16.533333333333335,68.66666666666667,1363.2,1,6.438,1,35.112,1
5907180,3,ARVOR,A,2025-03-26T20:12:45Z,16.533333333333335,68.66666666666667,1388.8,1,6.293,1,35.099,1
5907180,3,ARVOR,A,2025-03-26T20:12:45Z,16.533333333333335,68.66666666666667,1412.6,1,6.133,1,35.083,1
5907180,3,ARVOR,A,2025-03-26T20:12:45Z,16.533333333333335,68.66666666666667,1438.1,1,5.995,1,35.07,1
5907180,3,ARVOR,A,2025-03-26T20:12:45Z,16.533333333333335,68.66666666666667,1463.2,1,5.831,1,35.052,1
5907180,3,ARVOR,A,2025-03-26T20:12:45Z,16.533333333333335,68.66666666666667,1487.9,1,5.673,1,35.037,1
5907180,3,ARVOR,A,2025-03-26T20:12:45Z,16.533333333333335,68.66666666666667,1512.9,1,5.514,1,35.022,1
5907180,3,ARVOR,A,2025-03-26T20:12:45Z,16.533333333333335,68.66666666666667,1538.2,1,5.318,1,35.001,1
5907180,3,ARVOR,A,2025-03-26T20:12:45Z,16.533333333333335,68.66666666666667,1563.1,1,5.162,1,34.986,1
5907180,3,ARVOR,A,2025-03-26T20:12:45Z,16.533333333333335,68.66666666666667,1588.1,1,4.989,1,34.97,1
5907180,3,ARVOR,A,2025-03-26T20:12:45Z,16.533333333333335,68.66666666666667,1613.0,1,4.823,1,34.955,1
5907180,3,ARVOR,A,2025-03-26T20:12:45Z,16.533333333333335,68.66666666666667,1637.9,1,4.679,1,34.943,1
5907180,3,ARVOR,A,2025-03-26T20:12:45Z,16.533333333333335,68.66666666666667,1663.0,1,4.527,1,34.928,1
5907180,3,ARVOR,A,2025-03-26T20:12:45Z,16.533333333333335,68.66666666666667,1688.0,1,4.395,1,34.916,1
5907180,3,ARVOR,A,2025-03-26T20:12:45Z,16.533333333333335,68.66666666666667,1712.9,1,4.232,1,34.902,1
5907180,3,ARVOR,A,2025-03-26T20:12:45Z,16.533333333333335,68.66666666666667,1737.5,1,4.079,1,34.889,1
5907180,3,ARVOR,A,2025-03-26T20:12:45Z,16.533333333333335,68.66666666666667,1762.7,1,3.972,1,34.88,1
5907180,3,ARVOR,A,2025-03-26T20:12:45Z,16.533333333333335,68.66666666666667,1787.9,1,3.88,1,34.872,1
5907180,3,ARVOR,A,2025-03-26T20:12:45Z,16.533333333333335,68.66666666666667,1812.9,1,3.775,1,34.863,1
5907180,3,ARVOR,A,2025-03-26T20:12:45Z,16.533333333333335,68.66666666666667,1837.7,1,3.687,1,34.855,1
5907180,3,ARVOR,A,2025-03-26T20:12:45Z,16.533333333333335,68.66666666666667,1862.8,1,3.588,1,34.846,1
5907180,3,ARVOR,A,2025-03-26T20:12:45Z,16.533333333333335,68.66666666666667,1888.1,1,3.508,1,34.838,1
5907180,3,ARVOR,A,2025-03-26T20:12:45Z,16.533333333333335,68.66666666666667,1913.2,1,3.434,1,34.833,1
5907180,3,ARVOR,A,2025-03-26T20:12:45Z,16.533333333333335,68.66666666666667,1937.9,1,3.382,1,34.831,1
5907180,3,ARVOR,A,2025-03-26T20:12:45Z,16.533333333333335,68.66666666666667,1962.8,1,3.297,1,34.824,1
5907180,3,ARVOR,A,2025-03-26T20:12:45Z,16.533333333333335,68.66666666666667,1988.1,1,3.23,1,34.818,1
5907180,3,ARVOR,A,2025-03-26T20:12:45Z,16.533333333333335,68.66666666666667,2013.2,1,3.154,1,34.811,1
5907180,3,ARVOR,A,2025-03-26T20:12:45Z,16.533333333333335,68.66666666666667,2030.9,1,3.118,1,34.81,1
6990679,13,PROVOR_III,A,2025-03-31T10:47:00Z,-10.554668333333334,62.369928333333334,2.5,1,30.042,1,34.161,1
6990679,13,PROVOR_III,A,2025-03-31T10:47:00Z,-10.554668333333334,62.369928333333334,3.5,1,30.024,1,34.162,1
6990679,13,PROVOR_III,A,2025-03-31T10:47:00Z,-10.554668333333334,62.369928333333334,4.5,1,29.977,1,34.157,1
6990679,13,PROVOR_III,A,2025-03-31T10:47:00Z,-10.554668333333334,62.369928333333334,5.6,1,29.943,1,34.152,1
6990679,13,PROVOR_III,A,2025-03-31T10:47:00Z,-10.554668333333334,62.369928333333334,6.5,1,29.845,1,34.155,1
6990679,13,PROVOR_III,A,2025-03-31T10:47:00Z,-10.554668333333334,62.369928333333334,7.3,1,29.803,1,34.14,1
6990679,13,PROVOR_III,A,2025-03-31T10:47:00Z,-10.554668333333334,62.369928333333334,8.4,1,29.797,1,34.14,1
6990679,13,PROVOR_III,A,2025-03-31T10:47:00Z,-10.554668333333334,62.369928333333334,9.4,1,29.795,1,34.141,1
6990679,13,PROVOR_III,A,2025-03-31T10:47:00Z,-10.554668333333334,62.369928333333334,10.3,1,29.79,1,34.141,1
6990679,13,PROVOR_III,A,2025-03-31T10:47:00Z,-10.554668333333334,62.369928333333334,11.4,1,29.784,1,34.14,1
6990679,13,PROVOR_III,A,2025-03-31T10:47:00Z,-10.554668333333334,62.369928333333334,12.6,1,29.781,1,34.143,1
6990679,13,PROVOR_III,A,2025-03-31T10:47:00Z,-10.554668333333334,62.369928333333334,13.6,1,29.772,1,34.146,1
6990679,13,PROVOR_III,A,2025-03-31T10:47:00Z,-10.554668333333334,62.369928333333334,14.5,1,29.724,1,34.157,1
6990679,13,PROVOR_III,A,2025-03-31T10:47:00Z,-10.554668333333334,62.369928333333334,15.5,1,29.595,1,34.189,1
6990679,13,PROVOR_III,A,2025-03-31T10:47:00Z,-10.554668333333334,62.369928333333334,16.5,1,29.478,1,34.218,1
6990679,13,PROVOR_III,A,2025-03-31T10:47:00Z,-10.554668333333334,62.369928333333334,17.5,1,29.369,1,34.245,1
6990679,13,PROVOR_III,A,2025-03-31T10:47:00Z,-10.554668333333334,62.369928333333334,18.5,1,29.235,1,34.278,1
6990679,13,PROVOR_III,A,2025-03-31T10:47:00Z,-10.554668333333334,62.369928333333334,19.5,1,29.092,1,34.307,1
6990679,13,PROVOR_III,A,2025-03-31T10:47:00Z,-10.554668333333334,62.369928333333334,20.0,1,29.023,1,34.32,1
6990679,13,PROVOR_III,A,2025-03-31T10:47:00Z,-10.554668333333334,62.369928333333334,20.0,1,28.997,1,34.327,1
6990679,13,PROVOR_III,A,2025-03-31T10:47:00Z,-10.554668333333334,62.369928333333334,25.1,1,25.276,1,34.946,1
6990679,13,PROVOR_III,A,2025-03-31T10:47:00Z,-10.554668333333334,62.369928333333334,35.1,1,22.703,1,35.102,1
6990679,13,PROVOR_III,A,2025-03-31T10:47:00Z,-10.554668333333334,62.369928333333334,45.0,1,21.779,1,35.081,1
6990679,13,PROVOR_III,A,2025-03-31T10:47:00Z,-10.554668333333334,62.369928333333334,55.1,1,21.045,1,35.164,1
6990679,13,PROVOR_III,A,2025-03-31T10:47:00Z,-10.554668333333334,62.369928333333334,65.0,1,20.684,1,35.201,1
6990679,13,PROVOR_III,A,2025-03-31T10:47:00Z,-10.554668333333334,62.369928333333334,75.1,1,20.115,1,35.184,1
6990679,13,PROVOR_III,A,2025-03-31T10:47:00Z,-10.554668333333334,62.369928333333334,85.3,1,18.906,1,35.128,1
6990679,13,PROVOR_III,A,2025-03-31T10:47:00Z,-10.554668333333334,62.369928333333334,95.1,1,16.737,1,35.0,1
6990679,13,PROVOR_III,A,2025-03-31T10:47:00Z,-10.554668333333334,62.369928333333334,105.1,1,15.738,1,34.96,1
6990679,13,PROVOR_III,A,2025-03-31T10:47:00Z,-10.554668333333334,62.369928333333334,115.0,1,15.259,1,35.011,1
6990679,13,PROVOR_III,A,2025-03-31T10:47:00Z,-10.554668333333334,62.369928333333334,125.0,1,14.9,1,35.014,1
6990679,13,PROVOR_III,A,2025-03-31T10:47:00Z,-10.554668333333334,62.369928333333334,134.9,1,14.751,1,35.003,1
6990679,13,PROVOR_III,A,2025-03-31T10:47:00Z,-10.554668333333334,62.369928333333334,145.1,1,14.553,1,34.987,1
6990679,13,PROVOR_III,A,2025-03-31T10:47:00Z,-10.554668333333334,62.369928333333334,155.0,1,14.288,1,34.973,1
6990679,13,PROVOR_III,A,2025-03-31T10:47:00Z,-10.554668333333334,62.369928333333334,165.0,1,13.946,1,34.969,1
6990679,13,PROVOR_III,A,2025-03-31T10:47:00Z,-10.554668333333334,62.369928333333334,174.9,1,13.86,1,35.031,1
6990679,13,PROVOR_III,A,2025-03-31T10:47:00Z,-10.554668333333334,62.369928333333334,185.0,1,13.291,1,35.003,1
6990679,13,PROVOR_III,A,2025-03-31T10:47:00Z,-10.554668333333334,62.369928333333334,194.8,1,12.857,1,34.977,1
6990679,13,PROVOR_III,A,2025-03-31T10:47:00Z,-10.554668333333334,62.369928333333334,210.1,1,12.456,1,34.966,1
6990679,13,PROVOR_III,A,2025-03-31T10:47:00Z,-10.554668333333334,62.369928333333334,229.7,1,12.025,1,34.958,1
6990679,13,PROVOR_III,A,2025-03-31T10:47:00Z,-10.554668333333334,62.369928333333334,250.3,1,11.701,1,34.942,1
6990679,13,PROVOR_III,A,2025-03-31T10:47:00Z,-10.554668333333334,62.369928333333334,270.1,1,11.447,1,34.931,1
6990679,13,PROVOR_III,A,2025-03-31T10:47:00Z,-10.554668333333334,62.369928333333334,289.9,1,11.271,1,34.923,1
6990679,13,PROVOR_III,A,2025-03-31T10:47:00Z,-10.554668333333334,62.369928333333334,310.1,1,11.188,1,34.921,1
6990679,13,PROVOR_III,A,2025-03-31T10:47:00Z,-10.554668333333334,62.369928333333334,330.0,1,11.025,1,34.911,1
6990679,13,PROVOR_III,A,2025-03-31T10:47:00Z,-10.554668333333334,62.369928333333334,350.0,1,10.782,1,34.895,1
6990679,13,PROVOR_III,A,2025-03-31T10:47:00Z,-10.554668333333334,62.369928333333334,370.0,1,10.607,1,34.882,1
6990679,13,PROVOR_III,A,2025-03-31T10:47:00Z,-10.554668333333334,62.369928333333334,389.9,1,10.4,1,34.87,1
6990679,13,PROVOR_III,A,2025-03-31T10:47:00Z,-10.554668333333334,62.369928333333334,410.1,1,10.181,1,34.855,1
6990679,13,PROVOR_III,A,2025-03-31T10:47:00Z,-10.554668333333334,62.369928333333334,429.8,1,9.888,1,34.828,1
6990679,13,PROVOR_III,A,2025-03-31T10:47:00Z,-10.554668333333334,62.369928333333334,449.8,1,9.617,1,34.828,1
6990679,13,PROVOR_III,A,2025-03-31T10:47:00Z,-10.554668333333334,62.369928333333334,469.9,1,9.406,1,34.822,1
6990679,13,PROVOR_III,A,2025-03-31T10:47:00Z,-10.554668333333334,62.369928333333334,490.1,1,9.268,1,34.818,1
6990679,13,PROVOR_III,A,2025-03-31T10:47:00Z,-10.554668333333334,62.369928333333334,512.6,1,9.087,1,34.811,1
6990679,13,PROVOR_III,A,2025-03-31T10:47:00Z,-10.554668333333334,62.369928333333334,537.5,1,8.922,1,34.808,1
6990679,13,PROVOR_III,A,2025-03-31T10:47:00Z,-10.554668333333334,62.369928333333334,562.7,1,8.817,1,34.808,1
6990679,13,PROVOR_III,A,2025-03-31T10:47:00Z,-10.554668333333334,62.369928333333334,587.9,1,8.725,1,34.808,1
6990679,13,PROVOR_III,A,2025-03-31T10:47:00Z,-10.554668333333334,62.369928333333334,612.6,1,8.541,1,34.808,1
6990679,13,PROVOR_III,A,2025-03-31T10:47:00Z,-10.554668333333334,62.369928333333334,637.5,1,8.417,1,34.81,1
6990679,13,PROVOR_III,A,2025-03-31T10:47:00Z,-10.554668333333334,62.369928333333334,662.2,1,8.256,1,34.809,1
6990679,13,PROVOR_III,A,2025-03-31T10:47:00Z,-10.554668333333334,62.369928333333334,687.8,1,8.027,1,34.805,1
6990679,13,PROVOR_III,A,2025-03-31T10:47:00Z,-10.554668333333334,62.369928333333334,712.4,1,7.771,1,34.801,1
6990679,13,PROVOR_III,A,2025-03-31T10:47:00Z,-10.554668333333334,62.369928333333334,737.5,1,7.618,1,34.81,1
6990679,13,PROVOR_III,A,2025-03-31T10:47:00Z,-10.554668333333334,62.369928333333334,762.9,1,7.478,1,34.811,1
6990679,13,PROVOR_III,A,2025-03-31T10:47:00Z,-10.554668333333334,62.369928333333334,787.6,1,7.325,1,34.805,1
6990679,13,PROVOR_III,A,2025-03-31T10:47:00Z,-10.554668333333334,62.369928333333334,812.5,1,7.209,1,34.803,1
6990679,13,PROVOR_III,A,2025-03-31T10:47:00Z,-10.554668333333334,62.369928333333334,837.5,1,7.132,1,34.808,1
6990679,13,PROVOR_III,A,2025-03-31T10:47:00Z,-10.554668333333334,62.369928333333334,862.2,1,6.986,1,34.801,1
6990679,13,PROVOR_III,A,2025-03-31T10:47:00Z,-10.554668333333334,62.369928333333334,887.5,1,6.701,1,34.793,1
6990679,13,PROVOR_III,A,2025-03-31T10:47:00Z,-10.554668333333334,62.369928333333334,912.5,1,6.46,1,34.777,1
6990679,13,PROVOR_III,A,2025-03-31T10:47:00Z,-10.554668333333334,62.369928333333334,937.4,1,6.365,1,34.772,1
6990679,13,PROVOR_III,A,2025-03-31T10:47:00Z,-10.554668333333334,62.369928333333334,962.6,1,6.235,1,34.772,1
6990679,13,PROVOR_III,A,2025-03-31T10:47:00Z,-10.554668333333334,62.369928333333334,987.6,1,6.126,1,34.776,1
6990679,13,PROVOR_III,A,2025-03-31T10:47:00Z,-10.554668333333334,62.369928333333334,1025.3,1,5.867,1,34.773,1
6990679,13,PROVOR_III,A,2025-03-31T10:47:00Z,-10.554668333333334,62.369928333333334,1075.3,1,5.765,1,34.769,1
6990679,13,PROVOR_III,A,2025-03-31T10:47:00Z,-10.554668333333334,62.369928333333334,1125.2,1,5.656,1,34.77,1
6990679,13,PROVOR_III,A,2025-03-31T10:47:00Z,-10.554668333333334,62.369928333333334,1174.9,1,5.52,1,34.766,1
6990679,13,PROVOR_III,A,2025-03-31T10:47:00Z,-10.554668333333334,62.369928333333334,1224.8,1,5.317,1,34.766,1
6990679,13,PROVOR_III,A,2025-03-31T10:47:00Z,-10.554668333333334,62.369928333333334,1275.0,1,4.979,1,34.769,1
6990679,13,PROVOR_III,A,2025-03-31T10:47:00Z,-10.554668333333334,62.369928333333334,1325.0,1,4.717,1,34.77,1
6990679,13,PROVOR_III,A,2025-03-31T10:47:00Z,-10.554668333333334,62.369928333333334,1375.0,1,4.608,1,34.77,1
6990679,13,PROVOR_III,A,2025-03-31T10:47:00Z,-10.554668333333334,62.369928333333334,1425.0,1,4.376,1,34.769,1
6990679,13,PROVOR_III,A,2025-03-31T10:47:00Z,-10.554668333333334,62.369928333333334,1474.7,1,4.077,1,34.768,1
6990679,13,PROVOR_III,A,2025-03-31T10:47:00Z,-10.554668333333334,62.369928333333334,1524.8,1,3.936,1,34.772,1
6990679,13,PROVOR_III,A,2025-03-31T10:47:00Z,-10.554668333333334,62.369928333333334,1574.3,1,3.734,1,34.764,1
6990679,13,PROVOR_III,A,2025-03-31T10:47:00Z,-10.554668333333334,62.369928333333334,1624.9,1,3.654,1,34.762,1
6990679,13,PROVOR_III,A,2025-03-31T10:47:00Z,-10.554668333333334,62.369928333333334,1675.0,1,3.516,1,34.762,1
6990679,13,PROVOR_III,A,2025-03-31T10:47:00Z,-10.554668333333334,62.369928333333334,1725.5,1,3.339,1,34.759,1
6990679,13,PROVOR_III,A,2025-03-31T10:47:00Z,-10.554668333333334,62.369928333333334,1774.7,1,3.235,1,34.759,1
6990679,13,PROVOR_III,A,2025-03-31T10:47:00Z,-10.554668333333334,62.369928333333334,1825.2,1,3.164,1,34.758,1
6990679,13,PROVOR_III,A,2025-03-31T10:47:00Z,-10.554668333333334,62.369928333333334,1859.9,1,3.091,1,34.757,1
6990679,14,PROVOR_III,A,2025-04-10T13:08:00Z,-11.373226666666667,62.631391666666666,2.6,1,30.023,1,34.226,1
6990679,14,PROVOR_III,A,2025-04-10T13:08:00Z,-11.373226666666667,62.631391666666666,3.5,1,30.022,1,34.226,1
6990679,14,PROVOR_III,A,2025-04-10T13:08:00Z,-11.373226666666667,62.631391666666666,4.5,1,30.022,1,34.226,1
6990679,14,PROVOR_III,A,2025-04-10T13:08:00Z,-11.373226666666667,62.631391666666666,5.4,1,30.016,1,34.214,1
6990679,14,PROVOR_III,A,2025-04-10T13:08:00Z,-11.373226666666667,62.631391666666666,6.5,1,29.978,1,34.225,1
6990679,14,PROVOR_III,A,2025-04-10T13:08:00Z,-11.373226666666667,62.631391666666666,7.5,1,29.939,1,34.22,1
6990679,14,PROVOR_III,A,2025-04-10T13:08:00Z,-11.373226666666667,62.631391666666666,8.4,1,29.889,1,34.216,1
6990679,14,PROVOR_III,A,2025-04-10T13:08:00Z,-11.373226666666667,62.631391666666666,9.5,1,29.854,1,34.21,1
6990679,14,PROVOR_III,A,2025-04-10T13:08:00Z,-11.373226666666667,62.631391666666666,10.5,1,29.844,1,34.209,1
6990679,14,PROVOR_III,A,2025-04-10T13:08:00Z,-11.373226666666667,62.631391666666666,11.5,1,29.841,1,34.209,1
6990679,14,PROVOR_III,A,2025-04-10T13:08:00Z,-11.373226666666667,62.631391666666666,12.5,1,29.837,1,34.209,1
6990679,14,PROVOR_III,A,2025-04-10T13:08:00Z,-11.373226666666667,62.631391666666666,13.4,1,29.832,1,34.208,1
6990679,14,PROVOR_III,A,2025-04-10T13:08:00Z,-11.373226666666667,62.631391666666666,14.5,1,29.826,1,34.207,1
6990679,14,PROVOR_III,A,2025-04-10T13:08:00Z,-11.373226666666667,62.631391666666666,15.5,1,29.82,1,34.206,1
6990679,14,PROVOR_III,A,2025-04-10T13:08:00Z,-11.373226666666667,62.631391666666666,16.5,1,29.804,1,34.21,1
6990679,14,PROVOR_III,A,2025-04-10T13:08:00Z,-11.373226666666667,62.631391666666666,17.5,1,29.766,1,34.216,1
6990679,14,PROVOR_III,A,2025-04-10T13:08:00Z,-11.373226666666667,62.631391666666666,18.5,1,29.699,1,34.226,1
6990679,14,PROVOR_III,A,2025-04-10T13:08:00Z,-11.373226666666667,62.631391666666666,19.5,1,29.641,1,34.236,1
6990679,14,PROVOR_III,A,2025-04-10T13:08:00Z,-11.373226666666667,62.631391666666666,25.1,1,28.323,1,34.415,1
6990679,14,PROVOR_III,A,2025-04-10T13:08:00Z,-11.373226666666667,62.631391666666666,35.0,1,25.968,1,34.687,1
6990679,14,PROVOR_III,A,2025-04-10T13:08:00Z,-11.373226666666667,62.631391666666666,45.0,1,24.199,1,34.963,1
6990679,14,PROVOR_III,A,2025-04-10T13:08:00Z,-11.373226666666667,62.631391666666666,55.1,1,22.359,1,35.085,1
6990679,14,PROVOR_III,A,2025-04-10T13:08:00Z,-11.373226666666667,62.631391666666666,64.9,1,21.773,1,35.201,1
6990679,14,PROVOR_III,A,2025-04-10T13:08:00Z,-11.373226666666667,62.631391666666666,74.6,1,21.28,1,35.294,1
6990679,14,PROVOR_III,A,2025-04-10T13:08:00Z,-11.373226666666667,62.631391666666666,84.8,1,21.015,1,35.373,1
6990679,14,PROVOR_III,A,2025-04-10T13:08:00Z,-11.373226666666667,62.631391666666666,94.8,1,20.639,1,35.461,1
6990679,14,PROVOR_III,A,2025-04-10T13:08:00Z,-11.373226666666667,62.631391666666666,104.9,1,20.442,1,35.591,1
6990679,14,PROVOR_III,A,2025-04-10T13:08:00Z,-11.373226666666667,62.631391666666666,115.2,1,19.696,1,35.565,1
6990679,14,PROVOR_III,A,2025-04-10T13:08:00Z,-11.373226666666667,62.631391666666666,124.9,1,17.627,1,35.323,1
6990679,14,PROVOR_III,A,2025-04-10T13:08:00Z,-11.373226666666667,62.631391666666666,134.7,1,16.798,1,35.215,1
6990679,14,PROVOR_III,A,2025-04-10T13:08:00Z,-11.373226666666667,62.631391666666666,145.0,1,15.992,1,35.099,1
6990679,14,PROVOR_III,A,2025-04-10T13:08:00Z,-11.373226666666667,62.631391666666666,154.9,1,14.999,1,34.931,1
6990679,14,PROVOR_III,A,2025-04-10T13:08:00Z,-11.373226666666667,62.631391666666666,165.1,1,14.286,1,34.847,1
6990679,14,PROVOR_III,A,2025-04-10T13:08:00Z,-11.373226666666667,62.631391666666666,174.9,1,13.664,1,34.849,1
6990679,14,PROVOR_III,A,2025-04-10T13:08:00Z,-11.373226666666667,62.631391666666666,185.2,1,13.371,1,34.861,1
6990679,14,PROVOR_III,A,2025-04-10T13:08:00Z,-11.373226666666667,62.631391666666666,195.0,1,13.132,1,34.884,1
6990679,14,PROVOR_III,A,2025-04-10T13:08:00Z,-11.373226666666667,62.631391666666666,210.4,1,13.035,1,34.925,1
6990679,14,PROVOR_III,A,2025-04-10T13:08:00Z,-11.373226666666667,62.631391666666666,230.0,1,12.832,1,34.939,1
6990679,14,PROVOR_III,A,2025-04-10T13:08:00Z,-11.373226666666667,62.631391666666666,249.7,1,12.42,1,34.957,1
6990679,14,PROVOR_III,A,2025-04-10T13:08:00Z,-11.373226666666667,62.631391666666666,269.6,1,12.02,1,34.942,1
6990679,14,PROVOR_III,A,2025-04-10T13:08:00Z,-11.373226666666667,62.631391666666666,289.9,1,11.755,1,34.937,1
6990679,14,PROVOR_III,A,2025-04-10T13:08:00Z,-11.373226666666667,62.631391666666666,309.7,1,11.425,1,34.931,1
6990679,14,PROVOR_III,A,2025-04-10T13:08:00Z,-11.373226666666667,62.631391666666666,329.8,1,11.182,1,34.918,1
6990679,14,PROVOR_III,A,2025-04-10T13:08:00Z,-11.373226666666667,62.631391666666666,350.0,1,10.961,1,34.908,1
6990679,14,PROVOR_III,A,2025-04-10T13:08:00Z,-11.373226666666667,62.631391666666666,369.6,1,10.772,1,34.898,1
6990679,14,PROVOR_III,A,2025-04-10T13:08:00Z,-11.373226666666667,62.631391666666666,389.8,1,10.562,1,34.883,1
6990679,14,PROVOR_III,A,2025-04-10T13:08:00Z,-11.373226666666667,62.631391666666666,409.9,1,10.428,1,34.872,1
6990679,14,PROVOR_III,A,2025-04-10T13:08:00Z,-11.373226666666667,62.631391666666666,430.1,1,10.228,1,34.86,1
6990679,14,PROVOR_III,A,2025-04-10T13:08:00Z,-11.373226666666667,62.631391666666666,450.0,1,9.92,1,34.844,1
6990679,14,PROVOR_III,A,2025-04-10T13:08:00Z,-11.373226666666667,62.631391666666666,470.0,1,9.665,1,34.828,1
6990679,14,PROVOR_III,A,2025-04-10T13:08:00Z,-11.373226666666667,62.631391666666666,490.2,1,9.388,1,34.813,1
6990679,14,PROVOR_III,A,2025-04-10T13:08:00Z,-11.373226666666667,62.631391666666666,512.8,1,9.084,1,34.799,1
6990679,14,PROVOR_III,A,2025-04-10T13:08:00Z,-11.373226666666667,62.631391666666666,537.6,1,8.508,1,34.731,1
6990679,14,PROVOR_III,A,2025-04-10T13:08:00Z,-11.373226666666667,62.631391666666666,562.3,1,8.509,1,34.763,1
6990679,14,PROVOR_III,A,2025-04-10T13:08:00Z,-11.373226666666667,62.631391666666666,587.5,1,8.558,1,34.8,1
6990679,14,PROVOR_III,A,2025-04-10T13:08:00Z,-11.373226666666667,62.631391666666666,612.4,1,8.315,1,34.805,1
6990679,14,PROVOR_III,A,2025-04-10T13:08:00Z,-11.373226666666667,62.631391666666666,637.5,1,8.076,1,34.806,1
6990679,14,PROVOR_III,A,2025-04-10T13:08:00Z,-11.373226666666667,62.631391666666666,662.4,1,7.883,1,34.805,1
6990679,14,PROVOR_III,A,2025-04-10T13:08:00Z,-11.373226666666667,62.631391666666666,687.8,1,7.702,1,34.804,1
6990679,14,PROVOR_III,A,2025-04-10T13:08:00Z,-11.373226666666667,62.631391666666666,712.8,1,7.512,1,34.803,1
6990679,14,PROVOR_III,A,2025-04-10T13:08:00Z,-11.373226666666667,62.631391666666666,737.5,1,7.408,1,34.813,1
6990679,14,PROVOR_III,A,2025-04-10T13:08:00Z,-11.373226666666667,62.631391666666666,762.4,1,7.281,1,34.81,1
6990679,14,PROVOR_III,A,2025-04-10T13:08:00Z,-11.373226666666667,62.631391666666666,787.2,1,7.129,1,34.802,1
6990679,14,PROVOR_III,A,2025-04-10T13:08:00Z,-11.373226666666667,62.631391666666666,812.9,1,6.979,1,34.797,1
6990679,14,PROVOR_III,A,2025-04-10T13:08:00Z,-11.373226666666667,62.631391666666666,837.6,1,6.783,1,34.797,1
6990679,14,PROVOR_III,A,2025-04-10T13:08:00Z,-11.373226666666667,62.631391666666666,862.5,1,6.547,1,34.789,1
6990679,14,PROVOR_III,A,2025-04-10T13:08:00Z,-11.373226666666667,62.631391666666666,887.4,1,6.36,1,34.774,1
6990679,14,PROVOR_III,A,2025-04-10T13:08:00Z,-11.373226666666667,62.631391666666666,912.9,1,6.197,1,34.752,1
6990679,14,PROVOR_III,A,2025-04-10T13:08:00Z,-11.373226666666667,62.631391666666666,937.6,1,6.076,1,34.751,1
6990679,14,PROVOR_III,A,2025-04-10T13:08:00Z,-11.373226666666667,62.631391666666666,962.5,1,6.044,1,34.763,1
6990679,14,PROVOR_III,A,2025-04-10T13:08:00Z,-11.373226666666667,62.631391666666666,987.2,1,5.985,1,34.767,1
6990679,14,PROVOR_III,A,2025-04-10T13:08:00Z,-11.373226666666667,62.631391666666666,1024.8,1,5.876,1,34.771,1
6990679,14,PROVOR_III,A,2025-04-10T13:08:00Z,-11.373226666666667,62.631391666666666,1075.4,1,5.592,1,34.766,1
6990679,14,PROVOR_III,A,2025-04-10T13:08:00Z,-11.373226666666667,62.631391666666666,1125.4,1,5.294,1,34.767,1
6990679,14,PROVOR_III,A,2025-04-10T13:08:00Z,-11.373226666666667,62.631391666666666,1174.6,1,5.143,1,34.768,1
6990679,14,PROVOR_III,A,2025-04-10T13:08:00Z,-11.373226666666667,62.631391666666666,1225.0,1,5.031,1,34.769,1
6990679,14,PROVOR_III,A,2025-04-10T13:08:00Z,-11.373226666666667,62.631391666666666,1275.5,1,4.925,1,34.77,1
6990679,14,PROVOR_III,A,2025-04-10T13:08:00Z,-11.373226666666667,62.631391666666666,1325.1,1,4.761,1,34.77,1
6990679,14,PROVOR_III,A,2025-04-10T13:08:00Z,-11.373226666666667,62.631391666666666,1375.0,1,4.606,1,34.769,1
6990679,14,PROVOR_III,A,2025-04-10T13:08:00Z,-11.373226666666667,62.631391666666666,1425.1,1,4.316,1,34.768,1
6990679,14,PROVOR_III,A,2025-04-10T13:08:00Z,-11.373226666666667,62.631391666666666,1475.7,1,4.014,1,34.767,1
6990679,14,PROVOR_III,A,2025-04-10T13:08:00Z,-11.373226666666667,62.631391666666666,1524.8,1,3.73,1,34.763,1
6990679,14,PROVOR_III,A,2025-04-10T13:08:00Z,-11.373226666666667,62.631391666666666,1574.5,1,3.6,1,34.761,1
6990679,14,PROVOR_III,A,2025-04-10T13:08:00Z,-11.373226666666667,62.631391666666666,1624.9,1,3.496,1,34.757,1
6990679,14,PROVOR_III,A,2025-04-10T13:08:00Z,-11.373226666666667,62.631391666666666,1674.6,1,3.341,1,34.753,1
6990679,14,PROVOR_III,A,2025-04-10T13:08:00Z,-11.373226666666667,62.631391666666666,1725.3,1,3.227,1,34.753,1
6990679,14,PROVOR_III,A,2025-04-10T13:08:00Z,-11.373226666666667,62.631391666666666,1774.8,1,3.108,1,34.753,1
6990679,14,PROVOR_III,A,2025-04-10T13:08:00Z,-11.373226666666667,62.631391666666666,1824.7,1,2.975,1,34.749,1
6990679,14,PROVOR_III,A,2025-04-10T13:08:00Z,-11.373226666666667,62.631391666666666,1875.2,1,2.811,1,34.745,1
6990679,14,PROVOR_III,A,2025-04-10T13:08:00Z,-11.373226666666667,62.631391666666666,1924.6,1,2.717,1,34.742,1
6990679,14,PROVOR_III,A,2025-04-10T13:08:00Z,-11.373226666666667,62.631391666666666,1970.7,1,2.601,1,34.74,1
6990679,15,PROVOR_III,A,2025-04-20T13:35:00Z,-11.225511666666666,62.89129666666667,2.5,1,30.362,1,34.212,1
6990679,15,PROVOR_III,A,2025-04-20T13:35:00Z,-11.225511666666666,62.89129666666667,3.5,1,30.158,1,34.211,1
6990679,15,PROVOR_III,A,2025-04-20T13:35:00Z,-11.225511666666666,62.89129666666667,4.5,1,29.999,1,34.203,1
6990679,15,PROVOR_III,A,2025-04-20T13:35:00Z,-11.225511666666666,62.89129666666667,5.4,1,29.971,1,34.202,1
6990679,15,PROVOR_III,A,2025-04-20T13:35:00Z,-11.225511666666666,62.89129666666667,6.4,1,29.956,1,34.202,1
6990679,15,PROVOR_III,A,2025-04-20T13:35:00Z,-11.225511666666666,62.89129666666667,7.5,1,29.936,1,34.202,1
6990679,15,PROVOR_III,A,2025-04-20T13:35:00Z,-11.225511666666666,62.89129666666667,8.4,1,29.891,1,34.204,1
6990679,15,PROVOR_III,A,2025-04-20T13:35:00Z,-11.225511666666666,62.89129666666667,9.5,1,29.877,1,34.202,1
6990679,15,PROVOR_III,A,2025-04-20T13:35:00Z,-11.225511666666666,62.89129666666667,10.6,1,29.866,1,34.203,1
6990679,15,PROVOR_III,A,2025-04-20T13:35:00Z,-11.225511666666666,62.89129666666667,11.5,1,29.847,1,34.203,1
6990679,15,PROVOR_III,A,2025-04-20T13:35:00Z,-11.225511666666666,62.89129666666667,12.4,1,29.831,1,34.203,1
6990679,15,PROVOR_III,A,2025-04-20T13:35:00Z,-11.225511666666666,62.89129666666667,13.5,1,29.816,1,34.203,1
6990679,15,PROVOR_III,A,2025-04-20T13:35:00Z,-11.225511666666666,62.89129666666667,14.5,1,29.812,1,34.203,1
6990679,15,PROVOR_III,A,2025-04-20T13:35:00Z,-11.225511666666666,62.89129666666667,15.5,1,29.811,1,34.203,1
6990679,15,PROVOR_III,A,2025-04-20T13:35:00Z,-11.225511666666666,62.89129666666667,16.6,1,29.808,1,34.204,1
6990679,15,PROVOR_III,A,2025-04-20T13:35:00Z,-11.225511666666666,62.89129666666667,17.5,1,29.807,1,34.204,1
6990679,15,PROVOR_III,A,2025-04-20T13:35:00Z,-11.225511666666666,62.89129666666667,18.5,1,29.802,1,34.203,1
6990679,15,PROVOR_III,A,2025-04-20T13:35:00Z,-11.225511666666666,62.89129666666667,19.4,1,29.798,1,34.205,1
6990679,15,PROVOR_III,A,2025-04-20T13:35:00Z,-11.225511666666666,62.89129666666667,24.7,1,29.716,1,34.218,1
6990679,15,PROVOR_III,A,2025-04-20T13:35:00Z,-11.225511666666666,62.89129666666667,35.0,1,28.169,1,34.529,1
6990679,15,PROVOR_III,A,2025-04-20T13:35:00Z,-11.225511666666666,62.89129666666667,44.8,1,25.371,1,34.885,1
6990679,15,PROVOR_III,A,2025-04-20T13:35:00Z,-11.225511666666666,62.89129666666667,55.0,1,23.856,1,35.014,1
6990679,15,PROVOR_III,A,2025-04-20T13:35:00Z,-11.225511666666666,62.89129666666667,65.0,1,23.009,1,35.036,1
6990679,15,PROVOR_III,A,2025-04-20T13:35:00Z,-11.225511666666666,62.89129666666667,75.0,1,21.204,1,35.105,1
6990679,15,PROVOR_III,A,2025-04-20T13:35:00Z,-11.225511666666666,62.89129666666667,85.1,1,19.544,1,35.045,1
6990679,15,PROVOR_III,A,2025-04-20T13:35:00Z,-11.225511666666666,62.89129666666667,95.0,1,19.244,1,35.076,1
6990679,15,PROVOR_III,A,2025-04-20T13:35:00Z,-11.225511666666666,62.89129666666667,105.0,1,18.921,1,35.082,1
6990679,15,PROVOR_III,A,2025-04-20T13:35:00Z,-11.225511666666666,62.89129666666667,115.0,1,17.872,1,35.041,1
6990679,15,PROVOR_III,A,2025-04-20T13:35:00Z,-11.225511666666666,62.89129666666667,125.2,1,16.837,1,35.057,1
6990679,15,PROVOR_III,A,2025-04-20T13:35:00Z,-11.225511666666666,62.89129666666667,134.9,1,16.024,1,35.019,1
6990679,15,PROVOR_III,A,2025-04-20T13:35:00Z,-11.225511666666666,62.89129666666667,145.0,1,15.585,1,35.012,1
6990679,15,PROVOR_III,A,2025-04-20T13:35:00Z,-11.225511666666666,62.89129666666667,154.9,1,15.119,1,34.97,1
6990679,15,PROVOR_III,A,2025-04-20T13:35:00Z,-11.225511666666666,62.89129666666667,164.9,1,14.722,1,34.994,1
6990679,15,PROVOR_III,A,2025-04-20T13:35:00Z,-11.225511666666666,62.89129666666667,174.9,1,14.561,1,35.03,1
6990679,15,PROVOR_III,A,2025-04-20T13:35:00Z,-11.225511666666666,62.89129666666667,184.9,1,14.237,1,35.019,1
6990679,15,PROVOR_III,A,2025-04-20T13:35:00Z,-11.225511666666666,62.89129666666667,194.8,1,14.044,1,35.003,1
6990679,15,PROVOR_III,A,2025-04-20T13:35:00Z,-11.225511666666666,62.89129666666667,209.7,1,13.68,1,35.014,1
6990679,15,PROVOR_III,A,2025-04-20T13:35:00Z,-11.225511666666666,62.89129666666667,229.8,1,13.072,1,35.003,1
6990679,15,PROVOR_III,A,2025-04-20T13:35:00Z,-11.225511666666666,62.89129666666667,249.9,1,12.562,1,35.01,1
6990679,15,PROVOR_III,A,2025-04-20T13:35:00Z,-11.225511666666666,62.89129666666667,270.0,1,12.188,1,34.993,1
6990679,15,PROVOR_III,A,2025-04-20T13:35:00Z,-11.225511666666666,62.89129666666667,289.7,1,11.806,1,34.963,1
6990679,15,PROVOR_III,A,2025-04-20T13:35:00Z,-11.225511666666666,62.89129666666667,310.1,1,11.422,1,34.935,1
6990679,15,PROVOR_III,A,2025-04-20T13:35:00Z,-11.225511666666666,62.89129666666667,330.0,1,11.199,1,34.919,1
6990679,15,PROVOR_III,A,2025-04-20T13:35:00Z,-11.225511666666666,62.89129666666667,350.1,1,10.982,1,34.902,1
6990679,15,PROVOR_III,A,2025-04-20T13:35:00Z,-11.225511666666666,62.89129666666667,369.9,1,10.665,1,34.871,1
6990679,15,PROVOR_III,A,2025-04-20T13:35:00Z,-11.225511666666666,62.89129666666667,390.1,1,10.244,1,34.824,1
6990679,15,PROVOR_III,A,2025-04-20T13:35:00Z,-11.225511666666666,62.89129666666667,409.7,1,9.818,1,34.781,1
6990679,15,PROVOR_III,A,2025-04-20T13:35:00Z,-11.225511666666666,62.89129666666667,429.9,1,9.445,1,34.747,1
6990679,15,PROVOR_III,A,2025-04-20T13:35:00Z,-11.225511666666666,62.89129666666667,450.0,1,9.121,1,34.72,1
6990679,15,PROVOR_III,A,2025-04-20T13:35:00Z,-11.225511666666666,62.89129666666667,469.9,1,8.834,1,34.703,1
6990679,15,PROVOR_III,A,2025-04-20T13:35:00Z,-11.225511666666666,62.89129666666667,489.7,1,8.509,1,34.688,1
6990679,15,PROVOR_III,A,2025-04-20T13:35:00Z,-11.225511666666666,62.89129666666667,512.5,1,8.481,1,34.751,1
6990679,15,PROVOR_III,A,2025-04-20T13:35:00Z,-11.225511666666666,62.89129666666667,537.5,1,8.391,1,34.783,1
6990679,15,PROVOR_III,A,2025-04-20T13:35:00Z,-11.225511666666666,62.89129666666667,562.7,1,8.105,1,34.767,1
6990679,15,PROVOR_III,A,2025-04-20T13:35:00Z,-11.225511666666666,62.89129666666667,587.4,1,7.981,1,34.788,1
6990679,15,PROVOR_III,A,2025-04-20T13:35:00Z,-11.225511666666666,62.89129666666667,612.7,1,7.807,1,34.798,1
6990679,15,PROVOR_III,A,2025-04-20T13:35:00Z,-11.225511666666666,62.89129666666667,637.7,1,7.592,1,34.78,1
6990679,15,PROVOR_III,A,2025-04-20T13:35:00Z,-11.225511666666666,62.89129666666667,662.6,1,7.418,1,34.776,1
6990679,15,PROVOR_III,A,2025-04-20T13:35:00Z,-11.225511666666666,62.89129666666667,687.3,1,7.277,1,34.776,1
6990679,15,PROVOR_III,A,2025-04-20T13:35:00Z,-11.225511666666666,62.89129666666667,712.6,1,7.149,1,34.769,1
6990679,15,PROVOR_III,A,2025-04-20T13:35:00Z,-11.225511666666666,62.89129666666667,737.7,1,6.938,1,34.752,1
6990679,15,PROVOR_III,A,2025-04-20T13:35:00Z,-11.225511666666666,62.89129666666667,762.6,1,6.713,1,34.748,1
6990679,15,PROVOR_III,A,2025-04-20T13:35:00Z,-11.225511666666666,62.89129666666667,787.5,1,6.505,1,34.746,1
6990679,15,PROVOR_III,A,2025-04-20T13:35:00Z,-11.225511666666666,62.89129666666667,812.5,1,6.436,1,34.766,1
6990679,15,PROVOR_III,A,2025-04-20T13:35:00Z,-11.225511666666666,62.89129666666667,837.4,1,6.354,1,34.771,1
6990679,15,PROVOR_III,A,2025-04-20T13:35:00Z,-11.225511666666666,62.89129666666667,862.7,1,6.204,1,34.765,1
6990679,15,PROVOR_III,A,2025-04-20T13:35:00Z,-11.225511666666666,62.89129666666667,887.5,1,6.018,1,34.75,1
6990679,15,PROVOR_III,A,2025-04-20T13:35:00Z,-11.225511666666666,62.89129666666667,912.6,1,5.795,1,34.73,1
6990679,15,PROVOR_III,A,2025-04-20T13:35:00Z,-11.225511666666666,62.89129666666667,937.5,1,5.676,1,34.73,1
6990679,15,PROVOR_III,A,2025-04-20T13:35:00Z,-11.225511666666666,62.89129666666667,962.6,1,5.584,1,34.729,1
6990679,15,PROVOR_III,A,2025-04-20T13:35:00Z,-11.225511666666666,62.89129666666667,987.5,1,5.637,1,34.753,1
6990679,15,PROVOR_III,A,2025-04-20T13:35:00Z,-11.225511666666666,62.89129666666667,1024.8,1,5.603,1,34.771,1
6990679,15,PROVOR_III,A,2025-04-20T13:35:00Z,-11.225511666666666,62.89129666666667,1074.8,1,5.374,1,34.768,1
6990679,15,PROVOR_III,A,2025-04-20T13:35:00Z,-11.225511666666666,62.89129666666667,1125.1,1,5.175,1,34.767,1
6990679,15,PROVOR_III,A,2025-04-20T13:35:00Z,-11.225511666666666,62.89129666666667,1174.9,1,4.984,1,34.769,1
6990679,15,PROVOR_III,A,2025-04-20T13:35:00Z,-11.225511666666666,62.89129666666667,1225.4,1,4.832,1,34.772,1
6990679,15,PROVOR_III,A,2025-04-20T13:35:00Z,-11.225511666666666,62.89129666666667,1274.5,1,4.658,1,34.769,1
6990679,15,PROVOR_III,A,2025-04-20T13:35:00Z,-11.225511666666666,62.89129666666667,1325.0,1,4.426,1,34.754,1
6990679,15,PROVOR_III,A,2025-04-20T13:35:00Z,-11.225511666666666,62.89129666666667,1375.4,1,4.311,1,34.758,1
6990679,15,PROVOR_III,A,2025-04-20T13:35:00Z,-11.225511666666666,62.89129666666667,1424.9,1,4.182,1,34.761,1
6990679,15,PROVOR_III,A,2025-04-20T13:35:00Z,-11.225511666666666,62.89129666666667,1474.7,1,3.966,1,34.752,1
6990679,15,PROVOR_III,A,2025-04-20T13:35:00Z,-11.225511666666666,62.89129666666667,1525.5,1,3.764,1,34.741,1
6990679,15,PROVOR_III,A,2025-04-20T13:35:00Z,-11.225511666666666,62.89129666666667,1575.3,1,3.547,1,34.735,1
6990679,15,PROVOR_III,A,2025-04-20T13:35:00Z,-11.225511666666666,62.89129666666667,1624.7,1,3.374,1,34.735,1
6990679,15,PROVOR_III,A,2025-04-20T13:35:00Z,-11.225511666666666,62.89129666666667,1675.6,1,3.292,1,34.748,1
6990679,15,PROVOR_III,A,2025-04-20T13:35:00Z,-11.225511666666666,62.89129666666667,1724.7,1,3.165,1,34.745,1
6990679,15,PROVOR_III,A,2025-04-20T13:35:00Z,-11.225511666666666,62.89129666666667,1774.8,1,3.061,1,34.745,1
6990679,15,PROVOR_III,A,2025-04-20T13:35:00Z,-11.225511666666666,62.89129666666667,1825.1,1,2.895,1,34.74,1
6990679,15,PROVOR_III,A,2025-04-20T13:35:00Z,-11.225511666666666,62.89129666666667,1874.9,1,2.668,1,34.72,1
6990679,15,PROVOR_III,A,2025-04-20T13:35:00Z,-11.225511666666666,62.89129666666667,1925.7,1,2.612,1,34.728,1
6990679,15,PROVOR_III,A,2025-04-20T13:35:00Z,-11.225511666666666,62.89129666666667,1971.6,1,2.536,1,34.73,1
6990705,3,ARVOR,A,2025-03-25T14:16:25Z,6.416666666666667,88.75,0.2,1,29.615,1,33.824,1
6990705,3,ARVOR,A,2025-03-25T14:16:25Z,6.416666666666667,88.75,0.9,1,29.63,1,33.812,1
6990705,3,ARVOR,A,2025-03-25T14:16:25Z,6.416666666666667,88.75,1.9,1,29.626,1,33.807,1
6990705,3,ARVOR,A,2025-03-25T14:16:25Z,6.416666666666667,88.75,2.9,1,29.626,1,33.802,1
6990705,3,ARVOR,A,2025-03-25T14:16:25Z,6.416666666666667,88.75,3.9,1,29.611,1,33.815,1
6990705,3,ARVOR,A,2025-03-25T14:16:25Z,6.416666666666667,88.75,5.0,1,29.589,1,33.821,1
6990705,3,ARVOR,A,2025-03-25T14:16:25Z,6.416666666666667,88.75,6.1,1,29.57,1,33.822,1
6990705,3,ARVOR,A,2025-03-25T14:16:25Z,6.416666666666667,88.75,6.9,1,29.529,1,33.823,1
6990705,3,ARVOR,A,2025-03-25T14:16:25Z,6.416666666666667,88.75,7.7,1,29.486,1,33.822,1
6990705,3,ARVOR,A,2025-03-25T14:16:25Z,6.416666666666667,88.75,9.0,1,29.453,1,33.823,1
6990705,3,ARVOR,A,2025-03-25T14:16:25Z,6.416666666666667,88.75,10.3,1,29.435,1,33.823,1
6990705,3,ARVOR,A,2025-03-25T14:16:25Z,6.416666666666667,88.75,15.6,1,29.411,1,33.823,1
6990705,3,ARVOR,A,2025-03-25T14:16:25Z,6.416666666666667,88.75,25.4,1,29.385,1,33.823,1
6990705,3,ARVOR,A,2025-03-25T14:16:25Z,6.416666666666667,88.75,35.5,1,29.371,1,33.826,1
6990705,3,ARVOR,A,2025-03-25T14:16:25Z,6.416666666666667,88.75,45.3,1,29.314,1,33.941,1
6990705,3,ARVOR,A,2025-03-25T14:16:25Z,6.416666666666667,88.75,55.4,1,29.013,1,34.358,1
6990705,3,ARVOR,A,2025-03-25T14:16:25Z,6.416666666666667,88.75,65.6,1,27.274,1,34.177,1
6990705,3,ARVOR,A,2025-03-25T14:16:25Z,6.416666666666667,88.75,75.2,1,25.878,1,34.432,1
6990705,3,ARVOR,A,2025-03-25T14:16:25Z,6.416666666666667,88.75,85.8,1,24.326,1,34.632,1
6990705,3,ARVOR,A,2025-03-25T14:16:25Z,6.416666666666667,88.75,94.8,1,22.8,1,34.677,1
6990705,3,ARVOR,A,2025-03-25T14:16:25Z,6.416666666666667,88.75,105.4,1,20.907,1,34.66,1
6990705,3,ARVOR,A,2025-03-25T14:16:25Z,6.416666666666667,88.75,115.6,1,19.489,1,34.68,1
6990705,3,ARVOR,A,2025-03-25T14:16:25Z,6.416666666666667,88.75,125.4,1,18.203,1,34.724,1
6990705,3,ARVOR,A,2025-03-25T14:16:25Z,6.416666666666667,88.75,135.2,1,17.286,1,34.777,1
6990705,3,ARVOR,A,2025-03-25T14:16:25Z,6.416666666666667,88.75,145.3,1,16.702,1,34.812,1
6990705,3,ARVOR,A,2025-03-25T14:16:25Z,6.416666666666667,88.75,155.5,1,16.205,1,34.878,1
6990705,3,ARVOR,A,2025-03-25T14:16:25Z,6.416666666666667,88.75,165.3,1,15.528,1,34.93,1
6990705,3,ARVOR,A,2025-03-25T14:16:25Z,6.416666666666667,88.75,175.5,1,14.676,1,34.94,1
6990705,3,ARVOR,A,2025-03-25T14:16:25Z,6.416666666666667,88.75,185.6,1,14.323,1,34.958,1
6990705,3,ARVOR,A,2025-03-25T14:16:25Z,6.416666666666667,88.75,195.6,1,14.06,1,34.99,1
6990705,3,ARVOR,A,2025-03-25T14:16:25Z,6.416666666666667,88.75,212.3,1,13.512,1,35.026,1
6990705,3,ARVOR,A,2025-03-25T14:16:25Z,6.416666666666667,88.75,237.9,1,12.707,1,35.011,1
6990705,3,ARVOR,A,2025-03-25T14:16:25Z,6.416666666666667,88.75,262.8,1,12.417,1,35.025,1
6990705,3,ARVOR,A,2025-03-25T14:16:25Z,6.416666666666667,88.75,287.7,1,11.933,1,35.051,1
6990705,3,ARVOR,A,2025-03-25T14:16:25Z,6.416666666666667,88.75,312.9,1,11.595,1,35.062,1
6990705,3,ARVOR,A,2025-03-25T14:16:25Z,6.416666666666667,88.75,338.3,1,11.34,1,35.056,1
6990705,3,ARVOR,A,2025-03-25T14:16:25Z,6.416666666666667,88.75,363.1,1,11.125,1,35.057,1
6990705,3,ARVOR,A,2025-03-25T14:16:25Z,6.416666666666667,88.75,388.0,1,10.909,1,35.058,1
6990705,3,ARVOR,A,2025-03-25T14:16:25Z,6.416666666666667,88.75,413.3,1,10.654,1,35.056,1
6990705,3,ARVOR,A,2025-03-25T14:16:25Z,6.416666666666667,88.75,438.5,1,10.472,1,35.059,1
6990705,3,ARVOR,A,2025-03-25T14:16:25Z,6.416666666666667,88.75,463.2,1,10.323,1,35.058,1
6990705,3,ARVOR,A,2025-03-25T14:16:25Z,6.416666666666667,88.75,487.9,1,10.117,1,35.056,1
6990705,3,ARVOR,A,2025-03-25T14:16:25Z,6.416666666666667,88.75,513.0,1,9.988,1,35.053,1
6990705,3,ARVOR,A,2025-03-25T14:16:25Z,6.416666666666667,88.75,538.2,1,9.771,1,35.043,1
6990705,3,ARVOR,A,2025-03-25T14:16:25Z,6.416666666666667,88.75,563.1,1,9.577,1,35.036,1
6990705,3,ARVOR,A,2025-03-25T14:16:25Z,6.416666666666667,88.75,588.4,1,9.363,1,35.029,1
6990705,3,ARVOR,A,2025-03-25T14:16:25Z,6.416666666666667,88.75,613.0,1,9.148,1,35.023,1
6990705,3,ARVOR,A,2025-03-25T14:16:25Z,6.416666666666667,88.75,637.7,1,8.956,1,35.014,1
6990705,3,ARVOR,A,2025-03-25T14:16:25Z,6.416666666666667,88.75,662.4,1,8.793,1,35.015,1
6990705,3,ARVOR,A,2025-03-25T14:16:25Z,6.416666666666667,88.75,687.4,1,8.611,1,35.009,1
6990705,3,ARVOR,A,2025-03-25T14:16:25Z,6.416666666666667,88.75,712.8,1,8.458,1,35.003,1
6990705,3,ARVOR,A,2025-03-25T14:16:25Z,6.416666666666667,88.75,738.0,1,8.234,1,34.995,1
6990705,3,ARVOR,A,2025-03-25T14:16:25Z,6.416666666666667,88.75,762.9,1,8.015,1,34.987,1
6990705,3,ARVOR,A,2025-03-25T14:16:25Z,6.416666666666667,88.75,788.0,1,7.863,1,34.982,1
6990705,3,ARVOR,A,2025-03-25T14:16:25Z,6.416666666666667,88.75,813.1,1,7.705,1,34.976,1
6990705,3,ARVOR,A,2025-03-25T14:16:25Z,6.416666666666667,88.75,838.8,1,7.499,1,34.964,1
6990705,3,ARVOR,A,2025-03-25T14:16:25Z,6.416666666666667,88.75,863.0,1,7.367,1,34.959,1
6990705,3,ARVOR,A,2025-03-25T14:16:25Z,6.416666666666667,88.75,888.0,1,7.283,1,34.959,1
6990705,3,ARVOR,A,2025-03-25T14:16:25Z,6.416666666666667,88.75,913.1,1,7.167,1,34.956,1
6990705,3,ARVOR,A,2025-03-25T14:16:25Z,6.416666666666667,88.75,937.8,1,7.043,1,34.951,1
6990705,3,ARVOR,A,2025-03-25T14:16:25Z,6.416666666666667,88.75,962.7,1,6.907,1,34.945,1
6990705,3,ARVOR,A,2025-03-25T14:16:25Z,6.416666666666667,88.75,987.9,1,6.785,1,34.94,1
6990705,3,ARVOR,A,2025-03-25T14:16:25Z,6.416666666666667,88.75,1012.9,1,6.68,1,34.936,1
6990705,3,ARVOR,A,2025-03-25T14:16:25Z,6.416666666666667,88.75,1037.6,1,6.531,1,34.929,1
6990705,3,ARVOR,A,2025-03-25T14:16:25Z,6.416666666666667,88.75,1062.9,1,6.404,1,34.924,1
6990705,3,ARVOR,A,2025-03-25T14:16:25Z,6.416666666666667,88.75,1088.0,1,6.293,1,34.92,1
6990705,3,ARVOR,A,2025-03-25T14:16:25Z,6.416666666666667,88.75,1112.8,1,6.188,1,34.916,1
6990705,3,ARVOR,A,2025-03-25T14:16:25Z,6.416666666666667,88.75,1137.8,1,6.116,1,34.913,1
6990705,3,ARVOR,A,2025-03-25T14:16:25Z,6.416666666666667,88.75,1163.1,1,5.993,1,34.908,1
6990705,3,ARVOR,A,2025-03-25T14:16:25Z,6.416666666666667,88.75,1189.0,1,5.883,1,34.904,1
6990705,3,ARVOR,A,2025-03-25T14:16:25Z,6.416666666666667,88.75,1212.9,1,5.803,1,34.901,1
6990705,3,ARVOR,A,2025-03-25T14:16:25Z,6.416666666666667,88.75,1238.0,1,5.726,1,34.898,1
6990705,3,ARVOR,A,2025-03-25T14:16:25Z,6.416666666666667,88.75,1262.8,1,5.62,1,34.894,1
6990705,3,ARVOR,A,2025-03-25T14:16:25Z,6.416666666666667,88.75,1287.7,1,5.495,1,34.889,1
6990705,3,ARVOR,A,2025-03-25T14:16:25Z,6.416666666666667,88.75,1312.9,1,5.404,1,34.886,1
6990705,3,ARVOR,A,2025-03-25T14:16:25Z,6.416666666666667,88.75,1338.0,1,5.319,1,34.883,1
6990705,3,ARVOR,A,2025-03-25T14:16:25Z,6.416666666666667,88.75,1363.0,1,5.223,1,34.879,1
6990705,3,ARVOR,A,2025-03-25T14:16:25Z,6.416666666666667,88.75,1388.0,1,5.155,1,34.877,1
6990705,3,ARVOR,A,2025-03-25T14:16:25Z,6.416666666666667,88.75,1413.0,1,5.06,1,34.873,1
6990705,3,ARVOR,A,2025-03-25T14:16:25Z,6.416666666666667,88.75,1438.0,1,4.915,1,34.868,1
6990705,3,ARVOR,A,2025-03-25T14:16:25Z,6.416666666666667,88.75,1462.7,1,4.811,1,34.864,1
6990705,3,ARVOR,A,2025-03-25T14:16:25Z,6.416666666666667,88.75,1487.9,1,4.687,1,34.86,1
6990705,3,ARVOR,A,2025-03-25T14:16:25Z,6.416666666666667,88.75,1512.8,1,4.577,1,34.856,1
6990705,3,ARVOR,A,2025-03-25T14:16:25Z,6.416666666666667,88.75,1537.6,1,4.432,1,34.851,1
6990705,3,ARVOR,A,2025-03-25T14:16:25Z,6.416666666666667,88.75,1562.9,1,4.3,1,34.847,1
6990705,3,ARVOR,A,2025-03-25T14:16:25Z,6.416666666666667,88.75,1587.8,1,4.214,1,34.843,1
6990705,3,ARVOR,A,2025-03-25T14:16:25Z,6.416666666666667,88.75,1612.4,1,4.12,1,34.84,1
6990705,3,ARVOR,A,2025-03-25T14:16:25Z,6.416666666666667,88.75,1638.3,1,4.031,1,34.837,1
6990705,3,ARVOR,A,2025-03-25T14:16:25Z,6.416666666666667,88.75,1663.0,1,3.924,1,34.833,1
6990705,3,ARVOR,A,2025-03-25T14:16:25Z,6.416666666666667,88.75,1687.7,1,3.815,1,34.828,1
6990705,3,ARVOR,A,2025-03-25T14:16:25Z,6.416666666666667,88.75,1712.5,1,3.725,1,34.825,1
6990705,3,ARVOR,A,2025-03-25T14:16:25Z,6.416666666666667,88.75,1737.6,1,3.639,1,34.821,1
6990705,3,ARVOR,A,2025-03-25T14:16:25Z,6.416666666666667,88.75,1763.0,1,3.56,1,34.818,1
6990705,3,ARVOR,A,2025-03-25T14:16:25Z,6.416666666666667,88.75,1787.8,1,3.486,1,34.815,1
6990705,3,ARVOR,A,2025-03-25T14:16:25Z,6.416666666666667,88.75,1812.6,1,3.408,1,34.811,1
6990705,3,ARVOR,A,2025-03-25T14:16:25Z,6.416666666666667,88.75,1838.1,1,3.346,1,34.808,1
6990705,3,ARVOR,A,2025-03-25T14:16:25Z,6.416666666666667,88.75,1863.5,1,3.267,1,34.805,1
6990705,3,ARVOR,A,2025-03-25T14:16:25Z,6.416666666666667,88.75,1888.1,1,3.187,1,34.801,1
6990705,3,ARVOR,A,2025-03-25T14:16:25Z,6.416666666666667,88.75,1912.8,1,3.124,1,34.798,1
6990705,3,ARVOR,A,2025-03-25T14:16:25Z,6.416666666666667,88.75,1937.6,1,3.07,1,34.795,1
6990705,3,ARVOR,A,2025-03-25T14:16:25Z,6.416666666666667,88.75,1962.9,1,2.991,1,34.792,1
6990705,3,ARVOR,A,2025-03-25T14:16:25Z,6.416666666666667,88.75,1988.1,1,2.946,1,34.79,1
6990705,3,ARVOR,A,2025-03-25T14:16:25Z,6.416666666666667,88.75,2013.6,1,2.907,1,34.788,1
6990715,3,ARVOR,A,2025-04-01T19:52:02Z,9.4,68.45,0.4,1,30.137,1,34.274,1
6990715,3,ARVOR,A,2025-04-01T19:52:02Z,9.4,68.45,1.0,1,30.135,1,34.276,1
6990715,3,ARVOR,A,2025-04-01T19:52:02Z,9.4,68.45,1.8,1,30.14,1,34.273,1
6990715,3,ARVOR,A,2025-04-01T19:52:02Z,9.4,68.45,2.9,1,30.138,1,34.276,1
6990715,3,ARVOR,A,2025-04-01T19:52:02Z,9.4,68.45,3.8,1,30.143,1,34.274,1
6990715,3,ARVOR,A,2025-04-01T19:52:02Z,9.4,68.45,4.8,1,30.143,1,34.274,1
6990715,3,ARVOR,A,2025-04-01T19:52:02Z,9.4,68.45,5.9,1,30.149,1,34.275,1
6990715,3,ARVOR,A,2025-04-01T19:52:02Z,9.4,68.45,7.0,1,30.15,1,34.273,1
6990715,3,ARVOR,A,2025-04-01T19:52:02Z,9.4,68.45,8.2,1,30.148,1,34.273,1
6990715,3,ARVOR,A,2025-04-01T19:52:02Z,9.4,68.45,9.0,1,30.143,1,34.274,1
6990715,3,ARVOR,A,2025-04-01T19:52:02Z,9.4,68.45,9.8,1,30.138,1,34.275,1
6990715,3,ARVOR,A,2025-04-01T19:52:02Z,9.4,68.45,15.6,1,30.047,1,34.357,1
6990715,3,ARVOR,A,2025-04-01T19:52:02Z,9.4,68.45,24.8,1,29.905,1,34.717,1
6990715,3,ARVOR,A,2025-04-01T19:52:02Z,9.4,68.45,35.3,1,29.649,1,35.038,1
6990715,3,ARVOR,A,2025-04-01T19:52:02Z,9.4,68.45,45.5,1,29.513,1,35.064,1
6990715,3,ARVOR,A,2025-04-01T19:52:02Z,9.4,68.45,55.6,1,29.344,1,35.085,1
6990715,3,ARVOR,A,2025-04-01T19:52:02Z,9.4,68.45,66.2,1,28.953,1,35.205,1
6990715,3,ARVOR,A,2025-04-01T19:52:02Z,9.4,68.45,74.7,1,28.335,1,35.619,1
6990715,3,ARVOR,A,2025-04-01T19:52:02Z,9.4,68.45,85.1,1,27.684,1,35.972,1
6990715,3,ARVOR,A,2025-04-01T19:52:02Z,9.4,68.45,95.9,1,27.23,1,36.102,1
6990715,3,ARVOR,A,2025-04-01T19:52:02Z,9.4,68.45,106.1,1,27.046,1,36.173,1
6990715,3,ARVOR,A,2025-04-01T19:52:02Z,9.4,68.45,116.1,1,26.347,1,36.044,1
6990715,3,ARVOR,A,2025-04-01T19:52:02Z,9.4,68.45,126.0,1,23.933,1,35.527,1
6990715,3,ARVOR,A,2025-04-01T19:52:02Z,9.4,68.45,134.9,1,22.524,1,35.448,1
6990715,3,ARVOR,A,2025-04-01T19:52:02Z,9.4,68.45,145.1,1,21.554,1,35.395,1
6990715,3,ARVOR,A,2025-04-01T19:52:02Z,9.4,68.45,155.7,1,21.079,1,35.41,1
6990715,3,ARVOR,A,2025-04-01T19:52:02Z,9.4,68.45,165.7,1,20.507,1,35.438,1
6990715,3,ARVOR,A,2025-04-01T19:52:02Z,9.4,68.45,174.8,1,19.921,1,35.419,1
6990715,3,ARVOR,A,2025-04-01T19:52:02Z,9.4,68.45,185.1,1,18.903,1,35.434,1
6990715,3,ARVOR,A,2025-04-01T19:52:02Z,9.4,68.45,195.1,1,17.87,1,35.363,1
6990715,3,ARVOR,A,2025-04-01T19:52:02Z,9.4,68.45,213.1,1,16.166,1,35.196,1
6990715,3,ARVOR,A,2025-04-01T19:52:02Z,9.4,68.45,237.5,1,15.381,1,35.22,1
6990715,3,ARVOR,A,2025-04-01T19:52:02Z,9.4,68.45,263.3,1,14.684,1,35.219,1
6990715,3,ARVOR,A,2025-04-01T19:52:02Z,9.4,68.45,288.3,1,13.84,1,35.21,1
6990715,3,ARVOR,A,2025-04-01T19:52:02Z,9.4,68.45,312.9,1,13.215,1,35.203,1
6990715,3,ARVOR,A,2025-04-01T19:52:02Z,9.4,68.45,337.8,1,12.895,1,35.237,1
6990715,3,ARVOR,A,2025-04-01T19:52:02Z,9.4,68.45,362.9,1,12.62,1,35.247,1
6990715,3,ARVOR,A,2025-04-01T19:52:02Z,9.4,68.45,388.4,1,12.362,1,35.236,1
6990715,3,ARVOR,A,2025-04-01T19:52:02Z,9.4,68.45,413.2,1,12.078,1,35.215,1
6990715,3,ARVOR,A,2025-04-01T19:52:02Z,9.4,68.45,437.9,1,11.826,1,35.206,1
6990715,3,ARVOR,A,2025-04-01T19:52:02Z,9.4,68.45,463.2,1,11.778,1,35.243,1
6990715,3,ARVOR,A,2025-04-01T19:52:02Z,9.4,68.45,488.2,1,11.512,1,35.226,1
6990715,3,ARVOR,A,2025-04-01T19:52:02Z,9.4,68.45,512.6,1,11.284,1,35.217,1
6990715,3,ARVOR,A,2025-04-01T19:52:02Z,9.4,68.45,537.6,1,11.0,1,35.193,1
6990715,3,ARVOR,A,2025-04-01T19:52:02Z,9.4,68.45,563.1,1,10.642,1,35.16,1
6990715,3,ARVOR,A,2025-04-01T19:52:02Z,9.4,68.45,588.2,1,10.513,1,35.173,1
6990715,3,ARVOR,A,2025-04-01T19:52:02Z,9.4,68.45,613.3,1,10.431,1,35.195,1
6990715,3,ARVOR,A,2025-04-01T19:52:02Z,9.4,68.45,638.4,1,10.254,1,35.199,1
6990715,3,ARVOR,A,2025-04-01T19:52:02Z,9.4,68.45,663.0,1,9.881,1,35.161,1
6990715,3,ARVOR,A,2025-04-01T19:52:02Z,9.4,68.45,687.8,1,9.83,1,35.194,1
6990715,3,ARVOR,A,2025-04-01T19:52:02Z,9.4,68.45,712.9,1,9.751,1,35.205,1
6990715,3,ARVOR,A,2025-04-01T19:52:02Z,9.4,68.45,737.7,1,9.632,1,35.205,1
6990715,3,ARVOR,A,2025-04-01T19:52:02Z,9.4,68.45,763.0,1,9.347,1,35.175,1
6990715,3,ARVOR,A,2025-04-01T19:52:02Z,9.4,68.45,787.8,1,9.177,1,35.161,1
6990715,3,ARVOR,A,2025-04-01T19:52:02Z,9.4,68.45,812.7,1,8.907,1,35.144,1
6990715,3,ARVOR,A,2025-04-01T19:52:02Z,9.4,68.45,837.5,1,8.943,1,35.189,1
6990715,3,ARVOR,A,2025-04-01T19:52:02Z,9.4,68.45,862.7,1,8.785,1,35.176,1
6990715,3,ARVOR,A,2025-04-01T19:52:02Z,9.4,68.45,887.8,1,8.735,1,35.189,1
6990715,3,ARVOR,A,2025-04-01T19:52:02Z,9.4,68.45,912.7,1,8.676,1,35.207,1
6990715,3,ARVOR,A,2025-04-01T19:52:02Z,9.4,68.45,938.0,1,8.462,1,35.2,1
6990715,3,ARVOR,A,2025-04-01T19:52:02Z,9.4,68.45,963.3,1,8.277,1,35.189,1
6990715,3,ARVOR,A,2025-04-01T19:52:02Z,9.4,68.45,988.2,1,8.139,1,35.18,1
6990715,3,ARVOR,A,2025-04-01T19:52:02Z,9.4,68.45,1013.6,1,7.918,1,35.162,1
6990715,3,ARVOR,A,2025-04-01T19:52:02Z,9.4,68.45,1037.8,1,7.72,1,35.143,1
6990715,3,ARVOR,A,2025-04-01T19:52:02Z,9.4,68.45,1063.0,1,7.62,1,35.147,1
6990715,3,ARVOR,A,2025-04-01T19:52:02Z,9.4,68.45,1088.1,1,7.52,1,35.147,1
6990715,3,ARVOR,A,2025-04-01T19:52:02Z,9.4,68.45,1113.0,1,7.278,1,35.12,1
6990715,3,ARVOR,A,2025-04-01T19:52:02Z,9.4,68.45,1137.9,1,7.119,1,35.105,1
6990715,3,ARVOR,A,2025-04-01T19:52:02Z,9.4,68.45,1162.8,1,6.92,1,35.085,1
6990715,3,ARVOR,A,2025-04-01T19:52:02Z,9.4,68.45,1187.8,1,6.666,1,35.058,1
6990715,3,ARVOR,A,2025-04-01T19:52:02Z,9.4,68.45,1212.8,1,6.485,1,35.042,1
6990715,3,ARVOR,A,2025-04-01T19:52:02Z,9.4,68.45,1237.8,1,6.341,1,35.031,1
6990715,3,ARVOR,A,2025-04-01T19:52:02Z,9.4,68.45,1263.1,1,6.188,1,35.02,1
6990715,3,ARVOR,A,2025-04-01T19:52:02Z,9.4,68.45,1288.0,1,6.038,1,35.011,1
6990715,3,ARVOR,A,2025-04-01T19:52:02Z,9.4,68.45,1312.7,1,5.798,1,34.986,1
6990715,3,ARVOR,A,2025-04-01T19:52:02Z,9.4,68.45,1337.8,1,5.557,1,34.962,1
6990715,3,ARVOR,A,2025-04-01T19:52:02Z,9.4,68.45,1362.7,1,5.426,1,34.951,1
6990715,3,ARVOR,A,2025-04-01T19:52:02Z,9.4,68.45,1387.5,1,5.254,1,34.94,1
6990715,3,ARVOR,A,2025-04-01T19:52:02Z,9.4,68.45,1413.0,1,5.086,1,34.931,1
6990715,3,ARVOR,A,2025-04-01T19:52:02Z,9.4,68.45,1437.9,1,4.943,1,34.922,1
6990715,3,ARVOR,A,2025-04-01T19:52:02Z,9.4,68.45,1462.9,1,4.82,1,34.916,1
6990715,3,ARVOR,A,2025-04-01T19:52:02Z,9.4,68.45,1487.7,1,4.686,1,34.907,1
6990715,3,ARVOR,A,2025-04-01T19:52:02Z,9.4,68.45,1512.8,1,4.571,1,34.899,1
6990715,3,ARVOR,A,2025-04-01T19:52:02Z,9.4,68.45,1538.2,1,4.482,1,34.894,1
6990715,3,ARVOR,A,2025-04-01T19:52:02Z,9.4,68.45,1563.0,1,4.35,1,34.883,1
6990715,3,ARVOR,A,2025-04-01T19:52:02Z,9.4,68.45,1587.7,1,4.212,1,34.871,1
6990715,3,ARVOR,A,2025-04-01T19:52:02Z,9.4,68.45,1613.1,1,4.11,1,34.865,1
6990715,3,ARVOR,A,2025-04-01T19:52:02Z,9.4,68.45,1638.2,1,3.999,1,34.857,1
6990715,3,ARVOR,A,2025-04-01T19:52:02Z,9.4,68.45,1663.3,1,3.878,1,34.851,1
6990715,3,ARVOR,A,2025-04-01T19:52:02Z,9.4,68.45,1688.3,1,3.771,1,34.844,1
6990715,3,ARVOR,A,2025-04-01T19:52:02Z,9.4,68.45,1712.9,1,3.665,1,34.837,1
6990715,3,ARVOR,A,2025-04-01T19:52:02Z,9.4,68.45,1738.1,1,3.582,1,34.831,1
6990715,3,ARVOR,A,2025-04-01T19:52:02Z,9.4,68.45,1762.6,1,3.509,1,34.827,1
6990715,3,ARVOR,A,2025-04-01T19:52:02Z,9.4,68.45,1787.9,1,3.432,1,34.822,1
6990715,3,ARVOR,A,2025-04-01T19:52:02Z,9.4,68.45,1812.8,1,3.357,1,34.817,1
6990715,3,ARVOR,A,2025-04-01T19:52:02Z,9.4,68.45,1838.5,1,3.294,1,34.814,1
6990715,3,ARVOR,A,2025-04-01T19:52:02Z,9.4,68.45,1863.2,1,3.234,1,34.81,1
6990715,3,ARVOR,A,2025-04-01T19:52:02Z,9.4,68.45,1887.8,1,3.172,1,34.807,1
6990715,3,ARVOR,A,2025-04-01T19:52:02Z,9.4,68.45,1912.9,1,3.12,1,34.804,1
6990715,3,ARVOR,A,2025-04-01T19:52:02Z,9.4,68.45,1938.1,1,3.051,1,34.801,1
6990715,3,ARVOR,A,2025-04-01T19:52:02Z,9.4,68.45,1963.0,1,2.978,1,34.797,1
6990715,3,ARVOR,A,2025-04-01T19:52:02Z,9.4,68.45,1988.2,1,2.919,1,34.793,1
6990715,3,ARVOR,A,2025-04-01T19:52:02Z,9.4,68.45,2003.9,1,2.889,1,34.791,1
7902250,10,PROVOR_III,A,2025-04-03T13:22:00Z,-1.661405,85.571125,2.5,1,29.847,1,34.535,1
7902250,10,PROVOR_III,A,2025-04-03T13:22:00Z,-1.661405,85.571125,3.5,1,29.666,1,34.503,1
7902250,10,PROVOR_III,A,2025-04-03T13:22:00Z,-1.661405,85.571125,4.5,1,29.591,1,34.502,1
7902250,10,PROVOR_III,A,2025-04-03T13:22:00Z,-1.661405,85.571125,5.5,1,29.526,1,34.5,1
7902250,10,PROVOR_III,A,2025-04-03T13:22:00Z,-1.661405,85.571125,6.6,1,29.452,1,34.492,1
7902250,10,PROVOR_III,A,2025-04-03T13:22:00Z,-1.661405,85.571125,7.6,1,29.418,1,34.489,1
7902250,10,PROVOR_III,A,2025-04-03T13:22:00Z,-1.661405,85.571125,8.5,1,29.394,1,34.49,1
7902250,10,PROVOR_III,A,2025-04-03T13:22:00Z,-1.661405,85.571125,9.4,1,29.378,1,34.49,1
7902250,10,PROVOR_III,A,2025-04-03T13:22:00Z,-1.661405,85.571125,10.5,1,29.361,1,34.489,1
7902250,10,PROVOR_III,A,2025-04-03T13:22:00Z,-1.661405,85.571125,11.6,1,29.35,1,34.489,1
7902250,10,PROVOR_III,A,2025-04-03T13:22:00Z,-1.661405,85.571125,12.5,1,29.346,1,34.489,1
7902250,10,PROVOR_III,A,2025-04-03T13:22:00Z,-1.661405,85.571125,13.5,1,29.337,1,34.49,1
7902250,10,PROVOR_III,A,2025-04-03T13:22:00Z,-1.661405,85.571125,14.6,1,29.333,1,34.489,1
7902250,10,PROVOR_III,A,2025-04-03T13:22:00Z,-1.661405,85.571125,15.5,1,29.327,1,34.489,1
7902250,10,PROVOR_III,A,2025-04-03T13:22:00Z,-1.661405,85.571125,16.5,1,29.322,1,34.489,1
7902250,10,PROVOR_III,A,2025-04-03T13:22:00Z,-1.661405,85.571125,17.6,1,29.318,1,34.49,1
7902250,10,PROVOR_III,A,2025-04-03T13:22:00Z,-1.661405,85.571125,18.5,1,29.314,1,34.49,1
7902250,10,PROVOR_III,A,2025-04-03T13:22:00Z,-1.661405,85.571125,19.5,1,29.312,1,34.49,1
7902250,10,PROVOR_III,A,2025-04-03T13:22:00Z,-1.661405,85.571125,24.9,1,29.292,1,34.492,1
7902250,10,PROVOR_III,A,2025-04-03T13:22:00Z,-1.661405,85.571125,34.9,1,29.266,1,34.501,1
7902250,10,PROVOR_III,A,2025-04-03T13:22:00Z,-1.661405,85.571125,44.9,1,29.296,1,34.547,1
7902250,10,PROVOR_III,A,2025-04-03T13:22:00Z,-1.661405,85.571125,55.1,1,28.994,1,34.704,1
7902250,10,PROVOR_III,A,2025-04-03T13:22:00Z,-1.661405,85.571125,65.0,1,27.686,1,35.034,1
7902250,10,PROVOR_III,A,2025-04-03T13:22:00Z,-1.661405,85.571125,75.0,1,25.488,1,35.049,1
7902250,10,PROVOR_III,A,2025-04-03T13:22:00Z,-1.661405,85.571125,85.1,1,24.084,1,34.976,1
7902250,10,PROVOR_III,A,2025-04-03T13:22:00Z,-1.661405,85.571125,94.9,1,23.297,1,34.989,1
7902250,10,PROVOR_III,A,2025-04-03T13:22:00Z,-1.661405,85.571125,105.1,1,22.958,1,34.997,1
7902250,10,PROVOR_III,A,2025-04-03T13:22:00Z,-1.661405,85.571125,115.2,1,22.352,1,35.065,1
7902250,10,PROVOR_III,A,2025-04-03T13:22:00Z,-1.661405,85.571125,125.0,1,20.667,1,35.124,1
7902250,10,PROVOR_III,A,2025-04-03T13:22:00Z,-1.661405,85.571125,135.0,1,19.056,1,35.153,1
7902250,10,PROVOR_III,A,2025-04-03T13:22:00Z,-1.661405,85.571125,145.3,1,17.917,1,35.148,1
7902250,10,PROVOR_III,A,2025-04-03T13:22:00Z,-1.661405,85.571125,154.9,1,15.359,1,35.072,1
7902250,10,PROVOR_III,A,2025-04-03T13:22:00Z,-1.661405,85.571125,164.8,1,14.646,1,35.089,1
7902250,10,PROVOR_III,A,2025-04-03T13:22:00Z,-1.661405,85.571125,175.1,1,14.425,1,35.092,1
7902250,10,PROVOR_III,A,2025-04-03T13:22:00Z,-1.661405,85.571125,185.0,1,14.036,1,35.098,1
7902250,10,PROVOR_III,A,2025-04-03T13:22:00Z,-1.661405,85.571125,194.8,1,13.572,1,35.086,1
7902250,10,PROVOR_III,A,2025-04-03T13:22:00Z,-1.661405,85.571125,210.0,1,13.174,1,35.07,1
7902250,10,PROVOR_III,A,2025-04-03T13:22:00Z,-1.661405,85.571125,230.0,1,12.738,1,35.072,1
7902250,10,PROVOR_III,A,2025-04-03T13:22:00Z,-1.661405,85.571125,250.2,1,12.275,1,35.045,1
7902250,10,PROVOR_III,A,2025-04-03T13:22:00Z,-1.661405,85.571125,269.9,1,11.928,1,35.033,1
7902250,10,PROVOR_III,A,2025-04-03T13:22:00Z,-1.661405,85.571125,289.7,1,11.552,1,35.007,1
7902250,10,PROVOR_III,A,2025-04-03T13:22:00Z,-1.661405,85.571125,309.9,1,11.267,1,35.001,1
7902250,10,PROVOR_III,A,2025-04-03T13:22:00Z,-1.661405,85.571125,330.0,1,11.289,1,35.02,1
7902250,10,PROVOR_III,A,2025-04-03T13:22:00Z,-1.661405,85.571125,349.9,1,11.276,1,35.023,1
7902250,10,PROVOR_III,A,2025-04-03T13:22:00Z,-1.661405,85.571125,370.2,1,11.033,1,35.007,1
7902250,10,PROVOR_III,A,2025-04-03T13:22:00Z,-1.661405,85.571125,390.1,1,10.889,1,34.995,1
7902250,10,PROVOR_III,A,2025-04-03T13:22:00Z,-1.661405,85.571125,409.8,1,10.764,1,34.986,1
7902250,10,PROVOR_III,A,2025-04-03T13:22:00Z,-1.661405,85.571125,429.8,1,10.65,1,34.978,1
7902250,10,PROVOR_III,A,2025-04-03T13:22:00Z,-1.661405,85.571125,449.8,1,10.521,1,34.971,1
7902250,10,PROVOR_III,A,2025-04-03T13:22:00Z,-1.661405,85.571125,469.8,1,10.091,1,34.944,1
7902250,10,PROVOR_III,A,2025-04-03T13:22:00Z,-1.661405,85.571125,490.0,1,9.909,1,34.951,1
7902250,10,PROVOR_III,A,2025-04-03T13:22:00Z,-1.661405,85.571125,512.5,1,9.883,1,34.964,1
7902250,10,PROVOR_III,A,2025-04-03T13:22:00Z,-1.661405,85.571125,537.3,1,9.814,1,34.959,1
7902250,10,PROVOR_III,A,2025-04-03T13:22:00Z,-1.661405,85.571125,562.6,1,9.582,1,34.96,1
7902250,10,PROVOR_III,A,2025-04-03T13:22:00Z,-1.661405,85.571125,587.8,1,9.555,1,34.994,1
7902250,10,PROVOR_III,A,2025-04-03T13:22:00Z,-1.661405,85.571125,612.4,1,9.459,1,34.987,1
7902250,10,PROVOR_III,A,2025-04-03T13:22:00Z,-1.661405,85.571125,638.0,1,9.201,1,34.968,1
7902250,10,PROVOR_III,A,2025-04-03T13:22:00Z,-1.661405,85.571125,662.4,1,8.995,1,34.969,1
7902250,10,PROVOR_III,A,2025-04-03T13:22:00Z,-1.661405,85.571125,687.4,1,8.819,1,34.976,1
7902250,10,PROVOR_III,A,2025-04-03T13:22:00Z,-1.661405,85.571125,712.6,1,8.553,1,34.964,1
7902250,10,PROVOR_III,A,2025-04-03T13:22:00Z,-1.661405,85.571125,737.8,1,8.33,1,34.953,1
7902250,10,PROVOR_III,A,2025-04-03T13:22:00Z,-1.661405,85.571125,762.1,1,8.235,1,34.968,1
7902250,10,PROVOR_III,A,2025-04-03T13:22:00Z,-1.661405,85.571125,787.3,1,8.116,1,34.977,1
7902250,10,PROVOR_III,A,2025-04-03T13:22:00Z,-1.661405,85.571125,812.2,1,7.832,1,34.947,1
7902250,10,PROVOR_III,A,2025-04-03T13:22:00Z,-1.661405,85.571125,837.4,1,7.579,1,34.921,1
7902250,10,PROVOR_III,A,2025-04-03T13:22:00Z,-1.661405,85.571125,862.4,1,7.417,1,34.919,1
7902250,10,PROVOR_III,A,2025-04-03T13:22:00Z,-1.661405,85.571125,887.5,1,7.202,1,34.924,1
7902250,10,PROVOR_III,A,2025-04-03T13:22:00Z,-1.661405,85.571125,912.2,1,6.964,1,34.914,1
7902250,10,PROVOR_III,A,2025-04-03T13:22:00Z,-1.661405,85.571125,937.7,1,6.751,1,34.917,1
7902250,10,PROVOR_III,A,2025-04-03T13:22:00Z,-1.661405,85.571125,962.4,1,6.641,1,34.921,1
7902250,10,PROVOR_III,A,2025-04-03T13:22:00Z,-1.661405,85.571125,987.5,1,6.48,1,34.912,1
7902250,10,PROVOR_III,A,2025-04-03T13:22:00Z,-1.661405,85.571125,1025.1,1,6.338,1,34.909,1
7902250,10,PROVOR_III,A,2025-04-03T13:22:00Z,-1.661405,85.571125,1074.7,1,6.125,1,34.903,1
7902250,10,PROVOR_III,A,2025-04-03T13:22:00Z,-1.661405,85.571125,1124.9,1,5.931,1,34.896,1
7902250,10,PROVOR_III,A,2025-04-03T13:22:00Z,-1.661405,85.571125,1174.8,1,5.762,1,34.887,1
7902250,10,PROVOR_III,A,2025-04-03T13:22:00Z,-1.661405,85.571125,1225.7,1,5.428,1,34.859,1
7902250,10,PROVOR_III,A,2025-04-03T13:22:00Z,-1.661405,85.571125,1274.6,1,5.26,1,34.858,1
7902250,10,PROVOR_III,A,2025-04-03T13:22:00Z,-1.661405,85.571125,1325.0,1,5.139,1,34.863,1
7902250,10,PROVOR_III,A,2025-04-03T13:22:00Z,-1.661405,85.571125,1375.2,1,4.964,1,34.853,1
7902250,10,PROVOR_III,A,2025-04-03T13:22:00Z,-1.661405,85.571125,1424.8,1,4.684,1,34.841,1
7902250,10,PROVOR_III,A,2025-04-03T13:22:00Z,-1.661405,85.571125,1475.4,1,4.431,1,34.83,1
7902250,10,PROVOR_III,A,2025-04-03T13:22:00Z,-1.661405,85.571125,1524.6,1,4.186,1,34.826,1
7902250,10,PROVOR_III,A,2025-04-03T13:22:00Z,-1.661405,85.571125,1574.9,1,4.085,1,34.822,1
7902250,10,PROVOR_III,A,2025-04-03T13:22:00Z,-1.661405,85.571125,1624.8,1,3.923,1,34.811,1
7902250,10,PROVOR_III,A,2025-04-03T13:22:00Z,-1.661405,85.571125,1675.0,1,3.753,1,34.803,1
7902250,10,PROVOR_III,A,2025-04-03T13:22:00Z,-1.661405,85.571125,1724.8,1,3.542,1,34.794,1
7902250,10,PROVOR_III,A,2025-04-03T13:22:00Z,-1.661405,85.571125,1774.3,1,3.396,1,34.789,1
7902250,10,PROVOR_III,A,2025-04-03T13:22:00Z,-1.661405,85.571125,1824.9,1,3.21,1,34.783,1
7902250,10,PROVOR_III,A,2025-04-03T13:22:00Z,-1.661405,85.571125,1875.3,1,3.048,1,34.777,1
7902250,10,PROVOR_III,A,2025-04-03T13:22:00Z,-1.661405,85.571125,1924.7,1,2.885,1,34.772,1
7902250,10,PROVOR_III,A,2025-04-03T13:22:00Z,-1.661405,85.571125,1964.0,1,2.789,1,34.769,1
7902250,11,PROVOR_III,A,2025-04-13T13:26:00Z,-1.8386716666666667,85.39327666666667,2.4,1,29.987,1,34.493,1
7902250,11,PROVOR_III,A,2025-04-13T13:26:00Z,-1.8386716666666667,85.39327666666667,3.5,1,29.995,1,34.494,1
7902250,11,PROVOR_III,A,2025-04-13T13:26:00Z,-1.8386716666666667,85.39327666666667,4.5,1,29.996,1,34.493,1
7902250,11,PROVOR_III,A,2025-04-13T13:26:00Z,-1.8386716666666667,85.39327666666667,5.5,1,29.995,1,34.493,1
7902250,11,PROVOR_III,A,2025-04-13T13:26:00Z,-1.8386716666666667,85.39327666666667,6.5,1,29.992,1,34.489,1
7902250,11,PROVOR_III,A,2025-04-13T13:26:00Z,-1.8386716666666667,85.39327666666667,7.5,1,29.994,1,34.49,1
7902250,11,PROVOR_III,A,2025-04-13T13:26:00Z,-1.8386716666666667,85.39327666666667,8.5,1,29.992,1,34.489,1
7902250,11,PROVOR_III,A,2025-04-13T13:26:00Z,-1.8386716666666667,85.39327666666667,9.6,1,29.99,1,34.488,1
7902250,11,PROVOR_III,A,2025-04-13T13:26:00Z,-1.8386716666666667,85.39327666666667,10.5,1,29.99,1,34.488,1
7902250,11,PROVOR_III,A,2025-04-13T13:26:00Z,-1.8386716666666667,85.39327666666667,11.5,1,29.971,1,34.49,1
7902250,11,PROVOR_III,A,2025-04-13T13:26:00Z,-1.8386716666666667,85.39327666666667,12.5,1,29.95,1,34.485,1
7902250,11,PROVOR_III,A,2025-04-13T13:26:00Z,-1.8386716666666667,85.39327666666667,13.5,1,29.94,1,34.484,1
7902250,11,PROVOR_III,A,2025-04-13T13:26:00Z,-1.8386716666666667,85.39327666666667,14.4,1,29.866,1,34.479,1
7902250,11,PROVOR_III,A,2025-04-13T13:26:00Z,-1.8386716666666667,85.39327666666667,15.5,1,29.842,1,34.477,1
7902250,11,PROVOR_III,A,2025-04-13T13:26:00Z,-1.8386716666666667,85.39327666666667,16.6,1,29.84,1,34.478,1
7902250,11,PROVOR_III,A,2025-04-13T13:26:00Z,-1.8386716666666667,85.39327666666667,17.5,1,29.839,1,34.48,1
7902250,11,PROVOR_III,A,2025-04-13T13:26:00Z,-1.8386716666666667,85.39327666666667,18.4,1,29.837,1,34.48,1
7902250,11,PROVOR_III,A,2025-04-13T13:26:00Z,-1.8386716666666667,85.39327666666667,19.5,1,29.826,1,34.48,1
7902250,11,PROVOR_III,A,2025-04-13T13:26:00Z,-1.8386716666666667,85.39327666666667,25.0,1,29.787,1,34.505,1
7902250,11,PROVOR_III,A,2025-04-13T13:26:00Z,-1.8386716666666667,85.39327666666667,34.8,1,29.559,1,34.552,1
7902250,11,PROVOR_III,A,2025-04-13T13:26:00Z,-1.8386716666666667,85.39327666666667,44.9,1,29.435,1,34.589,1
7902250,11,PROVOR_III,A,2025-04-13T13:26:00Z,-1.8386716666666667,85.39327666666667,54.8,1,29.097,1,34.685,1
7902250,11,PROVOR_III,A,2025-04-13T13:26:00Z,-1.8386716666666667,85.39327666666667,65.1,1,28.175,1,34.715,1
7902250,11,PROVOR_III,A,2025-04-13T13:26:00Z,-1.8386716666666667,85.39327666666667,75.0,1,27.012,1,35.009,1
7902250,11,PROVOR_III,A,2025-04-13T13:26:00Z,-1.8386716666666667,85.39327666666667,84.9,1,24.183,1,35.053,1
7902250,11,PROVOR_III,A,2025-04-13T13:26:00Z,-1.8386716666666667,85.39327666666667,94.8,1,22.084,1,35.1,1
7902250,11,PROVOR_III,A,2025-04-13T13:26:00Z,-1.8386716666666667,85.39327666666667,105.1,1,21.041,1,35.183,1
7902250,11,PROVOR_III,A,2025-04-13T13:26:00Z,-1.8386716666666667,85.39327666666667,115.0,1,20.436,1,35.192,1
7902250,11,PROVOR_III,A,2025-04-13T13:26:00Z,-1.8386716666666667,85.39327666666667,125.2,1,19.24,1,35.18,1
7902250,11,PROVOR_III,A,2025-04-13T13:26:00Z,-1.8386716666666667,85.39327666666667,135.1,1,18.24,1,35.16,1
7902250,11,PROVOR_III,A,2025-04-13T13:26:00Z,-1.8386716666666667,85.39327666666667,144.9,1,16.983,1,35.155,1
7902250,11,PROVOR_III,A,2025-04-13T13:26:00Z,-1.8386716666666667,85.39327666666667,154.8,1,15.826,1,35.118,1
7902250,11,PROVOR_III,A,2025-04-13T13:26:00Z,-1.8386716666666667,85.39327666666667,164.8,1,15.293,1,35.066,1
7902250,11,PROVOR_III,A,2025-04-13T13:26:00Z,-1.8386716666666667,85.39327666666667,175.0,1,14.771,1,35.045,1
7902250,11,PROVOR_III,A,2025-04-13T13:26:00Z,-1.8386716666666667,85.39327666666667,185.0,1,14.3,1,35.033,1
7902250,11,PROVOR_III,A,2025-04-13T13:26:00Z,-1.8386716666666667,85.39327666666667,195.0,1,13.707,1,35.031,1
7902250,11,PROVOR_III,A,2025-04-13T13:26:00Z,-1.8386716666666667,85.39327666666667,210.1,1,13.227,1,35.058,1
7902250,11,PROVOR_III,A,2025-04-13T13:26:00Z,-1.8386716666666667,85.39327666666667,230.0,1,12.776,1,35.055,1
7902250,11,PROVOR_III,A,2025-04-13T13:26:00Z,-1.8386716666666667,85.39327666666667,250.1,1,12.208,1,35.035,1
7902250,11,PROVOR_III,A,2025-04-13T13:26:00Z,-1.8386716666666667,85.39327666666667,269.9,1,11.673,1,35.007,1
7902250,11,PROVOR_III,A,2025-04-13T13:26:00Z,-1.8386716666666667,85.39327666666667,290.0,1,11.294,1,34.991,1
7902250,11,PROVOR_III,A,2025-04-13T13:26:00Z,-1.8386716666666667,85.39327666666667,310.2,1,11.218,1,35.011,1
7902250,11,PROVOR_III,A,2025-04-13T13:26:00Z,-1.8386716666666667,85.39327666666667,330.1,1,11.187,1,35.014,1
7902250,11,PROVOR_III,A,2025-04-13T13:26:00Z,-1.8386716666666667,85.39327666666667,350.2,1,10.996,1,35.006,1
7902250,11,PROVOR_III,A,2025-04-13T13:26:00Z,-1.8386716666666667,85.39327666666667,370.0,1,10.855,1,34.997,1
7902250,11,PROVOR_III,A,2025-04-13T13:26:00Z,-1.8386716666666667,85.39327666666667,390.2,1,10.689,1,34.987,1
7902250,11,PROVOR_III,A,2025-04-13T13:26:00Z,-1.8386716666666667,85.39327666666667,410.0,1,10.522,1,34.975,1
7902250,11,PROVOR_III,A,2025-04-13T13:26:00Z,-1.8386716666666667,85.39327666666667,430.1,1,10.377,1,34.966,1
7902250,11,PROVOR_III,A,2025-04-13T13:26:00Z,-1.8386716666666667,85.39327666666667,449.9,1,10.231,1,34.954,1
7902250,11,PROVOR_III,A,2025-04-13T13:26:00Z,-1.8386716666666667,85.39327666666667,470.1,1,9.999,1,34.942,1
7902250,11,PROVOR_III,A,2025-04-13T13:26:00Z,-1.8386716666666667,85.39327666666667,490.0,1,9.834,1,34.947,1
7902250,11,PROVOR_III,A,2025-04-13T13:26:00Z,-1.8386716666666667,85.39327666666667,512.3,1,9.705,1,34.952,1
7902250,11,PROVOR_III,A,2025-04-13T13:26:00Z,-1.8386716666666667,85.39327666666667,537.3,1,9.565,1,34.972,1
7902250,11,PROVOR_III,A,2025-04-13T13:26:00Z,-1.8386716666666667,85.39327666666667,562.7,1,9.556,1,34.992,1
7902250,11,PROVOR_III,A,2025-04-13T13:26:00Z,-1.8386716666666667,85.39327666666667,587.8,1,9.436,1,34.984,1
7902250,11,PROVOR_III,A,2025-04-13T13:26:00Z,-1.8386716666666667,85.39327666666667,612.6,1,9.24,1,34.969,1
7902250,11,PROVOR_III,A,2025-04-13T13:26:00Z,-1.8386716666666667,85.39327666666667,637.5,1,9.071,1,34.981,1
7902250,11,PROVOR_III,A,2025-04-13T13:26:00Z,-1.8386716666666667,85.39327666666667,662.9,1,8.96,1,34.983,1
7902250,11,PROVOR_III,A,2025-04-13T13:26:00Z,-1.8386716666666667,85.39327666666667,687.8,1,8.875,1,34.986,1
7902250,11,PROVOR_III,A,2025-04-13T13:26:00Z,-1.8386716666666667,85.39327666666667,712.7,1,8.718,1,34.991,1
7902250,11,PROVOR_III,A,2025-04-13T13:26:00Z,-1.8386716666666667,85.39327666666667,737.2,1,8.464,1,34.974,1
7902250,11,PROVOR_III,A,2025-04-13T13:26:00Z,-1.8386716666666667,85.39327666666667,762.2,1,8.365,1,34.972,1
7902250,11,PROVOR_III,A,2025-04-13T13:26:00Z,-1.8386716666666667,85.39327666666667,787.6,1,8.166,1,34.971,1
7902250,11,PROVOR_III,A,2025-04-13T13:26:00Z,-1.8386716666666667,85.39327666666667,812.6,1,8.037,1,34.975,1
7902250,11,PROVOR_III,A,2025-04-13T13:26:00Z,-1.8386716666666667,85.39327666666667,837.5,1,8.003,1,34.982,1
7902250,11,PROVOR_III,A,2025-04-13T13:26:00Z,-1.8386716666666667,85.39327666666667,862.6,1,7.897,1,34.982,1
7902250,11,PROVOR_III,A,2025-04-13T13:26:00Z,-1.8386716666666667,85.39327666666667,887.6,1,7.765,1,34.979,1
7902250,11,PROVOR_III,A,2025-04-13T13:26:00Z,-1.8386716666666667,85.39327666666667,912.6,1,7.527,1,34.961,1
7902250,11,PROVOR_III,A,2025-04-13T13:26:00Z,-1.8386716666666667,85.39327666666667,937.7,1,7.143,1,34.921,1
7902250,11,PROVOR_III,A,2025-04-13T13:26:00Z,-1.8386716666666667,85.39327666666667,962.9,1,6.99,1,34.923,1
7902250,11,PROVOR_III,A,2025-04-13T13:26:00Z,-1.8386716666666667,85.39327666666667,987.4,1,6.72,1,34.914,1
7902250,11,PROVOR_III,A,2025-04-13T13:26:00Z,-1.8386716666666667,85.39327666666667,1025.0,1,6.616,1,34.915,1
7902250,11,PROVOR_III,A,2025-04-13T13:26:00Z,-1.8386716666666667,85.39327666666667,1075.3,1,6.395,1,34.898,1
7902250,11,PROVOR_III,A,2025-04-13T13:26:00Z,-1.8386716666666667,85.39327666666667,1125.1,1,6.177,1,34.889,1
7902250,11,PROVOR_III,A,2025-04-13T13:26:00Z,-1.8386716666666667,85.39327666666667,1175.3,1,5.906,1,34.882,1
7902250,11,PROVOR_III,A,2025-04-13T13:26:00Z,-1.8386716666666667,85.39327666666667,1225.5,1,5.691,1,34.879,1
7902250,11,PROVOR_III,A,2025-04-13T13:26:00Z,-1.8386716666666667,85.39327666666667,1274.7,1,5.474,1,34.869,1
7902250,11,PROVOR_III,A,2025-04-13T13:26:00Z,-1.8386716666666667,85.39327666666667,1325.2,1,5.201,1,34.849,1
7902250,11,PROVOR_III,A,2025-04-13T13:26:00Z,-1.8386716666666667,85.39327666666667,1375.5,1,4.944,1,34.838,1
7902250,11,PROVOR_III,A,2025-04-13T13:26:00Z,-1.8386716666666667,85.39327666666667,1425.6,1,4.665,1,34.824,1
7902250,11,PROVOR_III,A,2025-04-13T13:26:00Z,-1.8386716666666667,85.39327666666667,1474.6,1,4.379,1,34.809,1
7902250,11,PROVOR_III,A,2025-04-13T13:26:00Z,-1.8386716666666667,85.39327666666667,1525.2,1,4.224,1,34.811,1
7902250,11,PROVOR_III,A,2025-04-13T13:26:00Z,-1.8386716666666667,85.39327666666667,1575.0,1,4.079,1,34.814,1
7902250,11,PROVOR_III,A,2025-04-13T13:26:00Z,-1.8386716666666667,85.39327666666667,1625.1,1,3.943,1,34.81,1
7902250,11,PROVOR_III,A,2025-04-13T13:26:00Z,-1.8386716666666667,85.39327666666667,1675.5,1,3.768,1,34.804,1
7902250,11,PROVOR_III,A,2025-04-13T13:26:00Z,-1.8386716666666667,85.39327666666667,1724.5,1,3.63,1,34.797,1
7902250,11,PROVOR_III,A,2025-04-13T13:26:00Z,-1.8386716666666667,85.39327666666667,1774.9,1,3.474,1,34.795,1
7902250,11,PROVOR_III,A,2025-04-13T13:26:00Z,-1.8386716666666667,85.39327666666667,1825.2,1,3.354,1,34.79,1
7902250,11,PROVOR_III,A,2025-04-13T13:26:00Z,-1.8386716666666667,85.39327666666667,1875.4,1,3.19,1,34.782,1
7902250,11,PROVOR_III,A,2025-04-13T13:26:00Z,-1.8386716666666667,85.39327666666667,1925.3,1,3.018,1,34.775,1
7902250,11,PROVOR_III,A,2025-04-13T13:26:00Z,-1.8386716666666667,85.39327666666667,1968.8,1,2.927,1,34.772,1
7902250,12,PROVOR_III,A,2025-04-23T13:28:00Z,-1.7322816666666667,85.17659333333333,2.5,1,30.083,1,34.519,1
7902250,12,PROVOR_III,A,2025-04-23T13:28:00Z,-1.7322816666666667,85.17659333333333,3.5,1,30.083,1,34.519,1
7902250,12,PROVOR_III,A,2025-04-23T13:28:00Z,-1.7322816666666667,85.17659333333333,4.5,1,30.08,1,34.518,1
7902250,12,PROVOR_III,A,2025-04-23T13:28:00Z,-1.7322816666666667,85.17659333333333,5.5,1,30.071,1,34.515,1
7902250,12,PROVOR_III,A,2025-04-23T13:28:00Z,-1.7322816666666667,85.17659333333333,6.5,1,30.037,1,34.519,1
7902250,12,PROVOR_III,A,2025-04-23T13:28:00Z,-1.7322816666666667,85.17659333333333,7.6,1,29.964,1,34.518,1
7902250,12,PROVOR_III,A,2025-04-23T13:28:00Z,-1.7322816666666667,85.17659333333333,8.5,1,29.935,1,34.515,1
7902250,12,PROVOR_III,A,2025-04-23T13:28:00Z,-1.7322816666666667,85.17659333333333,9.4,1,29.919,1,34.515,1
7902250,12,PROVOR_III,A,2025-04-23T13:28:00Z,-1.7322816666666667,85.17659333333333,10.5,1,29.908,1,34.512,1
7902250,12,PROVOR_III,A,2025-04-23T13:28:00Z,-1.7322816666666667,85.17659333333333,11.5,1,29.86,1,34.514,1
7902250,12,PROVOR_III,A,2025-04-23T13:28:00Z,-1.7322816666666667,85.17659333333333,12.5,1,29.821,1,34.512,1
7902250,12,PROVOR_III,A,2025-04-23T13:28:00Z,-1.7322816666666667,85.17659333333333,13.5,1,29.817,1,34.511,1
7902250,12,PROVOR_III,A,2025-04-23T13:28:00Z,-1.7322816666666667,85.17659333333333,14.4,1,29.815,1,34.511,1
7902250,12,PROVOR_III,A,2025-04-23T13:28:00Z,-1.7322816666666667,85.17659333333333,15.5,1,29.813,1,34.511,1
7902250,12,PROVOR_III,A,2025-04-23T13:28:00Z,-1.7322816666666667,85.17659333333333,16.5,1,29.811,1,34.511,1
7902250,12,PROVOR_III,A,2025-04-23T13:28:00Z,-1.7322816666666667,85.17659333333333,17.5,1,29.81,1,34.511,1
7902250,12,PROVOR_III,A,2025-04-23T13:28:00Z,-1.7322816666666667,85.17659333333333,18.4,1,29.809,1,34.511,1
7902250,12,PROVOR_III,A,2025-04-23T13:28:00Z,-1.7322816666666667,85.17659333333333,19.5,1,29.807,1,34.511,1
7902250,12,PROVOR_III,A,2025-04-23T13:28:00Z,-1.7322816666666667,85.17659333333333,25.0,1,29.801,1,34.511,1
7902250,12,PROVOR_III,A,2025-04-23T13:28:00Z,-1.7322816666666667,85.17659333333333,35.0,1,29.787,1,34.515,1
7902250,12,PROVOR_III,A,2025-04-23T13:28:00Z,-1.7322816666666667,85.17659333333333,45.1,1,29.699,1,34.539,1
7902250,12,PROVOR_III,A,2025-04-23T13:28:00Z,-1.7322816666666667,85.17659333333333,54.8,1,29.386,1,34.575,1
7902250,12,PROVOR_III,A,2025-04-23T13:28:00Z,-1.7322816666666667,85.17659333333333,64.8,1,28.035,1,34.752,1
7902250,12,PROVOR_III,A,2025-04-23T13:28:00Z,-1.7322816666666667,85.17659333333333,75.0,1,26.266,1,35.026,1
7902250,12,PROVOR_III,A,2025-04-23T13:28:00Z,-1.7322816666666667,85.17659333333333,84.9,1,24.109,1,35.066,1
7902250,12,PROVOR_III,A,2025-04-23T13:28:00Z,-1.7322816666666667,85.17659333333333,94.8,1,21.608,1,35.111,1
7902250,12,PROVOR_III,A,2025-04-23T13:28:00Z,-1.7322816666666667,85.17659333333333,104.9,1,20.41,1,35.156,1
7902250,12,PROVOR_III,A,2025-04-23T13:28:00Z,-1.7322816666666667,85.17659333333333,115.1,1,19.872,1,35.168,1
7902250,12,PROVOR_III,A,2025-04-23T13:28:00Z,-1.7322816666666667,85.17659333333333,125.2,1,19.171,1,35.174,1
7902250,12,PROVOR_III,A,2025-04-23T13:28:00Z,-1.7322816666666667,85.17659333333333,135.3,1,18.392,1,35.168,1
7902250,12,PROVOR_III,A,2025-04-23T13:28:00Z,-1.7322816666666667,85.17659333333333,145.1,1,17.703,1,35.153,1
7902250,12,PROVOR_III,A,2025-04-23T13:28:00Z,-1.7322816666666667,85.17659333333333,155.0,1,16.968,1,35.148,1
7902250,12,PROVOR_III,A,2025-04-23T13:28:00Z,-1.7322816666666667,85.17659333333333,165.1,1,16.314,1,35.123,1
7902250,12,PROVOR_III,A,2025-04-23T13:28:00Z,-1.7322816666666667,85.17659333333333,175.1,1,15.344,1,35.117,1
7902250,12,PROVOR_III,A,2025-04-23T13:28:00Z,-1.7322816666666667,85.17659333333333,185.0,1,14.496,1,35.117,1
7902250,12,PROVOR_III,A,2025-04-23T13:28:00Z,-1.7322816666666667,85.17659333333333,195.1,1,13.766,1,35.093,1
7902250,12,PROVOR_III,A,2025-04-23T13:28:00Z,-1.7322816666666667,85.17659333333333,210.1,1,13.205,1,35.088,1
7902250,12,PROVOR_III,A,2025-04-23T13:28:00Z,-1.7322816666666667,85.17659333333333,230.2,1,12.705,1,35.068,1
7902250,12,PROVOR_III,A,2025-04-23T13:28:00Z,-1.7322816666666667,85.17659333333333,250.0,1,12.122,1,35.03,1
7902250,12,PROVOR_III,A,2025-04-23T13:28:00Z,-1.7322816666666667,85.17659333333333,270.1,1,12.002,1,35.044,1
7902250,12,PROVOR_III,A,2025-04-23T13:28:00Z,-1.7322816666666667,85.17659333333333,290.0,1,11.788,1,35.026,1
7902250,12,PROVOR_III,A,2025-04-23T13:28:00Z,-1.7322816666666667,85.17659333333333,309.8,1,11.456,1,35.02,1
7902250,12,PROVOR_III,A,2025-04-23T13:28:00Z,-1.7322816666666667,85.17659333333333,330.0,1,11.368,1,35.022,1
7902250,12,PROVOR_III,A,2025-04-23T13:28:00Z,-1.7322816666666667,85.17659333333333,350.0,1,11.207,1,35.016,1
7902250,12,PROVOR_III,A,2025-04-23T13:28:00Z,-1.7322816666666667,85.17659333333333,370.3,1,10.935,1,35.007,1
7902250,12,PROVOR_III,A,2025-04-23T13:28:00Z,-1.7322816666666667,85.17659333333333,390.1,1,10.804,1,35.003,1
7902250,12,PROVOR_III,A,2025-04-23T13:28:00Z,-1.7322816666666667,85.17659333333333,410.1,1,10.736,1,35.001,1
7902250,12,PROVOR_III,A,2025-04-23T13:28:00Z,-1.7322816666666667,85.17659333333333,430.0,1,10.615,1,34.986,1
7902250,12,PROVOR_III,A,2025-04-23T13:28:00Z,-1.7322816666666667,85.17659333333333,449.9,1,10.454,1,34.973,1
7902250,12,PROVOR_III,A,2025-04-23T13:28:00Z,-1.7322816666666667,85.17659333333333,470.4,1,10.389,1,34.967,1
7902250,12,PROVOR_III,A,2025-04-23T13:28:00Z,-1.7322816666666667,85.17659333333333,490.3,1,10.107,1,34.957,1
7902250,12,PROVOR_III,A,2025-04-23T13:28:00Z,-1.7322816666666667,85.17659333333333,512.3,1,9.949,1,34.949,1
7902250,12,PROVOR_III,A,2025-04-23T13:28:00Z,-1.7322816666666667,85.17659333333333,537.2,1,9.85,1,34.951,1
7902250,12,PROVOR_III,A,2025-04-23T13:28:00Z,-1.7322816666666667,85.17659333333333,562.5,1,9.683,1,34.952,1
7902250,12,PROVOR_III,A,2025-04-23T13:28:00Z,-1.7322816666666667,85.17659333333333,587.5,1,9.576,1,34.963,1
7902250,12,PROVOR_III,A,2025-04-23T13:28:00Z,-1.7322816666666667,85.17659333333333,612.4,1,9.537,1,34.979,1
7902250,12,PROVOR_III,A,2025-04-23T13:28:00Z,-1.7322816666666667,85.17659333333333,637.7,1,9.473,1,34.986,1
7902250,12,PROVOR_III,A,2025-04-23T13:28:00Z,-1.7322816666666667,85.17659333333333,662.5,1,9.274,1,34.981,1
7902250,12,PROVOR_III,A,2025-04-23T13:28:00Z,-1.7322816666666667,85.17659333333333,687.3,1,9.085,1,34.986,1
7902250,12,PROVOR_III,A,2025-04-23T13:28:00Z,-1.7322816666666667,85.17659333333333,712.4,1,8.772,1,34.981,1
7902250,12,PROVOR_III,A,2025-04-23T13:28:00Z,-1.7322816666666667,85.17659333333333,737.7,1,8.572,1,34.99,1
7902250,12,PROVOR_III,A,2025-04-23T13:28:00Z,-1.7322816666666667,85.17659333333333,762.5,1,8.396,1,34.973,1
7902250,12,PROVOR_III,A,2025-04-23T13:28:00Z,-1.7322816666666667,85.17659333333333,787.5,1,8.212,1,34.967,1
7902250,12,PROVOR_III,A,2025-04-23T13:28:00Z,-1.7322816666666667,85.17659333333333,812.6,1,7.997,1,34.972,1
7902250,12,PROVOR_III,A,2025-04-23T13:28:00Z,-1.7322816666666667,85.17659333333333,837.7,1,7.896,1,34.979,1
7902250,12,PROVOR_III,A,2025-04-23T13:28:00Z,-1.7322816666666667,85.17659333333333,862.7,1,7.765,1,34.972,1
7902250,12,PROVOR_III,A,2025-04-23T13:28:00Z,-1.7322816666666667,85.17659333333333,887.5,1,7.682,1,34.977,1
7902250,12,PROVOR_III,A,2025-04-23T13:28:00Z,-1.7322816666666667,85.17659333333333,912.4,1,7.501,1,34.955,1
7902250,12,PROVOR_III,A,2025-04-23T13:28:00Z,-1.7322816666666667,85.17659333333333,937.8,1,7.108,1,34.922,1
7902250,12,PROVOR_III,A,2025-04-23T13:28:00Z,-1.7322816666666667,85.17659333333333,962.9,1,6.873,1,34.917,1
7902250,12,PROVOR_III,A,2025-04-23T13:28:00Z,-1.7322816666666667,85.17659333333333,987.4,1,6.734,1,34.917,1
7902250,12,PROVOR_III,A,2025-04-23T13:28:00Z,-1.7322816666666667,85.17659333333333,1024.6,1,6.577,1,34.914,1
7902250,12,PROVOR_III,A,2025-04-23T13:28:00Z,-1.7322816666666667,85.17659333333333,1074.8,1,6.337,1,34.902,1
7902250,12,PROVOR_III,A,2025-04-23T13:28:00Z,-1.7322816666666667,85.17659333333333,1125.1,1,6.086,1,34.885,1
7902250,12,PROVOR_III,A,2025-04-23T13:28:00Z,-1.7322816666666667,85.17659333333333,1175.7,1,5.899,1,34.886,1
7902250,12,PROVOR_III,A,2025-04-23T13:28:00Z,-1.7322816666666667,85.17659333333333,1225.3,1,5.655,1,34.87,1
7902250,12,PROVOR_III,A,2025-04-23T13:28:00Z,-1.7322816666666667,85.17659333333333,1274.7,1,5.309,1,34.848,1
7902250,12,PROVOR_III,A,2025-04-23T13:28:00Z,-1.7322816666666667,85.17659333333333,1324.7,1,5.066,1,34.84,1
7902250,12,PROVOR_III,A,2025-04-23T13:28:00Z,-1.7322816666666667,85.17659333333333,1374.8,1,4.83,1,34.828,1
7902250,12,PROVOR_III,A,2025-04-23T13:28:00Z,-1.7322816666666667,85.17659333333333,1424.8,1,4.598,1,34.821,1
7902250,12,PROVOR_III,A,2025-04-23T13:28:00Z,-1.7322816666666667,85.17659333333333,1474.5,1,4.337,1,34.811,1
7902250,12,PROVOR_III,A,2025-04-23T13:28:00Z,-1.7322816666666667,85.17659333333333,1525.2,1,4.113,1,34.811,1
7902250,12,PROVOR_III,A,2025-04-23T13:28:00Z,-1.7322816666666667,85.17659333333333,1574.8,1,3.907,1,34.807,1
7902250,12,PROVOR_III,A,2025-04-23T13:28:00Z,-1.7322816666666667,85.17659333333333,1625.3,1,3.678,1,34.8,1
7902250,12,PROVOR_III,A,2025-04-23T13:28:00Z,-1.7322816666666667,85.17659333333333,1675.6,1,3.533,1,34.798,1
7902250,12,PROVOR_III,A,2025-04-23T13:28:00Z,-1.7322816666666667,85.17659333333333,1726.0,1,3.43,1,34.794,1
7902250,12,PROVOR_III,A,2025-04-23T13:28:00Z,-1.7322816666666667,85.17659333333333,1774.6,1,3.281,1,34.788,1
7902250,12,PROVOR_III,A,2025-04-23T13:28:00Z,-1.7322816666666667,85.17659333333333,1825.2,1,3.151,1,34.783,1
7902250,12,PROVOR_III,A,2025-04-23T13:28:00Z,-1.7322816666666667,85.17659333333333,1875.0,1,2.983,1,34.776,1
7902250,12,PROVOR_III,A,2025-04-23T13:28:00Z,-1.7322816666666667,85.17659333333333,1925.2,1,2.861,1,34.771,1
7902250,12,PROVOR_III,A,2025-04-23T13:28:00Z,-1.7322816666666667,85.17659333333333,1967.4,1,2.761,1,34.767,1
