platform_deployment,time,latitude,longitude,PRES,PRES_QC,TEMP,TEMP_QC,PSAL,PSAL_QC,POSITION_QC
,UTC,degrees_north,degrees_east,decibar,,degree_Celsius,,PSU,,
sea057_20220707,2022-07-03T14:02:26Z,23.5904,58.16826666666666,0.0549,1,28.2624,1,NaN,NaN,4
sea057_20220707,2022-07-03T14:03:26Z,23.5904,58.16825000000001,0.0483,1,28.2207,1,NaN,NaN,4
sea057_20220707,2022-07-03T14:04:27Z,23.590333333333334,58.16825000000001,0.052,1,28.2337,1,NaN,NaN,4
sea057_20220707,2022-07-03T14:05:27Z,23.590333333333334,58.16823333333333,0.0548,1,27.9138,1,NaN,NaN,4
sea057_20220707,2022-07-03T14:06:27Z,23.590300000000003,58.16823333333333,0.0453,1,28.2158,1,NaN,NaN,4
sea057_20220707,2022-07-03T14:07:27Z,23.590300000000003,58.168216666666666,0.0466,1,28.6239,1,NaN,NaN,4
sea057_20220707,2022-07-03T14:08:27Z,23.590333333333334,58.16823333333333,0.0479,1,28.4225,1,NaN,NaN,4
sea057_20220707,2022-07-03T14:09:27Z,23.590333333333334,58.16825000000001,0.0479,1,29.2438,1,NaN,NaN,4
sea057_20220707,2022-07-03T14:10:27Z,23.590333333333334,58.16825000000001,0.0464,1,29.2238,1,NaN,NaN,4
sea057_20220707,2022-07-03T14:11:27Z,23.590333333333334,58.16825000000001,0.0509,1,29.565,1,NaN,NaN,4
sea057_20220707,2022-07-03T14:12:27Z,23.590366666666668,58.16826666666666,0.0506,1,29.8933,1,NaN,NaN,4
sea057_20220707,2022-07-03T14:13:27Z,23.590383333333328,58.1683,0.0512,1,29.2879,1,NaN,NaN,4
sea057_20220707,2022-07-03T14:14:27Z,23.59026666666667,58.16823333333333,0.0482,1,29.3188,1,NaN,NaN,4
sea057_20220707,2022-07-03T14:15:27Z,23.590216666666667,58.16811666666668,0.0527,1,30.45,1,NaN,NaN,4
sea057_20220707,2022-07-03T14:16:27Z,23.590166666666665,58.16798333333333,0.0547,1,30.2639,1,NaN,NaN,4
sea057_20220707,2022-07-03T14:17:27Z,23.59011666666667,58.16786666666667,0.0493,1,30.0884,1,NaN,NaN,4
sea057_20220707,2022-07-03T14:18:27Z,23.590083333333336,58.16773333333334,0.0455,1,30.3255,1,NaN,NaN,4
sea057_20220707,2022-07-03T14:19:27Z,23.590066666666665,58.16759999999999,0.0483,1,30.8288,1,NaN,NaN,4
sea057_20220707,2022-07-03T14:20:27Z,23.590049999999998,58.167500000000004,0.0476,1,31.1286,1,NaN,NaN,4
sea057_20220707,2022-07-03T14:21:27Z,23.59045,58.16835,0.0526,1,31.1806,1,NaN,NaN,4
sea057_20220707,2022-07-03T14:22:27Z,23.590366666666668,58.1683,0.0457,1,31.1756,1,NaN,NaN,4
sea057_20220707,2022-07-03T14:23:27Z,23.590366666666668,58.16828333333333,0.0538,1,31.4351,1,NaN,NaN,4
sea057_20220707,2022-07-03T14:24:27Z,23.590333333333334,58.16825000000001,0.0445,1,31.6027,1,NaN,NaN,4
sea057_20220707,2022-07-03T14:25:27Z,23.590316666666663,58.16813333333333,0.0462,1,31.7018,1,NaN,NaN,4
sea057_20220707,2022-07-03T14:26:27Z,23.590283333333332,58.16803333333334,0.0473,1,31.6552,1,NaN,NaN,4
sea057_20220707,2022-07-03T14:27:27Z,23.59026666666667,58.16786666666667,0.0459,1,31.5449,1,NaN,NaN,4
sea057_20220707,2022-07-03T14:28:27Z,23.59025,58.16774999999999,0.0498,1,31.832,1,NaN,NaN,4
sea057_20220707,2022-07-03T14:29:27Z,23.590233333333337,58.16761666666666,0.0447,1,31.8697,1,NaN,NaN,4
sea057_20220707,2022-07-03T14:30:27Z,23.590199999999996,58.167500000000004,0.0575,1,31.7721,1,NaN,NaN,4
sea057_20220707,2022-07-03T14:31:27Z,23.590283333333332,58.16828333333333,0.0542,1,31.8175,1,NaN,NaN,4
sea057_20220707,2022-07-03T14:32:27Z,23.590349999999997,58.16831666666667,0.0509,1,31.7966,1,NaN,NaN,4
sea057_20220707,2022-07-03T14:33:27Z,23.590366666666668,58.16828333333333,0.0523,1,31.7477,1,NaN,NaN,4
sea057_20220707,2022-07-03T14:34:27Z,23.590366666666668,58.16828333333333,0.052,1,30.1918,1,NaN,NaN,4
sea057_20220707,2022-07-03T14:35:27Z,23.590366666666668,58.16828333333333,0.0518,1,29.6406,1,NaN,NaN,4
sea057_20220707,2022-07-04T08:26:00Z,23.598466666666663,58.16263333333333,0.0832,1,36.4061,1,NaN,NaN,4
sea057_20220707,2022-07-04T08:27:00Z,23.598433333333332,58.16265,0.0669,1,36.681,1,NaN,NaN,4
sea057_20220707,2022-07-04T08:28:00Z,23.598466666666663,58.16265,0.0635,1,37.519,1,NaN,NaN,4
sea057_20220707,2022-07-04T08:29:00Z,23.598433333333332,58.16268333333334,0.0616,1,36.7756,1,NaN,NaN,4
sea057_20220707,2022-07-04T08:30:00Z,23.598450000000003,58.16268333333334,0.0584,1,37.328,1,NaN,NaN,4
sea057_20220707,2022-07-04T08:31:00Z,23.598450000000003,58.162699999999994,0.0543,1,36.8261,1,NaN,NaN,4
sea057_20220707,2022-07-04T08:32:01Z,23.598433333333332,58.162699999999994,0.047,1,37.6954,1,NaN,NaN,4
sea057_20220707,2022-07-04T08:33:01Z,23.59841666666667,58.162699999999994,0.0445,1,39.0743,1,NaN,NaN,4
sea057_20220707,2022-07-04T08:34:01Z,23.598433333333332,58.16271666666667,0.0262,1,39.2625,1,NaN,NaN,4
sea057_20220707,2022-07-04T08:35:01Z,23.598466666666663,58.16271666666667,0.0273,1,39.0829,1,NaN,NaN,4
sea057_20220707,2022-07-04T08:36:01Z,23.598499999999998,58.16271666666667,0.0267,1,38.4465,1,NaN,NaN,4
sea057_20220707,2022-07-04T08:37:01Z,23.598499999999998,58.16271666666667,0.0227,1,39.3373,1,NaN,NaN,4
sea057_20220707,2022-07-04T08:38:01Z,23.598483333333334,58.162699999999994,0.0191,1,38.6944,1,NaN,NaN,4
sea057_20220707,2022-07-04T08:39:01Z,23.59853333333333,58.162666666666674,0.0191,1,39.6353,1,NaN,NaN,4
sea057_20220707,2022-07-04T08:40:01Z,23.59855,58.16263333333333,0.0156,1,40.072,4,NaN,NaN,4
sea057_20220707,2022-07-04T08:41:01Z,23.598499999999998,58.16258333333334,0.0202,1,39.3838,1,NaN,NaN,4
sea057_20220707,2022-07-04T08:42:01Z,23.59851666666667,58.162600000000005,0.0153,1,39.4048,1,NaN,NaN,4
sea057_20220707,2022-07-04T08:43:01Z,23.598450000000003,58.16261666666666,0.0111,1,40.5175,4,NaN,NaN,4
sea057_20220707,2022-07-04T08:44:01Z,23.598366666666667,58.16261666666666,0.0073,1,40.3718,4,NaN,NaN,4
sea057_20220707,2022-07-04T08:45:01Z,23.59826666666667,58.16263333333333,0.0083,1,40.8389,4,NaN,NaN,4
sea057_20220707,2022-07-04T08:46:01Z,23.5982,58.16265,-0.0013,1,41.1173,4,NaN,NaN,4
sea057_20220707,2022-07-04T08:47:01Z,23.59811666666667,58.16265,-0.001,1,40.7009,4,NaN,NaN,4
sea057_20220707,2022-07-04T08:48:01Z,23.598016666666663,58.162666666666674,-0.0048,1,41.2139,4,NaN,NaN,4
sea057_20220707,2022-07-04T08:49:01Z,23.598483333333334,58.162699999999994,-0.0029,1,41.5365,4,NaN,NaN,4
sea057_20220707,2022-07-04T08:50:01Z,23.598483333333334,58.162699999999994,-0.0054,1,40.2932,4,NaN,NaN,4
sea057_20220707,2022-07-04T08:51:01Z,23.598466666666663,58.162699999999994,-0.0054,1,42.97,4,NaN,NaN,4
sea057_20220707,2022-07-04T08:52:01Z,23.5984,58.16271666666667,5.0E-4,1,40.4273,4,NaN,NaN,4
sea057_20220707,2022-07-04T08:53:01Z,23.598300000000002,58.16271666666667,0.0061,1,40.2812,4,NaN,NaN,4
sea057_20220707,2022-07-04T08:54:01Z,23.598216666666666,58.162733333333335,0.0076,1,39.3104,1,NaN,NaN,4
sea057_20220707,2022-07-04T08:55:01Z,23.59815,58.16275,0.0192,1,40.5813,4,NaN,NaN,4
sea057_20220707,2022-07-04T08:56:01Z,23.598049999999997,58.16275,0.0082,1,40.8729,4,NaN,NaN,4
sea057_20220707,2022-07-04T08:57:01Z,23.598016666666663,58.16283333333334,0.0228,1,40.3448,4,NaN,NaN,4
sea057_20220707,2022-07-04T08:58:01Z,23.598433333333332,58.16263333333333,0.0186,1,41.0672,4,NaN,NaN,4
sea057_20220707,2022-07-04T08:59:02Z,23.598450000000003,58.162666666666674,0.0228,1,42.2148,4,NaN,NaN,4
sea057_20220707,2022-07-04T09:00:02Z,23.598450000000003,58.162666666666674,0.0183,1,41.389,4,NaN,NaN,4
sea057_20220707,2022-07-04T09:01:02Z,23.59841666666667,58.16271666666667,0.0067,1,41.4563,4,NaN,NaN,4
sea057_20220707,2022-07-04T09:02:02Z,23.59838333333333,58.1628,0.0058,1,41.3545,4,NaN,NaN,4
sea057_20220707,2022-07-04T09:03:02Z,23.5984,58.16271666666667,-0.0023,1,44.2532,4,NaN,NaN,4
sea057_20220707,2022-07-04T09:04:02Z,23.598333333333336,58.16263333333333,-0.0065,1,42.5903,4,NaN,NaN,4
sea057_20220707,2022-07-04T09:05:02Z,23.59828333333333,58.162549999999996,-0.0026,1,43.5076,4,NaN,NaN,4
sea057_20220707,2022-07-07T03:33:04Z,23.994733333333336,57.70174999999999,0.1853,1,31.1114,1,NaN,NaN,1
sea057_20220707,2022-07-07T03:34:04Z,23.994816666666665,57.701633333333334,1.9081,1,31.0041,1,36.87743,1,1
sea057_20220707,2022-07-07T03:35:04Z,23.994866666666667,57.70159999999999,1.8897,1,31.0013,1,36.880215,1,1
sea057_20220707,2022-07-07T03:36:04Z,23.994849999999996,57.701633333333334,9.4576,1,30.9709,1,36.875668,1,1
sea057_20220707,2022-07-07T03:37:04Z,23.99476666666667,57.70181666666667,17.2902,1,27.171,1,36.57824,1,1
sea057_20220707,2022-07-07T03:38:04Z,23.99475,57.701899999999995,21.7309,1,26.0908,1,36.52,1,1
sea057_20220707,2022-07-07T03:39:04Z,23.994716666666665,57.70198333333333,26.0817,1,25.7149,1,36.558517,1,1
sea057_20220707,2022-07-07T03:40:04Z,23.994699999999998,57.70203333333334,28.9031,1,25.3271,1,36.74557,1,1
sea057_20220707,2022-07-07T03:41:04Z,23.994683333333334,57.702083333333334,31.4899,1,25.1911,1,36.58111,1,1
sea057_20220707,2022-07-07T03:42:04Z,23.99465,57.702116666666676,32.8622,1,24.9422,1,36.569874,1,1
sea057_20220707,2022-07-07T03:43:04Z,23.99461666666667,57.70216666666667,31.0618,1,25.0126,1,36.55635,1,1
sea057_20220707,2022-07-07T03:44:05Z,23.994566666666667,57.70225000000001,25.7843,1,25.491,1,36.534435,1,1
sea057_20220707,2022-07-07T03:45:05Z,23.994533333333333,57.702333333333335,20.9312,1,26.5051,1,36.43409,1,1
sea057_20220707,2022-07-07T03:46:05Z,23.994516666666662,57.70243333333333,17.2136,1,27.0858,1,36.449234,1,1
sea057_20220707,2022-07-07T03:47:05Z,23.994500000000002,57.70248333333334,14.464,1,29.5517,1,36.658646,1,1
sea057_20220707,2022-07-07T03:48:05Z,23.99448333333333,57.70249999999999,13.8528,1,29.976,1,36.79606,1,1
sea057_20220707,2022-07-07T03:49:05Z,23.99448333333333,57.70249999999999,13.4011,1,30.4905,1,36.844078,1,1
sea057_20220707,2022-07-07T03:50:05Z,23.99448333333333,57.70251666666666,11.8393,1,30.7845,1,36.83442,1,1
sea057_20220707,2022-07-07T03:51:05Z,23.994400000000002,57.70258333333333,1.2493,1,30.981,1,36.868584,1,1
sea057_20220707,2022-07-07T03:52:05Z,23.9948,57.701800000000006,2.0472,1,30.9728,1,36.864006,1,1
sea057_20220707,2022-07-07T03:53:05Z,23.9948,57.70181666666667,1.9536,1,30.9736,1,36.869877,1,1
sea057_20220707,2022-07-07T03:54:05Z,23.994883333333338,57.701766666666664,1.9233,1,30.9745,1,36.87444,1,1
sea057_20220707,2022-07-07T03:55:05Z,23.99491666666667,57.70174999999999,1.8334,1,30.98,1,36.876766,1,1
sea057_20220707,2022-07-07T03:56:05Z,23.994966666666663,57.701699999999995,1.9158,1,30.9815,1,36.87574,1,1
sea057_20220707,2022-07-07T03:57:05Z,23.994983333333334,57.701699999999995,1.913,1,30.9839,1,36.875813,1,1
sea057_20220707,2022-07-07T03:58:05Z,23.99505,57.70168333333333,1.9104,1,30.9869,1,36.877174,1,1
sea057_20220707,2022-07-07T03:59:05Z,23.9951,57.701633333333334,1.982,1,30.9808,1,36.877117,1,1
sea057_20220707,2022-07-07T04:00:05Z,23.99518333333333,57.70158333333334,0.6963,1,30.9866,1,36.87744,1,1
sea057_20220707,2022-07-07T04:01:05Z,23.995299999999997,57.7015,1.6327,1,30.99,1,36.880974,1,1
sea057_20220707,2022-07-07T04:02:05Z,23.995400000000004,57.701433333333334,2.0193,1,30.9877,1,36.88384,1,1
sea057_20220707,2022-07-07T04:03:05Z,23.995416666666664,57.701433333333334,1.9117,1,30.9974,1,36.881466,1,1
sea057_20220707,2022-07-07T04:04:05Z,23.995449999999998,57.70141666666667,2.0084,1,30.9922,1,36.88253,1,1
sea057_20220707,2022-07-07T04:05:05Z,23.99548333333333,57.70141666666667,1.8872,1,30.9978,1,36.88198,1,1
sea057_20220707,2022-07-07T04:06:05Z,23.99551666666667,57.701433333333334,2.2502,1,30.9956,1,36.88183,1,1
sea057_20220707,2022-07-07T04:07:05Z,23.995433333333335,57.701483333333336,15.8801,1,27.4447,1,36.451588,1,1
sea057_20220707,2022-07-07T04:08:05Z,23.99523333333333,57.701483333333336,26.0869,1,25.4652,1,36.525307,1,1
sea057_20220707,2022-07-07T04:09:05Z,23.99523333333333,57.70130000000001,37.2108,1,24.418,1,36.571823,1,1
sea057_20220707,2022-07-07T04:10:05Z,23.99533333333333,57.7011,46.8122,1,23.779,1,36.586708,1,1
sea057_20220707,2022-07-07T04:11:05Z,23.995433333333335,57.70091666666667,54.6832,1,23.591,1,36.613697,1,1
sea057_20220707,2022-07-07T04:12:05Z,23.99548333333333,57.700833333333335,50.1172,1,23.6766,1,36.600845,1,1
sea057_20220707,2022-07-07T04:13:05Z,23.995616666666667,57.70066666666666,38.382,1,24.3289,1,36.587288,1,1
sea057_20220707,2022-07-07T04:14:05Z,23.995749999999997,57.7005,29.7367,1,25.2538,1,36.54462,1,1
sea057_20220707,2022-07-07T04:15:05Z,23.995850000000004,57.70036666666667,21.7285,1,26.5493,1,36.48972,1,1
sea057_20220707,2022-07-07T04:16:05Z,23.995966666666664,57.70021666666666,13.6249,1,28.9679,1,36.694126,1,1
sea057_20220707,2022-07-07T04:17:06Z,23.99605,57.70013333333333,11.0147,1,30.7193,1,36.915264,1,1
sea057_20220707,2022-07-07T04:18:06Z,23.996066666666668,57.70056666666666,2.2655,1,30.9529,1,36.865364,1,1
sea057_20220707,2022-07-07T04:19:05Z,23.99608333333333,57.700583333333334,2.2404,1,30.9636,1,36.865498,1,1
sea057_20220707,2022-07-07T04:20:06Z,23.996100000000002,57.700583333333334,1.9254,1,30.9646,1,36.862114,1,1
sea057_20220707,2022-07-07T04:21:06Z,23.996166666666667,57.70055000000001,1.9316,1,30.9607,1,36.88691,1,1
sea057_20220707,2022-07-07T04:22:06Z,23.996199999999998,57.70056666666666,1.9181,1,30.968,1,36.870083,1,1
sea057_20220707,2022-07-07T04:23:06Z,23.996199999999998,57.70056666666666,1.9899,1,30.9827,1,36.8789,1,1
sea057_20220707,2022-07-07T04:24:06Z,23.996266666666664,57.700516666666665,1.9637,1,30.9884,1,36.88427,1,1
sea057_20220707,2022-07-07T04:25:06Z,23.996266666666664,57.70053333333333,9.5988,1,30.9487,1,36.87054,1,1
sea057_20220707,2022-07-07T04:26:06Z,23.996166666666667,57.70075,26.9307,1,25.3999,1,36.550644,1,1
sea057_20220707,2022-07-07T04:27:06Z,23.996283333333334,57.700833333333335,36.0059,1,24.5246,1,36.54807,1,1
sea057_20220707,2022-07-07T04:28:06Z,23.996449999999996,57.70073333333333,46.555,1,23.7821,1,36.589764,1,1
sea057_20220707,2022-07-07T04:29:06Z,23.996566666666663,57.70056666666666,56.8548,1,23.5936,1,36.63184,1,1
sea057_20220707,2022-07-07T04:30:06Z,23.99665,57.700383333333335,65.9961,1,23.4169,1,36.623997,1,1
sea057_20220707,2022-07-07T04:31:06Z,23.996733333333335,57.70018333333334,75.0827,1,23.496,1,36.715546,1,1
sea057_20220707,2022-07-07T04:32:06Z,23.9968,57.7,83.8994,1,23.3947,1,36.77213,1,1
sea057_20220707,2022-07-07T04:33:06Z,23.996899999999997,57.699816666666656,92.7981,1,23.1965,1,36.77237,1,1
sea057_20220707,2022-07-07T04:34:06Z,23.99696666666667,57.699616666666664,101.7188,1,22.896,1,36.961575,1,1
sea057_20220707,2022-07-07T04:35:06Z,23.997049999999998,57.69943333333334,110.5828,1,21.8958,1,36.672962,1,1
sea057_20220707,2022-07-07T04:36:06Z,23.997133333333334,57.69926666666667,119.3348,1,22.5043,1,37.009285,1,1
sea057_20220707,2022-07-07T04:37:06Z,23.997216666666667,57.69908333333333,127.6608,1,23.5112,1,37.49691,1,1
sea057_20220707,2022-07-07T04:38:06Z,23.997266666666665,57.698883333333335,136.1255,1,24.2317,1,37.840816,1,1
sea057_20220707,2022-07-07T04:39:06Z,23.997349999999997,57.69871666666666,144.2953,1,23.9461,1,37.810448,1,1
sea057_20220707,2022-07-07T04:40:06Z,23.997433333333333,57.698566666666665,152.0611,1,24.0435,1,37.92686,1,1
sea057_20220707,2022-07-07T04:41:06Z,23.99755,57.698433333333334,159.4658,1,23.4078,1,37.819088,1,1
sea057_20220707,2022-07-07T04:42:06Z,23.99765,57.69828333333333,167.092,1,24.2333,1,38.197052,1,1
sea057_20220707,2022-07-07T04:43:06Z,23.997716666666665,57.698116666666664,174.7861,1,24.3389,1,38.243065,1,1
sea057_20220707,2022-07-07T04:44:06Z,23.997766666666667,57.697950000000006,182.4079,1,24.4762,1,38.294964,1,1
sea057_20220707,2022-07-07T04:45:06Z,23.997850000000003,57.697783333333334,190.5044,1,24.4645,1,38.31694,1,1
sea057_20220707,2022-07-07T04:46:06Z,23.997933333333336,57.697633333333336,198.9411,1,24.3053,1,38.29502,1,1
sea057_20220707,2022-07-07T04:47:06Z,23.998033333333336,57.697466666666664,207.3211,1,24.368,1,38.35162,1,1
sea057_20220707,2022-07-07T04:48:06Z,23.9981,57.6973,215.5374,1,24.3194,1,38.33673,1,1
sea057_20220707,2022-07-07T04:49:06Z,23.998166666666666,57.69713333333334,224.0306,1,24.3195,1,38.33883,1,1
sea057_20220707,2022-07-07T04:50:06Z,23.99825,57.69696666666667,232.4575,1,24.1642,1,38.294624,1,1
sea057_20220707,2022-07-07T04:51:06Z,23.998333333333335,57.69681666666667,240.5316,1,23.5982,1,38.13909,1,1
sea057_20220707,2022-07-07T04:52:06Z,23.9984,57.69663333333333,248.8476,1,23.0458,1,38.00944,1,1
sea057_20220707,2022-07-07T04:53:06Z,23.998466666666666,57.69646666666666,257.3287,1,23.0135,1,37.996094,1,1
sea057_20220707,2022-07-07T04:54:07Z,23.998516666666667,57.6963,265.6408,1,22.6378,1,37.87719,1,1
sea057_20220707,2022-07-07T04:55:07Z,23.998583333333332,57.69611666666666,274.0944,1,22.589,1,37.89139,1,1
sea057_20220707,2022-07-07T04:56:07Z,23.998649999999998,57.695933333333336,282.4836,1,22.5112,1,37.853783,1,1
sea057_20220707,2022-07-07T04:57:07Z,23.998750000000005,57.69578333333334,290.9154,1,22.0278,1,37.76284,1,1
sea057_20220707,2022-07-07T04:58:07Z,23.99885,57.69563333333334,298.4543,1,21.3292,1,37.63282,1,1
sea057_20220707,2022-07-07T04:59:07Z,23.998933333333337,57.695499999999996,302.99,1,21.0907,1,37.603138,1,1
sea057_20220707,2022-07-07T05:00:07Z,23.999016666666662,57.6954,294.7482,1,21.5091,1,37.672516,1,1
sea057_20220707,2022-07-07T05:01:07Z,23.999183333333335,57.695233333333334,280.3701,1,22.4932,1,37.88809,1,1
sea057_20220707,2022-07-07T05:02:07Z,23.999333333333333,57.69506666666666,270.6427,1,22.5525,1,37.89062,1,1
sea057_20220707,2022-07-07T05:03:07Z,23.999483333333334,57.694900000000004,260.6294,1,23.0364,1,38.00744,1,1
sea057_20220707,2022-07-07T05:04:07Z,23.999633333333335,57.69473333333334,250.3595,1,22.9803,1,37.983536,1,1
sea057_20220707,2022-07-07T05:05:07Z,23.999783333333333,57.694583333333334,240.3541,1,23.6159,1,38.15925,1,1
sea057_20220707,2022-07-07T05:06:07Z,23.999933333333335,57.694433333333336,230.3185,1,24.1395,1,38.30525,1,1
sea057_20220707,2022-07-07T05:07:07Z,24.000083333333336,57.694266666666664,220.4074,1,24.3009,1,38.34095,1,1
sea057_20220707,2022-07-07T05:08:07Z,24.000216666666667,57.694116666666666,210.7074,1,24.4264,1,38.37768,1,1
sea057_20220707,2022-07-07T05:09:07Z,24.000366666666665,57.693949999999994,200.716,1,24.3965,1,38.36252,1,1
sea057_20220707,2022-07-07T05:10:07Z,24.000533333333337,57.693799999999996,190.8151,1,24.4637,1,38.32464,1,1
sea057_20220707,2022-07-07T05:11:07Z,24.000683333333335,57.69365,180.8626,1,24.4369,1,38.29206,1,1
sea057_20220707,2022-07-07T05:12:07Z,24.000833333333336,57.69349999999999,171.3419,1,24.4064,1,38.254227,1,1
sea057_20220707,2022-07-07T05:13:07Z,24.000983333333338,57.693349999999995,161.8503,1,23.9596,1,38.066025,1,1
sea057_20220707,2022-07-07T05:14:07Z,24.001116666666668,57.69318333333334,152.3794,1,24.0687,1,37.908012,1,1
sea057_20220707,2022-07-07T05:15:07Z,24.001249999999995,57.69301666666667,143.0121,1,23.9884,1,37.83732,1,1
sea057_20220707,2022-07-07T05:16:07Z,24.001383333333333,57.69285,133.2768,1,24.1747,1,37.841484,1,1
sea057_20220707,2022-07-07T05:17:07Z,24.001533333333334,57.69271666666667,123.828,1,23.14,1,37.309536,1,1
sea057_20220707,2022-07-07T05:18:07Z,24.001666666666665,57.69256666666667,114.65,1,22.3052,1,36.908512,1,1
sea057_20220707,2022-07-07T05:19:07Z,24.001800000000003,57.6924,106.0247,1,22.705,1,36.97334,1,1
sea057_20220707,2022-07-07T05:20:07Z,24.001933333333334,57.69226666666667,97.6326,1,23.0643,1,36.82378,1,1
sea057_20220707,2022-07-07T05:21:07Z,24.002066666666664,57.69213333333334,89.0675,1,23.3861,1,36.807564,1,1
sea057_20220707,2022-07-07T05:22:07Z,24.00218333333333,57.691966666666666,80.1399,1,23.2268,1,36.687458,1,1
sea057_20220707,2022-07-07T05:23:07Z,24.00231666666667,57.691833333333335,71.5106,1,23.4646,1,36.709175,1,1
sea057_20220707,2022-07-07T05:24:07Z,24.002433333333336,57.69168333333334,63.1201,1,23.5324,1,36.665474,1,1
sea057_20220707,2022-07-07T05:25:08Z,24.002549999999996,57.69155000000001,54.7346,1,23.582,1,36.6275,1,1
sea057_20220707,2022-07-07T05:26:08Z,24.002666666666663,57.69141666666666,46.8108,1,23.7696,1,36.599976,1,1
sea057_20220707,2022-07-07T05:27:08Z,24.0028,57.69128333333333,38.8899,1,24.0762,1,36.598843,1,1
sea057_20220707,2022-07-07T05:28:08Z,24.00291666666667,57.69115,30.9177,1,24.8501,1,36.582928,1,1
sea057_20220707,2022-07-07T05:29:08Z,24.003016666666667,57.69101666666667,23.6277,1,25.7885,1,36.55586,1,1
sea057_20220707,2022-07-07T05:30:08Z,24.003116666666664,57.69088333333334,16.4869,1,27.7306,1,36.563374,1,1
sea057_20220707,2022-07-07T05:31:08Z,24.00316666666667,57.69076666666667,10.5199,1,30.9397,1,36.864906,1,1
sea057_20220707,2022-07-07T05:32:08Z,24.003233333333334,57.6907,4.2719,1,30.8479,1,36.896664,1,1
sea057_20220707,2022-07-07T05:33:07Z,24.001716666666667,57.694983333333326,1.8655,1,30.9858,1,36.878624,1,1
sea057_20220707,2022-07-07T05:34:07Z,24.001716666666667,57.694983333333326,1.8551,1,30.9901,1,36.879345,1,1
sea057_20220707,2022-07-07T05:35:07Z,24.00173333333333,57.69495,2.0023,1,30.9469,1,36.88863,1,1
sea057_20220707,2022-07-07T05:36:07Z,24.00173333333333,57.69488333333334,2.1462,1,30.996,1,36.872784,1,1
sea057_20220707,2022-07-07T05:37:08Z,24.00175,57.694816666666675,1.9844,1,31.0079,1,36.882782,1,1
sea057_20220707,2022-07-07T05:38:08Z,24.00175,57.6948,1.9071,1,31.0302,1,36.877815,1,1
sea057_20220707,2022-07-07T05:39:08Z,24.00175,57.69476666666666,2.0211,1,31.0219,1,36.88784,1,1
sea057_20220707,2022-07-07T05:40:08Z,24.001766666666672,57.694716666666665,2.1769,1,31.0134,1,36.882793,1,1
sea057_20220707,2022-07-07T05:41:08Z,24.001783333333332,57.6947,2.1143,1,31.0131,1,36.89008,1,1
sea057_20220707,2022-07-07T05:42:08Z,24.001783333333332,57.69465,2.042,1,31.0361,1,36.886723,1,1
sea057_20220707,2022-07-07T05:43:08Z,24.001783333333332,57.69461666666666,1.9912,1,31.043,1,36.88778,1,1
sea057_20220707,2022-07-07T05:44:08Z,24.001783333333332,57.694583333333334,2.6794,1,31.0381,1,36.88023,1,1
sea057_20220707,2022-07-07T05:45:08Z,24.001716666666667,57.69468333333332,21.3993,1,26.2861,1,36.423775,1,1
sea057_20220707,2022-07-07T05:46:08Z,24.001666666666665,57.694816666666675,29.616,1,25.1331,1,36.549442,1,1
sea057_20220707,2022-07-07T05:47:08Z,24.001816666666667,57.694849999999995,39.5416,1,24.0168,1,36.58942,1,1
sea057_20220707,2022-07-07T05:48:08Z,24.002,57.69476666666666,48.5827,1,23.7106,1,36.595448,1,1
sea057_20220707,2022-07-07T05:49:08Z,24.002166666666668,57.69468333333332,56.5429,1,23.6038,1,36.64333,1,1
sea057_20220707,2022-07-07T05:50:08Z,24.002333333333333,57.694583333333334,64.7588,1,23.5192,1,36.654144,1,1
sea057_20220707,2022-07-07T05:51:08Z,24.00248333333333,57.69448333333333,73.0661,1,23.4895,1,36.69854,1,1
sea057_20220707,2022-07-07T05:52:08Z,24.002650000000003,57.69438333333333,81.2227,1,23.3132,1,36.71932,1,1
sea057_20220707,2022-07-07T05:53:08Z,24.002816666666664,57.69431666666666,88.938,1,23.4453,1,36.80888,1,1
sea057_20220707,2022-07-07T05:54:08Z,24.002983333333336,57.694266666666664,96.0262,1,23.0812,1,36.804222,1,1
sea057_20220707,2022-07-07T05:55:08Z,24.003133333333334,57.69418333333333,103.0828,1,22.8245,1,36.918415,1,1
sea057_20220707,2022-07-07T05:56:08Z,24.003283333333336,57.69408333333334,110.4991,1,23.0587,1,37.138847,1,1
sea057_20220707,2022-07-07T05:57:08Z,24.003416666666666,57.694,117.6976,1,22.6707,1,37.02046,1,1
sea057_20220707,2022-07-07T05:58:08Z,24.003566666666664,57.6939,124.8697,1,23.8877,1,37.71445,1,1
sea057_20220707,2022-07-07T05:59:08Z,24.003716666666666,57.693799999999996,132.2807,1,24.1597,1,37.82571,1,1
sea057_20220707,2022-07-07T06:00:08Z,24.003883333333338,57.69371666666666,139.6688,1,24.1198,1,37.915363,1,1
sea057_20220707,2022-07-07T06:01:08Z,24.004033333333336,57.69363333333334,146.5708,1,24.083,1,37.91298,1,1
sea057_20220707,2022-07-07T06:02:08Z,24.004183333333337,57.69356666666666,153.5219,1,23.9386,1,37.87931,1,1
sea057_20220707,2022-07-07T06:03:08Z,24.00433333333334,57.69348333333334,160.3583,1,23.5202,1,37.847805,1,1
sea057_20220707,2022-07-07T06:04:08Z,24.00448333333333,57.69341666666666,167.3812,1,24.1975,1,38.16889,1,1
sea057_20220707,2022-07-07T06:05:08Z,24.00463333333333,57.69331666666667,174.295,1,24.2035,1,38.16397,1,1
sea057_20220707,2022-07-07T06:06:08Z,24.00476666666667,57.69323333333333,181.0716,1,24.1825,1,38.160152,1,1
sea057_20220707,2022-07-07T06:07:08Z,24.0049,57.693149999999996,187.6168,1,24.443,1,38.294724,1,1
sea057_20220707,2022-07-07T06:08:08Z,24.005016666666666,57.69304999999999,194.2034,1,24.311,1,38.312035,1,1
sea057_20220707,2022-07-07T06:09:08Z,24.005150000000004,57.69295,200.6124,1,24.4055,1,38.365265,1,1
sea057_20220707,2022-07-07T06:10:08Z,24.005283333333335,57.69286666666667,207.1377,1,24.4085,1,38.376236,1,1
sea057_20220707,2022-07-07T06:11:09Z,24.005433333333333,57.69281666666667,213.4632,1,24.3339,1,38.35035,1,1
sea057_20220707,2022-07-07T06:12:09Z,24.005566666666663,57.69275,220.2816,1,24.1714,1,38.259407,1,1
sea057_20220707,2022-07-07T06:13:09Z,24.005716666666665,57.69268333333333,227.48,1,23.7486,1,38.19718,1,1
sea057_20220707,2022-07-07T06:14:09Z,24.005866666666666,57.69258333333334,234.8248,1,23.7138,1,38.190437,1,1
sea057_20220707,2022-07-07T06:15:09Z,24.006000000000004,57.692483333333335,242.0982,1,23.6697,1,38.178013,1,1
sea057_20220707,2022-07-07T06:16:09Z,24.00613333333333,57.692383333333325,249.3473,1,23.5084,1,38.123096,1,1
sea057_20220707,2022-07-07T06:17:09Z,24.006300000000003,57.69231666666666,256.9404,1,22.8674,1,37.939995,1,1
sea057_20220707,2022-07-07T06:18:09Z,24.006450000000005,57.692249999999994,264.3076,1,22.4057,1,37.827797,1,1
sea057_20220707,2022-07-07T06:19:09Z,24.006616666666666,57.6922,271.5804,1,22.17,1,37.785183,1,1
sea057_20220707,2022-07-07T06:20:09Z,24.006766666666667,57.692150000000005,278.5681,1,22.052,1,37.76964,1,1
sea057_20220707,2022-07-07T06:21:09Z,24.006916666666665,57.69206666666667,285.4865,1,21.6876,1,37.705635,1,1
sea057_20220707,2022-07-07T06:22:09Z,24.007049999999996,57.69200000000001,291.9325,1,21.2571,1,37.62434,1,1
sea057_20220707,2022-07-07T06:23:09Z,24.007183333333334,57.691900000000004,298.2601,1,20.8678,1,37.56286,1,1
sea057_20220707,2022-07-07T06:24:09Z,24.0073,57.69179999999999,304.802,1,20.8591,1,37.56136,1,1
sea057_20220707,2022-07-07T06:25:09Z,24.007450000000002,57.691716666666665,311.9182,1,20.3338,1,37.447395,1,1
sea057_20220707,2022-07-07T06:26:09Z,24.007583333333333,57.691649999999996,318.6626,1,20.2018,1,37.381607,1,1
sea057_20220707,2022-07-07T06:27:09Z,24.00773333333333,57.69161666666667,324.8609,1,19.0174,1,37.124382,1,1
sea057_20220707,2022-07-07T06:28:09Z,24.007883333333332,57.69155000000001,331.0543,1,18.7721,1,37.066364,1,1
sea057_20220707,2022-07-07T06:29:09Z,24.007949999999997,57.69155000000001,324.9398,1,19.008,1,37.125183,1,1
sea057_20220707,2022-07-07T06:30:09Z,24.00815,57.69153333333334,310.7079,1,20.2771,1,37.43779,1,1
sea057_20220707,2022-07-07T06:31:09Z,24.008383333333335,57.69148333333332,302.5726,1,20.9068,1,37.577324,1,1
sea057_20220707,2022-07-07T06:32:09Z,24.00856666666667,57.69146666666667,293.7578,1,21.0074,1,37.605972,1,1
sea057_20220707,2022-07-07T06:33:09Z,24.008766666666663,57.69143333333333,284.7974,1,21.5156,1,37.70523,1,1
sea057_20220707,2022-07-07T06:34:09Z,24.008966666666666,57.69140000000001,276.064,1,22.0099,1,37.76641,1,1
sea057_20220707,2022-07-07T06:35:09Z,24.00916666666667,57.69134999999999,267.2847,1,22.3321,1,37.845585,1,1
sea057_20220707,2022-07-07T06:36:09Z,24.009366666666665,57.69131666666667,258.4368,1,22.6476,1,37.885086,1,1
sea057_20220707,2022-07-07T06:37:09Z,24.009549999999997,57.691266666666664,249.8915,1,23.6355,1,38.188053,1,1
sea057_20220707,2022-07-07T06:38:09Z,24.00975,57.69121666666667,241.596,1,23.831,1,38.24611,1,1
sea057_20220707,2022-07-07T06:39:09Z,24.009933333333333,57.69116666666667,233.4105,1,23.8107,1,38.228577,1,1
sea057_20220707,2022-07-07T06:40:10Z,24.010116666666665,57.69113333333333,225.2307,1,23.9379,1,38.250736,1,1
sea057_20220707,2022-07-07T06:41:10Z,24.010299999999997,57.69108333333334,217.0699,1,24.3176,1,38.36577,1,1
sea057_20220707,2022-07-07T06:42:10Z,24.010483333333333,57.691033333333344,208.9625,1,24.35,1,38.370358,1,1
sea057_20220707,2022-07-07T06:43:10Z,24.010666666666665,57.691,200.7579,1,24.3968,1,38.37617,1,1
sea057_20220707,2022-07-07T06:44:10Z,24.010849999999998,57.69096666666666,192.9386,1,24.4055,1,38.36528,1,1
sea057_20220707,2022-07-07T06:45:10Z,24.01103333333333,57.690916666666666,184.6698,1,24.3604,1,38.291416,1,1
sea057_20220707,2022-07-07T06:46:10Z,24.011216666666662,57.69086666666667,176.8844,1,24.0606,1,38.10562,1,1
sea057_20220707,2022-07-07T06:47:10Z,24.011383333333335,57.69083333333333,169.4154,1,23.9838,1,38.054375,1,1
sea057_20220707,2022-07-07T06:48:10Z,24.011566666666667,57.690783333333336,161.477,1,23.6382,1,37.857044,1,1
sea057_20220707,2022-07-07T06:49:10Z,24.01175,57.69073333333334,153.114,1,24.157,1,38.00544,1,1
sea057_20220707,2022-07-07T06:50:10Z,24.01193333333333,57.69066666666666,144.9506,1,24.1077,1,37.935024,1,1
sea057_20220707,2022-07-07T06:51:10Z,24.012116666666664,57.69061666666666,136.8551,1,24.2194,1,37.897526,1,1
sea057_20220707,2022-07-07T06:52:10Z,24.012299999999996,57.69056666666667,128.9587,1,24.3037,1,37.906124,1,1
sea057_20220707,2022-07-07T06:53:10Z,24.01246666666667,57.69053333333333,121.3681,1,22.9972,1,37.20004,1,1
sea057_20220707,2022-07-07T06:54:10Z,24.01263333333333,57.690466666666666,113.8936,1,23.0903,1,37.17139,1,1
sea057_20220707,2022-07-07T06:55:10Z,24.012800000000002,57.6904,106.3495,1,22.769,1,36.930344,1,1
sea057_20220707,2022-07-07T06:56:10Z,24.012983333333334,57.69035,98.8216,1,23.0878,1,36.988148,1,1
sea057_20220707,2022-07-07T06:57:10Z,24.013150000000003,57.69029999999999,91.6398,1,23.4096,1,36.83663,1,1
sea057_20220707,2022-07-07T06:58:10Z,24.013316666666665,57.69025,84.1319,1,23.4745,1,36.82117,1,1
sea057_20220707,2022-07-07T06:59:10Z,24.013483333333337,57.690200000000004,76.7099,1,23.419,1,36.729717,1,1
sea057_20220707,2022-07-07T07:00:10Z,24.01365,57.69016666666666,69.3734,1,23.3724,1,36.68857,1,1
sea057_20220707,2022-07-07T07:01:10Z,24.01381666666667,57.69011666666667,62.121,1,23.5018,1,36.648975,1,1
sea057_20220707,2022-07-07T07:02:10Z,24.01396666666667,57.69008333333333,55.2425,1,23.5933,1,36.621006,1,1
sea057_20220707,2022-07-07T07:03:10Z,24.01411666666667,57.69003333333333,48.6348,1,23.6474,1,36.600292,1,1
sea057_20220707,2022-07-07T07:04:10Z,24.01426666666667,57.68996666666667,41.7236,1,23.8625,1,36.59278,1,1
sea057_20220707,2022-07-07T07:05:10Z,24.014433333333333,57.689916666666676,34.997,1,24.1796,1,36.588165,1,1
sea057_20220707,2022-07-07T07:06:10Z,24.014583333333334,57.689883333333334,28.2949,1,25.0269,1,36.58344,1,1
sea057_20220707,2022-07-07T07:07:10Z,24.0147,57.6898,22.1919,1,26.87,1,36.560608,1,1
sea057_20220707,2022-07-07T07:08:10Z,24.01481666666667,57.68971666666666,16.3165,1,28.8848,1,36.699738,1,1
sea057_20220707,2022-07-07T07:09:10Z,24.014899999999997,57.689633333333326,11.406,1,30.9466,1,36.867367,1,1
sea057_20220707,2022-07-07T07:10:10Z,24.015,57.68958333333333,10.6643,1,30.9218,1,36.889545,1,1
sea057_20220707,2022-07-07T07:11:10Z,24.015016666666664,57.689566666666664,2.4405,1,31.462,1,36.921803,1,1
sea057_20220707,2022-07-07T07:12:11Z,24.0129,57.694900000000004,2.1575,1,31.4735,1,36.93583,1,1
sea057_20220707,2022-07-07T07:13:11Z,24.012816666666662,57.694816666666675,2.0168,1,31.4641,1,36.93694,1,1
sea057_20220707,2022-07-07T07:14:11Z,24.012766666666668,57.694716666666665,2.1557,1,31.5098,1,36.940536,1,1
sea057_20220707,2022-07-07T07:15:11Z,24.012700000000002,57.69465,2.0384,1,31.4808,1,36.938114,1,1
sea057_20220707,2022-07-07T07:16:11Z,24.01265,57.69456666666667,2.136,1,31.4953,1,36.93539,1,1
sea057_20220707,2022-07-07T07:17:11Z,24.012616666666666,57.6945,2.0698,1,31.4945,1,36.939472,1,1
sea057_20220707,2022-07-07T07:18:11Z,24.01255,57.69438333333333,2.1474,1,31.5468,1,36.941593,1,1
sea057_20220707,2022-07-07T07:19:11Z,24.0125,57.69433333333333,1.9811,1,31.5839,1,36.936985,1,1
sea057_20220707,2022-07-07T07:20:11Z,24.012449999999998,57.69425,2.0479,1,31.5647,1,36.940777,1,1
sea057_20220707,2022-07-07T07:21:11Z,24.012400000000003,57.69416666666666,2.1223,1,31.5654,1,36.94003,1,1
sea057_20220707,2022-07-07T07:22:11Z,24.01235,57.69408333333334,2.1202,1,31.5668,1,36.938316,1,1
sea057_20220707,2022-07-07T07:23:11Z,24.012316666666667,57.69403333333333,0.9169,1,31.6019,1,36.924637,1,1
sea057_20220707,2022-07-07T07:24:11Z,24.012316666666667,57.69405,1.6734,1,31.59,1,36.836487,1,1
sea057_20220707,2022-07-07T07:25:11Z,24.01236666666667,57.69418333333333,9.6832,1,31.1684,1,36.848583,1,1
sea057_20220707,2022-07-07T07:26:11Z,24.012583333333335,57.69415000000001,21.6882,1,26.7415,1,36.497005,1,1
sea057_20220707,2022-07-07T07:27:11Z,24.012716666666666,57.694116666666666,28.3484,1,25.1456,1,36.5391,1,1
sea057_20220707,2022-07-07T07:28:11Z,24.0129,57.69405,36.976,1,24.0708,1,36.56588,1,1
sea057_20220707,2022-07-07T07:29:11Z,24.01305,57.693983333333335,44.5811,1,23.7288,1,36.579384,1,1
sea057_20220707,2022-07-07T07:30:11Z,24.01321666666667,57.6939,52.0619,1,23.6375,1,36.592957,1,1
sea057_20220707,2022-07-07T07:31:11Z,24.01335,57.693799999999996,59.6752,1,23.5321,1,36.62309,1,1
sea057_20220707,2022-07-07T07:32:11Z,24.0135,57.69368333333333,67.6735,1,23.3951,1,36.61289,1,1
sea057_20220707,2022-07-07T07:33:11Z,24.01365,57.69356666666666,76.0395,1,23.3365,1,36.678585,1,1
sea057_20220707,2022-07-07T07:34:11Z,24.01381666666667,57.69345,84.4014,1,23.4801,1,36.784824,1,1
sea057_20220707,2022-07-07T07:35:11Z,24.01396666666667,57.69333333333334,92.4967,1,23.4419,1,36.814106,1,1
sea057_20220707,2022-07-07T07:36:12Z,24.01411666666667,57.69323333333333,100.5061,1,23.2496,1,36.88509,1,1
sea057_20220707,2022-07-07T07:37:12Z,24.01426666666667,57.69313333333333,107.8353,1,23.07,1,37.08781,1,1
sea057_20220707,2022-07-07T07:38:12Z,24.014416666666662,57.69303333333334,115.0488,1,23.0425,1,37.146854,1,1
sea057_20220707,2022-07-07T07:39:12Z,24.014566666666664,57.69298333333333,122.2819,1,23.6497,1,37.58193,1,1
sea057_20220707,2022-07-07T07:40:12Z,24.014733333333332,57.692899999999995,129.4823,1,24.2709,1,37.903297,1,1
sea057_20220707,2022-07-07T07:41:12Z,24.014883333333334,57.69281666666667,136.5065,1,24.2018,1,37.871372,1,1
sea057_20220707,2022-07-07T07:42:12Z,24.015033333333335,57.69275,143.6595,1,24.2505,1,37.897884,1,1
sea057_20220707,2022-07-07T07:43:12Z,24.015199999999997,57.69268333333333,150.6976,1,24.9768,1,38.31733,1,1
sea057_20220707,2022-07-07T07:44:12Z,24.015349999999998,57.69263333333333,157.5051,1,24.5698,1,38.23363,1,1
sea057_20220707,2022-07-07T07:45:12Z,24.015516666666667,57.69258333333334,164.4619,1,24.5815,1,38.234375,1,1
sea057_20220707,2022-07-07T07:46:12Z,24.015649999999997,57.69251666666667,171.5193,1,24.4016,1,38.204643,1,1
sea057_20220707,2022-07-07T07:47:12Z,24.01581666666667,57.692449999999994,178.4732,1,24.1412,1,38.11598,1,1
sea057_20220707,2022-07-07T07:48:12Z,24.015966666666667,57.6924,185.4279,1,24.1439,1,38.14917,1,1
sea057_20220707,2022-07-07T07:49:12Z,24.01611666666667,57.69236666666667,192.0419,1,24.2675,1,38.25058,1,1
sea057_20220707,2022-07-07T07:50:12Z,24.01626666666667,57.692299999999996,198.8193,1,24.417,1,38.372185,1,1
sea057_20220707,2022-07-07T07:51:12Z,24.016416666666668,57.69223333333333,205.7711,1,24.3383,1,38.35832,1,1
sea057_20220707,2022-07-07T07:52:12Z,24.01656666666667,57.692166666666665,212.5253,1,24.2736,1,38.337025,1,1
sea057_20220707,2022-07-07T07:53:12Z,24.0167,57.69211666666667,219.144,1,24.2591,1,38.343956,1,1
sea057_20220707,2022-07-07T07:54:12Z,24.016849999999998,57.69206666666667,225.6671,1,24.3274,1,38.36696,1,1
sea057_20220707,2022-07-07T07:55:12Z,24.017,57.69201666666666,232.2702,1,24.0824,1,38.291744,1,1
sea057_20220707,2022-07-07T07:56:12Z,24.01715,57.69195,238.7926,1,24.2568,1,38.397896,1,1
sea057_20220707,2022-07-07T07:57:12Z,24.0173,57.691900000000004,245.3929,1,23.6601,1,38.190727,1,1
sea057_20220707,2022-07-07T07:58:12Z,24.01745,57.69185000000001,252.0381,1,23.4371,1,38.13001,1,1
sea057_20220707,2022-07-07T07:59:12Z,24.0176,57.69179999999999,258.8853,1,22.4294,1,37.81875,1,1
sea057_20220707,2022-07-07T08:00:12Z,24.017766666666663,57.69176666666667,265.817,1,22.1923,1,37.75303,1,1
sea057_20220707,2022-07-07T08:01:12Z,24.017916666666665,57.691700000000004,272.6536,1,21.7763,1,37.713696,1,1
sea057_20220707,2022-07-07T08:02:12Z,24.018050000000002,57.69161666666667,279.2828,1,21.6852,1,37.699684,1,1
sea057_20220707,2022-07-07T08:03:12Z,24.018183333333333,57.69155000000001,285.7515,1,21.3006,1,37.651897,1,1
sea057_20220707,2022-07-07T08:04:13Z,24.01831666666667,57.69143333333333,292.2033,1,20.6588,1,37.514072,1,1
sea057_20220707,2022-07-07T08:05:13Z,24.018433333333338,57.691333333333326,298.8051,1,20.3385,1,37.449936,1,1
sea057_20220707,2022-07-07T08:06:13Z,24.018549999999998,57.69123333333334,305.4594,1,19.7584,1,37.31515,1,1
sea057_20220707,2022-07-07T08:07:13Z,24.018683333333335,57.69115,312.0497,1,19.6912,1,37.295666,1,1
sea057_20220707,2022-07-07T08:08:13Z,24.018816666666666,57.691066666666664,318.7275,1,18.9174,1,37.10125,1,1
sea057_20220707,2022-07-07T08:09:13Z,24.018950000000004,57.69098333333333,325.1755,1,18.4592,1,36.992928,1,1
sea057_20220707,2022-07-07T08:10:13Z,24.019083333333334,57.690916666666666,331.7776,1,18.3346,1,36.950794,1,1
sea057_20220707,2022-07-07T08:11:13Z,24.01921666666666,57.69085,338.1663,1,18.0002,1,36.884727,1,1
sea057_20220707,2022-07-07T08:12:13Z,24.019333333333332,57.69081666666666,334.8938,1,18.0437,1,36.892864,1,1
sea057_20220707,2022-07-07T08:13:13Z,24.019516666666664,57.69076666666667,321.405,1,18.8555,1,37.092403,1,1
sea057_20220707,2022-07-07T08:14:13Z,24.01973333333334,57.69071666666667,312.3494,1,19.6401,1,37.28908,1,1
sea057_20220707,2022-07-07T08:15:13Z,24.01991666666667,57.690650000000005,303.8803,1,19.7387,1,37.329216,1,1
sea057_20220707,2022-07-07T08:16:13Z,24.020100000000003,57.69058333333334,295.5053,1,20.2614,1,37.428246,1,1
sea057_20220707,2022-07-07T08:17:13Z,24.020283333333335,57.69055,287.3018,1,20.7953,1,37.564953,1,1
sea057_20220707,2022-07-07T08:18:13Z,24.020466666666668,57.69050000000001,279.182,1,21.6677,1,37.704243,1,1
sea057_20220707,2022-07-07T08:19:13Z,24.02063333333333,57.69044999999999,271.2647,1,21.6865,1,37.702374,1,1
sea057_20220707,2022-07-07T08:20:13Z,24.020816666666665,57.69038333333333,263.5059,1,22.2069,1,37.790295,1,1
sea057_20220707,2022-07-07T08:21:13Z,24.020966666666663,57.69031666666667,256.0899,1,22.3689,1,37.82823,1,1
sea057_20220707,2022-07-07T08:22:13Z,24.021133333333335,57.69025,248.592,1,23.3605,1,38.141533,1,1
sea057_20220707,2022-07-07T08:23:13Z,24.021299999999997,57.690200000000004,241.1171,1,24.2047,1,38.385136,1,1
sea057_20220707,2022-07-07T08:24:13Z,24.021466666666665,57.690149999999996,233.4337,1,24.6048,1,38.51856,1,1
sea057_20220707,2022-07-07T08:25:13Z,24.02163333333333,57.69008333333333,225.4357,1,24.5723,1,38.4998,1,1
sea057_20220707,2022-07-07T08:26:13Z,24.02181666666667,57.690016666666665,217.3507,1,24.7459,1,38.561413,1,1
sea057_20220707,2022-07-07T08:27:13Z,24.022000000000002,57.68996666666667,209.3885,1,24.3871,1,38.377014,1,1
sea057_20220707,2022-07-07T08:28:13Z,24.022166666666667,57.689916666666676,201.692,1,24.3815,1,38.381386,1,1
sea057_20220707,2022-07-07T08:29:13Z,24.02235,57.68984999999999,194.1372,1,24.4147,1,38.36542,1,1
sea057_20220707,2022-07-07T08:30:13Z,24.022499999999997,57.6898,186.8705,1,24.2225,1,38.19338,1,1
sea057_20220707,2022-07-07T08:31:13Z,24.02266666666667,57.689733333333336,179.6786,1,24.4578,1,38.30719,1,1
sea057_20220707,2022-07-07T08:32:13Z,24.02283333333333,57.68968333333334,172.4031,1,24.5424,1,38.314873,1,1
sea057_20220707,2022-07-07T08:33:13Z,24.022983333333332,57.68961666666667,165.0384,1,24.6671,1,38.338646,1,1
sea057_20220707,2022-07-07T08:34:13Z,24.02315,57.689566666666664,157.644,1,24.815,1,38.261707,1,1
sea057_20220707,2022-07-07T08:35:13Z,24.023316666666666,57.68951666666667,150.6025,1,24.5732,1,38.04569,1,1
sea057_20220707,2022-07-07T08:36:13Z,24.023483333333335,57.689466666666675,143.3176,1,24.1715,1,37.869747,1,1
sea057_20220707,2022-07-07T08:37:14Z,24.023649999999996,57.68939999999999,136.0338,1,23.9594,1,37.75897,1,1
sea057_20220707,2022-07-07T08:38:14Z,24.023799999999998,57.68935,128.8038,1,23.8508,1,37.71227,1,1
sea057_20220707,2022-07-07T08:39:14Z,24.02396666666667,57.6893,121.7483,1,23.7114,1,37.582706,1,1
sea057_20220707,2022-07-07T08:40:14Z,24.024116666666668,57.68923333333334,114.8107,1,23.0661,1,37.13414,1,1
sea057_20220707,2022-07-07T08:41:14Z,24.02426666666667,57.68913333333333,107.5168,1,22.8633,1,36.899063,1,1
sea057_20220707,2022-07-07T08:42:14Z,24.02441666666667,57.689016666666674,100.0147,1,23.1565,1,36.81525,1,1
sea057_20220707,2022-07-07T08:43:14Z,24.024549999999998,57.688916666666664,92.9679,1,23.3818,1,36.891792,1,1
sea057_20220707,2022-07-07T08:44:14Z,24.0247,57.688833333333335,86.1376,1,23.4188,1,36.790977,1,1
sea057_20220707,2022-07-07T08:45:14Z,24.02483333333333,57.68875,79.3771,1,23.3796,1,36.765682,1,1
sea057_20220707,2022-07-07T08:46:14Z,24.02498333333333,57.68865000000001,72.3854,1,23.2045,1,36.617268,1,1
sea057_20220707,2022-07-07T08:47:14Z,24.02511666666667,57.688566666666674,65.3526,1,23.4187,1,36.633087,1,1
sea057_20220707,2022-07-07T08:48:14Z,24.025249999999996,57.68846666666666,58.3842,1,23.4004,1,36.614323,1,1
sea057_20220707,2022-07-07T08:49:14Z,24.025383333333334,57.6884,51.7598,1,23.5194,1,36.592743,1,1
sea057_20220707,2022-07-07T08:50:14Z,24.025516666666665,57.688316666666665,45.4613,1,23.7065,1,36.5992,1,1
sea057_20220707,2022-07-07T08:51:14Z,24.025650000000002,57.68823333333333,39.1041,1,23.9414,1,36.594032,1,1
sea057_20220707,2022-07-07T08:52:14Z,24.025783333333333,57.68816666666667,32.6684,1,24.3249,1,36.582973,1,1
sea057_20220707,2022-07-07T08:53:14Z,24.025916666666664,57.6881,26.5039,1,25.058,1,36.589638,1,1
sea057_20220707,2022-07-07T08:54:14Z,24.02603333333333,57.688050000000004,20.6658,1,26.4822,1,36.593437,1,1
sea057_20220707,2022-07-07T08:55:14Z,24.026133333333338,57.68796666666667,15.3238,1,28.762,1,36.683525,1,1
sea057_20220707,2022-07-07T08:56:14Z,24.026183333333332,57.687900000000006,11.1757,1,30.7454,1,36.826473,1,1
sea057_20220707,2022-07-07T08:57:14Z,24.026249999999997,57.68785,10.2004,1,30.8061,1,36.890278,1,1
sea057_20220707,2022-07-07T08:58:14Z,24.023733333333332,57.69433333333333,2.4926,1,31.6673,1,36.92795,1,1
sea057_20220707,2022-07-07T08:59:14Z,24.0237,57.69421666666667,2.0023,1,31.6607,1,36.926434,1,1
sea057_20220707,2022-07-07T09:00:14Z,24.02368333333333,57.69418333333333,2.0787,1,31.6469,1,36.91127,1,1
sea057_20220707,2022-07-07T09:01:14Z,24.023666666666667,57.69405,2.0566,1,31.6866,1,36.935883,1,1
sea057_20220707,2022-07-07T09:02:14Z,24.023633333333336,57.69393333333334,0.752,1,31.7236,1,36.952217,1,1
sea057_20220707,2022-07-07T09:03:14Z,24.023633333333336,57.693949999999994,0.8771,1,31.7379,1,36.952477,1,1
sea057_20220707,2022-07-07T09:04:14Z,24.023733333333332,57.69401666666666,9.5178,1,30.927,1,36.86444,1,1
sea057_20220707,2022-07-07T09:05:14Z,24.02395,57.693983333333335,20.9669,1,26.0625,1,36.548588,1,1
sea057_20220707,2022-07-07T09:06:14Z,24.024099999999997,57.69393333333334,28.3832,1,24.9094,1,36.5623,1,1
sea057_20220707,2022-07-07T09:07:14Z,24.02425,57.693850000000005,36.1183,1,24.039,1,36.588783,1,1
sea057_20220707,2022-07-07T09:08:14Z,24.024383333333336,57.69375,43.796,1,23.8311,1,36.57862,1,1
sea057_20220707,2022-07-07T09:09:14Z,24.024533333333338,57.69363333333334,51.9702,1,23.6166,1,36.585342,1,1
sea057_20220707,2022-07-07T09:10:14Z,24.024683333333336,57.69351666666667,59.7089,1,23.4305,1,36.601974,1,1
sea057_20220707,2022-07-07T09:11:14Z,24.024816666666666,57.69341666666666,67.3813,1,23.4273,1,36.616642,1,1
sea057_20220707,2022-07-07T09:12:14Z,24.024966666666668,57.6933,75.0696,1,23.0556,1,36.617443,1,1
sea057_20220707,2022-07-07T09:13:14Z,24.0251,57.69318333333334,82.1173,1,23.4315,1,36.79191,1,1
sea057_20220707,2022-07-07T09:14:15Z,24.025233333333336,57.693083333333334,89.9907,1,23.4326,1,36.81619,1,1
sea057_20220707,2022-07-07T09:15:15Z,24.025383333333334,57.69296666666667,97.6109,1,23.4259,1,36.83067,1,1
sea057_20220707,2022-07-07T09:16:15Z,24.025516666666665,57.69285,104.9658,1,22.9223,1,36.87715,1,1
sea057_20220707,2022-07-07T09:17:15Z,24.025650000000002,57.69275,111.7087,1,23.4019,1,37.197197,1,1
sea057_20220707,2022-07-07T09:18:15Z,24.025799999999997,57.692666666666675,118.3845,1,23.2338,1,37.35182,1,1
sea057_20220707,2022-07-07T09:19:15Z,24.025949999999998,57.692616666666666,125.3596,1,23.8852,1,37.698357,1,1
sea057_20220707,2022-07-07T09:20:15Z,24.026116666666667,57.69256666666667,132.3006,1,23.9024,1,37.69461,1,1
sea057_20220707,2022-07-07T09:21:15Z,24.026266666666668,57.6925,139.5773,1,24.7341,1,38.07902,1,1
sea057_20220707,2022-07-07T09:22:15Z,24.02643333333333,57.69241666666667,147.0671,1,24.7661,1,38.20047,1,1
sea057_20220707,2022-07-07T09:23:15Z,24.026566666666668,57.69231666666666,154.4228,1,24.3491,1,38.036743,1,1
sea057_20220707,2022-07-07T09:24:15Z,24.02671666666667,57.692216666666674,161.3997,1,23.9388,1,37.974384,1,1
sea057_20220707,2022-07-07T09:25:15Z,24.026866666666667,57.69213333333334,168.0294,1,24.4449,1,38.259766,1,1
sea057_20220707,2022-07-07T09:26:15Z,24.02701666666667,57.69208333333333,175.5716,1,24.44,1,38.261852,1,1
sea057_20220707,2022-07-07T09:27:15Z,24.02716666666667,57.69200000000001,183.508,1,24.2995,1,38.211735,1,1
sea057_20220707,2022-07-07T09:28:15Z,24.02733333333333,57.691933333333324,190.3602,1,24.4032,1,38.31779,1,1
sea057_20220707,2022-07-07T09:29:15Z,24.02746666666667,57.69185000000001,197.7616,1,24.3668,1,38.348026,1,1
sea057_20220707,2022-07-07T09:30:15Z,24.0276,57.69173333333333,205.2472,1,24.3648,1,38.351254,1,1
sea057_20220707,2022-07-07T09:31:15Z,24.027733333333337,57.69163333333333,212.6177,1,24.5749,1,38.46348,1,1
sea057_20220707,2022-07-07T09:32:15Z,24.027866666666668,57.69153333333334,219.6084,1,24.7459,1,38.563446,1,1
sea057_20220707,2022-07-07T09:33:15Z,24.028,57.69143333333333,226.673,1,24.4054,1,38.453114,1,1
sea057_20220707,2022-07-07T09:34:15Z,24.028133333333336,57.691333333333326,233.9916,1,24.3314,1,38.435715,1,1
sea057_20220707,2022-07-07T09:35:15Z,24.028283333333334,57.69123333333334,241.4239,1,23.9217,1,38.290073,1,1
sea057_20220707,2022-07-07T09:36:15Z,24.028416666666665,57.69115,248.3458,1,23.1837,1,38.07624,1,1
sea057_20220707,2022-07-07T09:37:15Z,24.028566666666666,57.69105,255.5171,1,22.1885,1,37.792294,1,1
sea057_20220707,2022-07-07T09:38:15Z,24.028700000000004,57.69096666666666,262.8368,1,22.1764,1,37.801144,1,1
sea057_20220707,2022-07-07T09:39:15Z,24.028850000000002,57.69088333333334,270.2531,1,22.0008,1,37.78273,1,1
sea057_20220707,2022-07-07T09:40:15Z,24.028999999999996,57.6908,277.1702,1,21.329,1,37.626366,1,1
sea057_20220707,2022-07-07T09:41:15Z,24.029149999999998,57.69073333333334,284.3404,1,20.9902,1,37.575577,1,1
sea057_20220707,2022-07-07T09:42:15Z,24.029283333333336,57.69063333333334,291.2543,1,20.0463,1,37.359577,1,1
sea057_20220707,2022-07-07T09:43:16Z,24.029416666666666,57.69051666666666,298.3262,1,19.4079,1,37.24053,1,1
sea057_20220707,2022-07-07T09:44:16Z,24.029566666666664,57.69041666666667,305.6673,1,19.2163,1,37.181942,1,1
sea057_20220707,2022-07-07T09:45:16Z,24.029716666666666,57.690333333333335,312.8741,1,18.9808,1,37.112106,1,1
sea057_20220707,2022-07-07T09:46:16Z,24.029883333333334,57.690266666666666,319.9938,1,18.7181,1,37.051426,1,1
sea057_20220707,2022-07-07T09:47:16Z,24.030033333333336,57.690200000000004,326.9207,1,18.4444,1,36.971836,1,1
sea057_20220707,2022-07-07T09:48:16Z,24.030183333333337,57.690149999999996,333.7914,1,18.0748,1,36.888905,1,1
sea057_20220707,2022-07-07T09:49:16Z,24.03035,57.69008333333333,340.8058,1,17.8136,1,36.829517,1,1
sea057_20220707,2022-07-07T09:50:16Z,24.0305,57.68999999999999,347.8938,1,17.0544,1,36.651585,1,1
sea057_20220707,2022-07-07T09:51:16Z,24.030599999999996,57.68996666666667,344.9283,1,17.3317,1,36.770023,1,1
sea057_20220707,2022-07-07T09:52:16Z,24.030783333333336,57.689916666666676,331.9104,1,18.0812,1,36.909607,1,1
sea057_20220707,2022-07-07T09:53:16Z,24.031000000000002,57.68984999999999,322.8565,1,18.6554,1,37.04661,1,1
sea057_20220707,2022-07-07T09:54:16Z,24.031183333333335,57.68976666666667,314.4129,1,18.8653,1,37.09568,1,1
sea057_20220707,2022-07-07T09:55:16Z,24.031333333333336,57.68968333333334,306.9411,1,18.9733,1,37.135548,1,1
sea057_20220707,2022-07-07T09:56:16Z,24.031466666666667,57.689600000000006,299.9651,1,19.2068,1,37.194157,1,1
sea057_20220707,2022-07-07T09:57:16Z,24.031600000000005,57.689499999999995,292.978,1,19.5691,1,37.2945,1,1
sea057_20220707,2022-07-07T09:58:16Z,24.031750000000002,57.68939999999999,285.82,1,20.2527,1,37.430134,1,1
sea057_20220707,2022-07-07T09:59:16Z,24.031916666666667,57.68935,278.5748,1,21.2313,1,37.63108,1,1
sea057_20220707,2022-07-07T10:00:16Z,24.032066666666665,57.68926666666666,270.8649,1,21.5097,1,37.735744,1,1
sea057_20220707,2022-07-07T10:01:16Z,24.032233333333338,57.6892,263.1803,1,22.0822,1,37.79526,1,1
sea057_20220707,2022-07-07T10:02:16Z,24.0324,57.68911666666666,255.6393,1,22.0803,1,37.781006,1,1
sea057_20220707,2022-07-07T10:03:16Z,24.032533333333337,57.68903333333333,248.4385,1,22.8744,1,37.984512,1,1
sea057_20220707,2022-07-07T10:04:16Z,24.03268333333333,57.68893333333334,241.0696,1,23.6465,1,38.226284,1,1
sea057_20220707,2022-07-07T10:05:16Z,24.03281666666667,57.688833333333335,234.0154,1,24.1124,1,38.37561,1,1
sea057_20220707,2022-07-07T10:06:16Z,24.032949999999996,57.688733333333325,226.8222,1,24.3328,1,38.456474,1,1
sea057_20220707,2022-07-07T10:07:16Z,24.033083333333334,57.68861666666667,219.6359,1,24.6661,1,38.55026,1,1
sea057_20220707,2022-07-07T10:08:16Z,24.033216666666664,57.688516666666665,212.7161,1,24.7087,1,38.534077,1,1
sea057_20220707,2022-07-07T10:09:16Z,24.033383333333337,57.688449999999996,205.4802,1,24.36,1,38.360226,1,1
sea057_20220707,2022-07-07T10:10:16Z,24.033533333333335,57.688383333333334,198.3241,1,24.3335,1,38.333866,1,1
sea057_20220707,2022-07-07T10:11:16Z,24.0337,57.688316666666665,191.0587,1,24.2524,1,38.28574,1,1
sea057_20220707,2022-07-07T10:12:16Z,24.033849999999997,57.68823333333333,183.9961,1,24.2192,1,38.21928,1,1
sea057_20220707,2022-07-07T10:13:16Z,24.034,57.688133333333326,176.4652,1,24.2505,1,38.231567,1,1
sea057_20220707,2022-07-07T10:14:16Z,24.03413333333333,57.68801666666666,168.9221,1,24.248,1,38.189438,1,1
sea057_20220707,2022-07-07T10:15:16Z,24.034266666666667,57.687900000000006,161.3497,1,24.7469,1,38.274734,1,1
sea057_20220707,2022-07-07T10:16:16Z,24.03441666666667,57.68778333333333,153.9917,1,24.9953,1,38.362713,1,1
sea057_20220707,2022-07-07T10:17:17Z,24.03455,57.68768333333334,146.4509,1,25.064,1,38.365265,1,1
sea057_20220707,2022-07-07T10:18:17Z,24.034683333333337,57.68756666666666,138.8424,1,24.9731,1,38.225597,1,1
sea057_20220707,2022-07-07T10:19:17Z,24.034833333333335,57.68748333333333,131.545,1,24.6622,1,38.01965,1,1
sea057_20220707,2022-07-07T10:20:17Z,24.034983333333336,57.6874,124.4471,1,23.8704,1,37.62749,1,1
sea057_20220707,2022-07-07T10:21:17Z,24.035133333333338,57.68733333333333,117.3939,1,23.332,1,37.37952,1,1
sea057_20220707,2022-07-07T10:22:17Z,24.035283333333336,57.68724999999999,110.9739,1,23.384,1,37.189114,1,1
sea057_20220707,2022-07-07T10:23:17Z,24.035399999999996,57.687133333333335,104.0537,1,23.3109,1,37.01169,1,1
sea057_20220707,2022-07-07T10:24:17Z,24.035533333333333,57.68703333333333,97.4752,1,23.6837,1,37.045002,1,1
sea057_20220707,2022-07-07T10:25:17Z,24.035666666666664,57.686933333333336,90.819,1,23.1367,1,36.76146,1,1
sea057_20220707,2022-07-07T10:26:17Z,24.035800000000002,57.68685000000001,84.071,1,23.0468,1,36.638287,1,1
sea057_20220707,2022-07-07T10:27:17Z,24.035933333333332,57.686749999999996,76.9823,1,23.121,1,36.617405,1,1
sea057_20220707,2022-07-07T10:28:17Z,24.036083333333334,57.68664999999999,69.8242,1,23.3321,1,36.63619,1,1
sea057_20220707,2022-07-07T10:29:17Z,24.036216666666665,57.68656666666667,62.8386,1,23.5319,1,36.631947,1,1
sea057_20220707,2022-07-07T10:30:17Z,24.036366666666662,57.686483333333335,55.8429,1,23.5852,1,36.614258,1,1
sea057_20220707,2022-07-07T10:31:17Z,24.036516666666664,57.68641666666667,49.0037,1,23.7105,1,36.60501,1,1
sea057_20220707,2022-07-07T10:32:17Z,24.036666666666665,57.68634999999999,42.0544,1,23.8672,1,36.593815,1,1
sea057_20220707,2022-07-07T10:33:17Z,24.036816666666663,57.686299999999996,35.247,1,23.9736,1,36.588703,1,1
sea057_20220707,2022-07-07T10:34:17Z,24.036983333333335,57.68625,28.3644,1,24.5189,1,36.587643,1,1
sea057_20220707,2022-07-07T10:35:17Z,24.037116666666666,57.68619999999999,21.5253,1,25.3827,1,36.59827,1,1
sea057_20220707,2022-07-07T10:36:17Z,24.037250000000004,57.6861,14.927,1,28.0849,1,36.659126,1,1
sea057_20220707,2022-07-07T10:37:17Z,24.03735,57.686,9.0034,1,31.0507,1,36.907276,1,1
sea057_20220707,2022-07-07T10:38:17Z,24.03738333333333,57.685983333333326,2.5525,1,31.3812,1,36.874302,1,1
sea057_20220707,2022-07-07T10:39:17Z,24.034299999999998,57.69231666666666,2.3027,1,31.4103,1,36.841034,1,1
sea057_20220707,2022-07-07T10:40:17Z,24.03431666666667,57.69226666666667,1.9911,1,31.4575,1,36.850407,1,1
sea057_20220707,2022-07-07T10:41:17Z,24.034350000000003,57.691966666666666,2.1476,1,31.4668,1,36.838478,1,1
sea057_20220707,2022-07-07T10:42:17Z,24.034350000000003,57.69195,0.2258,1,31.4999,1,36.81492,1,1
sea057_20220707,2022-07-07T10:43:17Z,24.034366666666664,57.692033333333335,8.2419,1,31.1221,1,36.86449,1,1
sea057_20220707,2022-07-07T10:44:17Z,24.034566666666667,57.69213333333334,17.0934,1,27.4651,1,36.544437,1,1
sea057_20220707,2022-07-07T10:45:17Z,24.03475,57.69208333333333,26.3242,1,24.8105,1,36.581814,1,1
sea057_20220707,2022-07-07T10:46:17Z,24.0349,57.69201666666666,34.3223,1,24.0447,1,36.57882,1,1
sea057_20220707,2022-07-07T10:47:17Z,24.035050000000002,57.69191666666667,41.8336,1,23.897,1,36.575768,1,1
sea057_20220707,2022-07-07T10:48:17Z,24.0352,57.69179999999999,50.4766,1,23.7085,1,36.611343,1,1
sea057_20220707,2022-07-07T10:49:17Z,24.03533333333333,57.69166666666667,58.7991,1,23.6277,1,36.62031,1,1
sea057_20220707,2022-07-07T10:50:17Z,24.035500000000003,57.691583333333334,66.4169,1,23.4487,1,36.616302,1,1
sea057_20220707,2022-07-07T10:51:17Z,24.035633333333333,57.6915,73.4941,1,23.297,1,36.6214,1,1
sea057_20220707,2022-07-07T10:52:17Z,24.03578333333333,57.69140000000001,80.9539,1,23.2294,1,36.612427,1,1
sea057_20220707,2022-07-07T10:53:18Z,24.035933333333332,57.69128333333333,88.5186,1,23.5341,1,36.910343,1,1
sea057_20220707,2022-07-07T10:54:18Z,24.03606666666667,57.69118333333333,95.5341,1,23.7496,1,37.030754,1,1
sea057_20220707,2022-07-07T10:55:18Z,24.036216666666665,57.69108333333334,102.8649,1,23.765,1,37.079803,1,1
sea057_20220707,2022-07-07T10:56:18Z,24.036350000000002,57.69098333333333,109.7946,1,23.5346,1,37.193714,1,1
sea057_20220707,2022-07-07T10:57:18Z,24.03648333333333,57.690916666666666,116.1684,1,23.1452,1,37.200546,1,1
sea057_20220707,2022-07-07T10:58:18Z,24.03665,57.69085,123.2549,1,24.0148,1,37.65015,1,1
sea057_20220707,2022-07-07T10:59:18Z,24.036800000000003,57.6908,130.6431,1,24.3005,1,37.84193,1,1
sea057_20220707,2022-07-07T11:00:18Z,24.036966666666665,57.69071666666667,138.0153,1,24.9216,1,38.262424,1,1
sea057_20220707,2022-07-07T11:01:18Z,24.037100000000002,57.690599999999996,144.9277,1,25.1413,1,38.392635,1,1
sea057_20220707,2022-07-07T11:02:18Z,24.037233333333333,57.69048333333333,151.9105,1,25.1349,1,38.40401,1,1
sea057_20220707,2022-07-07T11:03:18Z,24.03738333333333,57.69041666666667,158.7959,1,25.0267,1,38.394215,1,1
sea057_20220707,2022-07-07T11:04:18Z,24.037533333333332,57.69036666666666,165.144,1,24.6248,1,38.281948,1,1
sea057_20220707,2022-07-07T11:05:18Z,24.037683333333334,57.69031666666667,171.6656,1,24.4978,1,38.30762,1,1
sea057_20220707,2022-07-07T11:06:18Z,24.037816666666664,57.69025,179.0063,1,24.3377,1,38.269928,1,1
sea057_20220707,2022-07-07T11:07:18Z,24.037983333333333,57.690200000000004,186.7382,1,24.4339,1,38.356777,1,1
sea057_20220707,2022-07-07T11:08:18Z,24.038150000000005,57.69013333333334,194.4754,1,24.4963,1,38.42406,1,1
sea057_20220707,2022-07-07T11:09:18Z,24.038316666666667,57.69005000000001,201.8903,1,24.692,1,38.528206,1,1
sea057_20220707,2022-07-07T11:10:18Z,24.038466666666668,57.68996666666667,209.004,1,24.6792,1,38.547123,1,1
sea057_20220707,2022-07-07T11:11:18Z,24.038616666666666,57.6899,216.1213,1,24.5957,1,38.534008,1,1
sea057_20220707,2022-07-07T11:12:18Z,24.038766666666668,57.689816666666665,223.3802,1,24.5558,1,38.524296,1,1
sea057_20220707,2022-07-07T11:13:18Z,24.03891666666667,57.689750000000004,230.3217,1,24.5016,1,38.513924,1,1
sea057_20220707,2022-07-07T11:14:18Z,24.039066666666667,57.68968333333334,237.5147,1,24.0489,1,38.359238,1,1
sea057_20220707,2022-07-07T11:15:18Z,24.03921666666667,57.689600000000006,244.4387,1,22.8407,1,37.956154,1,1
sea057_20220707,2022-07-07T11:16:18Z,24.03936666666667,57.68954999999999,251.6035,1,22.4742,1,37.87206,1,1
sea057_20220707,2022-07-07T11:17:18Z,24.03953333333333,57.68948333333333,259.2198,1,22.1613,1,37.800907,1,1
sea057_20220707,2022-07-07T11:18:18Z,24.039683333333333,57.68939999999999,266.3366,1,21.582,1,37.70605,1,1
sea057_20220707,2022-07-07T11:19:18Z,24.03983333333333,57.68931666666667,273.5486,1,21.3975,1,37.68306,1,1
sea057_20220707,2022-07-07T11:20:18Z,24.040000000000003,57.68923333333334,281.1812,1,21.0714,1,37.596924,1,1
sea057_20220707,2022-07-07T11:21:18Z,24.04015,57.689150000000005,288.7541,1,20.4921,1,37.45953,1,1
sea057_20220707,2022-07-07T11:22:18Z,24.04028333333333,57.689049999999995,295.9379,1,19.4281,1,37.22754,1,1
sea057_20220707,2022-07-07T11:23:18Z,24.04041666666667,57.68893333333334,303.3468,1,19.0132,1,37.14257,1,1
sea057_20220707,2022-07-07T11:24:18Z,24.04056666666667,57.688833333333335,310.8935,1,18.5974,1,37.008904,1,1
sea057_20220707,2022-07-07T11:25:18Z,24.0407,57.68871666666667,318.0641,1,18.244,1,36.926895,1,1
sea057_20220707,2022-07-07T11:26:18Z,24.040816666666668,57.688599999999994,325.0799,1,17.9157,1,36.810932,1,1
sea057_20220707,2022-07-07T11:27:19Z,24.04095,57.68848333333334,332.0,1,17.7612,1,36.834137,1,1
sea057_20220707,2022-07-07T11:28:19Z,24.041066666666666,57.688383333333334,338.6981,1,17.5276,1,36.752197,1,1
sea057_20220707,2022-07-07T11:29:19Z,24.041183333333333,57.688283333333324,345.6979,1,16.9241,1,36.610573,1,1
sea057_20220707,2022-07-07T11:30:19Z,24.041333333333334,57.688183333333335,353.0242,1,15.9928,1,36.29569,1,1
sea057_20220707,2022-07-07T11:31:19Z,24.04145,57.68811666666667,355.8186,1,15.3436,1,36.28432,1,1
sea057_20220707,2022-07-07T11:32:19Z,24.041549999999997,57.688066666666664,347.35,1,16.7093,1,36.595715,1,1
sea057_20220707,2022-07-07T11:33:19Z,24.04175,57.687999999999995,335.6888,1,17.5547,1,36.765324,1,1
sea057_20220707,2022-07-07T11:34:19Z,24.041933333333336,57.68793333333333,327.532,1,17.6675,1,36.80902,1,1
sea057_20220707,2022-07-07T11:35:19Z,24.042099999999998,57.687866666666665,319.6496,1,18.1704,1,36.92883,1,1
sea057_20220707,2022-07-07T11:36:19Z,24.04225,57.6878,311.8369,1,18.4312,1,36.99666,1,1
sea057_20220707,2022-07-07T11:37:19Z,24.042416666666668,57.687733333333334,304.2133,1,18.9157,1,37.134964,1,1
sea057_20220707,2022-07-07T11:38:19Z,24.04256666666667,57.68766666666667,296.5037,1,19.2822,1,37.221478,1,1
sea057_20220707,2022-07-07T11:39:19Z,24.04273333333333,57.6876,288.7628,1,19.8925,1,37.3845,1,1
sea057_20220707,2022-07-07T11:40:19Z,24.042883333333332,57.68756666666666,281.0507,1,20.9498,1,37.57907,1,1
sea057_20220707,2022-07-07T11:41:19Z,24.04305,57.68751666666667,273.4992,1,21.121,1,37.628242,1,1
sea057_20220707,2022-07-07T11:42:19Z,24.043200000000002,57.687450000000005,265.8258,1,21.4574,1,37.705566,1,1
sea057_20220707,2022-07-07T11:43:19Z,24.043366666666664,57.68736666666667,258.309,1,22.0308,1,37.796085,1,1
sea057_20220707,2022-07-07T11:44:19Z,24.043516666666665,57.68730000000001,251.0421,1,22.1809,1,37.805767,1,1
sea057_20220707,2022-07-07T11:45:19Z,24.043666666666663,57.68724999999999,243.9623,1,23.1275,1,38.08165,1,1
sea057_20220707,2022-07-07T11:46:19Z,24.043816666666665,57.68716666666666,236.778,1,24.1865,1,38.472164,1,1
sea057_20220707,2022-07-07T11:47:19Z,24.043966666666666,57.68711666666666,229.6798,1,24.4472,1,38.51286,1,1
sea057_20220707,2022-07-07T11:48:19Z,24.044116666666664,57.68706666666667,222.4405,1,24.6388,1,38.56234,1,1
sea057_20220707,2022-07-07T11:49:19Z,24.044266666666665,57.687000000000005,215.1294,1,24.6393,1,38.563595,1,1
sea057_20220707,2022-07-07T11:50:19Z,24.044416666666667,57.686933333333336,207.7176,1,24.6733,1,38.56294,1,1
sea057_20220707,2022-07-07T11:51:19Z,24.044583333333335,57.686866666666674,200.1445,1,24.7272,1,38.562443,1,1
sea057_20220707,2022-07-07T11:52:19Z,24.04475,57.68679999999999,192.4096,1,24.5473,1,38.465202,1,1
sea057_20220707,2022-07-07T11:53:19Z,24.04491666666667,57.686749999999996,184.5733,1,24.4137,1,38.36418,1,1
sea057_20220707,2022-07-07T11:54:19Z,24.04506666666667,57.6867,178.2835,1,24.5007,1,38.33083,1,1
sea057_20220707,2022-07-07T11:55:19Z,24.045233333333332,57.686616666666666,170.4021,1,24.5499,1,38.3372,1,1
sea057_20220707,2022-07-07T11:56:19Z,24.045383333333334,57.68651666666666,163.0426,1,25.1791,1,38.512924,1,1
sea057_20220707,2022-07-07T11:57:19Z,24.04551666666667,57.68641666666667,156.066,1,25.2278,1,38.47018,1,1
sea057_20220707,2022-07-07T11:58:19Z,24.045650000000002,57.686299999999996,149.305,1,25.1072,1,38.39168,1,1
sea057_20220707,2022-07-07T11:59:20Z,24.04578333333333,57.68621666666666,142.4412,1,25.132,1,38.388042,1,1
sea057_20220707,2022-07-07T12:00:20Z,24.04593333333333,57.68613333333333,135.1757,1,25.0581,1,38.338585,1,1
sea057_20220707,2022-07-07T12:01:20Z,24.046100000000003,57.68606666666666,127.718,1,24.6177,1,38.013226,1,1
sea057_20220707,2022-07-07T12:02:20Z,24.04625,57.686,120.5036,1,23.6831,1,37.51932,1,1
sea057_20220707,2022-07-07T12:03:20Z,24.046400000000002,57.685916666666664,113.7054,1,23.0515,1,37.074657,1,1
sea057_20220707,2022-07-07T12:04:20Z,24.046533333333333,57.685816666666675,107.0336,1,23.4659,1,37.131573,1,1
sea057_20220707,2022-07-07T12:05:20Z,24.04665,57.6857,100.3752,1,23.6175,1,37.064735,1,1
sea057_20220707,2022-07-07T12:06:20Z,24.04678333333333,57.68560000000001,93.2645,1,23.575,1,36.984596,1,1
sea057_20220707,2022-07-07T12:07:20Z,24.046916666666668,57.68548333333333,86.0863,1,23.5695,1,36.91694,1,1
sea057_20220707,2022-07-07T12:08:20Z,24.04705,57.68538333333333,79.1318,1,23.0801,1,36.61317,1,1
sea057_20220707,2022-07-07T12:09:20Z,24.047183333333336,57.68528333333334,72.5214,1,23.379,1,36.646233,1,1
sea057_20220707,2022-07-07T12:10:20Z,24.047300000000003,57.68516666666666,65.9021,1,23.5007,1,36.666565,1,1
sea057_20220707,2022-07-07T12:11:20Z,24.047433333333334,57.68506666666667,59.0267,1,23.4774,1,36.62156,1,1
sea057_20220707,2022-07-07T12:12:20Z,24.047566666666665,57.68496666666667,51.5538,1,23.6657,1,36.615475,1,1
sea057_20220707,2022-07-07T12:13:20Z,24.047716666666663,57.68486666666666,43.9901,1,23.8136,1,36.601307,1,1
sea057_20220707,2022-07-07T12:14:20Z,24.04785,57.68475,36.4974,1,24.0497,1,36.591553,1,1
sea057_20220707,2022-07-07T12:15:20Z,24.048000000000002,57.68465,29.0806,1,24.3844,1,36.584236,1,1
sea057_20220707,2022-07-07T12:16:20Z,24.048150000000003,57.68456666666666,22.5392,1,25.7241,1,36.598827,1,1
sea057_20220707,2022-07-07T12:17:20Z,24.04826666666667,57.68446666666667,16.0232,1,27.1651,1,36.617664,1,1
sea057_20220707,2022-07-07T12:18:20Z,24.048366666666666,57.68436666666666,9.8544,1,30.6767,1,36.84043,1,1
sea057_20220707,2022-07-07T12:19:20Z,24.04843333333333,57.6843,3.1115,1,31.3398,1,36.81586,1,1
sea057_20220707,2022-07-07T12:20:20Z,24.0451,57.69113333333333,2.4247,1,31.3239,1,36.855194,1,1
sea057_20220707,2022-07-07T12:21:20Z,24.0451,57.69113333333333,1.9147,1,31.3652,1,36.81661,1,1
sea057_20220707,2022-07-07T12:22:20Z,24.045166666666667,57.691,2.1859,1,31.3788,1,36.864315,1,1
sea057_20220707,2022-07-07T12:23:20Z,24.045250000000003,57.6908,2.2029,1,31.3702,1,36.875343,1,1
sea057_20220707,2022-07-07T12:24:20Z,24.04531666666667,57.69068333333333,2.1115,1,31.3749,1,36.880646,1,1
sea057_20220707,2022-07-07T12:25:20Z,24.045383333333334,57.69055,2.0817,1,31.3634,1,36.875423,1,1
sea057_20220707,2022-07-07T12:26:20Z,24.045416666666664,57.69048333333333,2.0424,1,31.3904,1,36.873787,1,1
sea057_20220707,2022-07-07T12:27:20Z,24.04548333333333,57.69028333333334,2.0484,1,31.3957,1,36.872147,1,1
sea057_20220707,2022-07-07T12:28:20Z,24.0455,57.69028333333334,1.7615,1,31.4045,1,36.87465,1,1
sea057_20220707,2022-07-07T12:29:20Z,24.04553333333333,57.69043333333334,11.9115,1,28.1498,1,36.623684,1,1
sea057_20220707,2022-07-07T12:30:20Z,24.04563333333333,57.690466666666666,19.694,1,26.4149,1,36.513943,1,1
sea057_20220707,2022-07-07T12:31:20Z,24.045833333333334,57.69038333333333,29.2843,1,24.3796,1,36.558517,1,1
sea057_20220707,2022-07-07T12:32:20Z,24.045966666666665,57.690333333333335,36.5093,1,24.034,1,36.57302,1,1
sea057_20220707,2022-07-07T12:33:20Z,24.046116666666663,57.69023333333333,44.4486,1,23.8139,1,36.575718,1,1
sea057_20220707,2022-07-07T12:34:21Z,24.046266666666664,57.69011666666667,52.7674,1,23.6977,1,36.607224,1,1
sea057_20220707,2022-07-07T12:35:21Z,24.046416666666666,57.68998333333334,60.6729,1,23.5163,1,36.62801,1,1
sea057_20220707,2022-07-07T12:36:21Z,24.046566666666664,57.6899,67.9287,1,23.5349,1,36.668034,1,1
sea057_20220707,2022-07-07T12:37:21Z,24.046733333333336,57.68983333333334,75.4035,1,23.3137,1,36.623947,1,1
sea057_20220707,2022-07-07T12:38:21Z,24.046883333333334,57.689750000000004,82.8327,1,23.147,1,36.65792,1,1
sea057_20220707,2022-07-07T12:39:21Z,24.047016666666664,57.68965,89.8394,1,23.5619,1,36.892284,1,1
sea057_20220707,2022-07-07T12:40:21Z,24.047166666666666,57.68953333333334,97.0978,1,23.6218,1,37.025208,1,1
sea057_20220707,2022-07-07T12:41:21Z,24.047300000000003,57.689433333333334,103.9747,1,23.5246,1,37.114017,1,1
sea057_20220707,2022-07-07T12:42:21Z,24.047450000000005,57.68933333333333,111.5742,1,23.0921,1,37.040424,1,1
sea057_20220707,2022-07-07T12:43:21Z,24.047600000000003,57.68923333333334,119.4192,1,23.5902,1,37.406166,1,1
sea057_20220707,2022-07-07T12:44:21Z,24.047749999999997,57.689150000000005,126.2014,1,24.5409,1,37.979492,1,1
sea057_20220707,2022-07-07T12:45:21Z,24.047866666666664,57.68903333333333,132.9694,1,25.0125,1,38.27589,1,1
sea057_20220707,2022-07-07T12:46:21Z,24.048000000000002,57.68893333333334,139.8509,1,25.0816,1,38.355858,1,1
sea057_20220707,2022-07-07T12:47:21Z,24.048150000000003,57.68885,146.693,1,25.1775,1,38.411346,1,1
sea057_20220707,2022-07-07T12:48:21Z,24.0483,57.68878333333334,153.4511,1,25.1675,1,38.432922,1,1
sea057_20220707,2022-07-07T12:49:21Z,24.048450000000003,57.68871666666667,160.2214,1,25.2207,1,38.472805,1,1
sea057_20220707,2022-07-07T12:50:21Z,24.048600000000004,57.68865000000001,167.161,1,25.2462,1,38.53327,1,1
sea057_20220707,2022-07-07T12:51:21Z,24.048750000000002,57.68858333333333,174.0709,1,24.6328,1,38.38442,1,1
sea057_20220707,2022-07-07T12:52:21Z,24.048883333333333,57.688516666666665,181.0981,1,24.5597,1,38.371246,1,1
sea057_20220707,2022-07-07T12:53:21Z,24.049033333333334,57.688449999999996,187.7795,1,24.6183,1,38.468235,1,1
sea057_20220707,2022-07-07T12:54:21Z,24.049166666666665,57.68836666666666,194.5415,1,24.7262,1,38.539177,1,1
sea057_20220707,2022-07-07T12:55:21Z,24.049300000000002,57.68823333333333,201.9497,1,24.5686,1,38.49182,1,1
sea057_20220707,2022-07-07T12:56:21Z,24.049433333333333,57.688133333333326,209.3148,1,24.4823,1,38.46239,1,1
sea057_20220707,2022-07-07T12:57:21Z,24.04958333333333,57.68803333333334,216.4952,1,24.4626,1,38.465443,1,1
sea057_20220707,2022-07-07T12:58:21Z,24.049699999999998,57.68791666666666,223.5112,1,24.3228,1,38.438843,1,1
sea057_20220707,2022-07-07T12:59:21Z,24.04985,57.68781666666667,230.7289,1,24.3713,1,38.466476,1,1
sea057_20220707,2022-07-07T13:00:21Z,24.04998333333333,57.687733333333334,237.5501,1,23.3612,1,38.121582,1,1
sea057_20220707,2022-07-07T13:01:21Z,24.050116666666668,57.68763333333333,244.3369,1,21.9946,1,37.75442,1,1
sea057_20220707,2022-07-07T13:02:21Z,24.05025,57.68753333333334,251.7717,1,21.6785,1,37.684258,1,1
sea057_20220707,2022-07-07T13:03:21Z,24.050383333333336,57.6874,259.1758,1,21.2186,1,37.603687,1,1
sea057_20220707,2022-07-07T13:04:21Z,24.050533333333338,57.68733333333333,266.2373,1,21.275,1,37.655193,1,1
sea057_20220707,2022-07-07T13:05:21Z,24.050683333333335,57.687266666666666,273.1931,1,20.9725,1,37.572117,1,1
sea057_20220707,2022-07-07T13:06:21Z,24.05085,57.6872,280.3951,1,20.5265,1,37.460964,1,1
sea057_20220707,2022-07-07T13:07:21Z,24.051,57.68711666666666,288.1006,1,19.3975,1,37.196457,1,1
sea057_20220707,2022-07-07T13:08:21Z,24.051133333333336,57.687000000000005,295.6291,1,19.026,1,37.14237,1,1
sea057_20220707,2022-07-07T13:09:21Z,24.051283333333338,57.68688333333333,303.3682,1,18.626,1,37.004253,1,1
sea057_20220707,2022-07-07T13:10:21Z,24.051416666666668,57.686749999999996,311.2393,1,18.0357,1,36.882954,1,1
sea057_20220707,2022-07-07T13:11:22Z,24.051566666666666,57.68666666666666,319.113,1,17.7818,1,36.827824,1,1
sea057_20220707,2022-07-07T13:12:22Z,24.05173333333333,57.6866,326.5801,1,17.5606,1,36.778126,1,1
sea057_20220707,2022-07-07T13:13:22Z,24.05188333333333,57.686550000000004,333.5664,1,17.2668,1,36.711605,1,1
sea057_20220707,2022-07-07T13:14:22Z,24.05203333333333,57.686483333333335,340.5195,1,17.0113,1,36.628315,1,1
sea057_20220707,2022-07-07T13:15:22Z,24.052183333333332,57.686400000000006,347.8576,1,16.6745,1,36.557697,1,1
sea057_20220707,2022-07-07T13:16:22Z,24.05235,57.686299999999996,355.3082,1,15.2881,1,36.252155,1,1
sea057_20220707,2022-07-07T13:17:22Z,24.052500000000002,57.68619999999999,363.0139,1,14.9548,1,36.175262,1,1
sea057_20220707,2022-07-07T13:18:22Z,24.052633333333333,57.686083333333336,370.778,1,14.9224,1,36.167934,1,1
sea057_20220707,2022-07-07T13:19:22Z,24.05278333333333,57.68596666666667,378.4631,1,14.8472,1,36.15959,1,1
sea057_20220707,2022-07-07T13:20:22Z,24.05291666666667,57.685849999999995,385.5934,1,14.4294,1,36.075344,1,1
sea057_20220707,2022-07-07T13:21:22Z,24.05305,57.685750000000006,392.5225,1,14.2834,1,36.042397,1,1
sea057_20220707,2022-07-07T13:22:22Z,24.0532,57.68568333333333,399.5754,1,14.1913,1,36.029762,1,1
sea057_20220707,2022-07-07T13:23:22Z,24.053350000000002,57.68561666666666,406.7062,1,14.1625,1,36.02664,1,1
sea057_20220707,2022-07-07T13:24:22Z,24.053516666666663,57.685566666666666,414.3214,1,14.1211,1,36.026203,1,1
sea057_20220707,2022-07-07T13:25:22Z,24.053616666666667,57.68555,410.7851,1,14.1447,1,36.02704,1,1
sea057_20220707,2022-07-07T13:26:22Z,24.05378333333333,57.68548333333333,398.6571,1,14.1945,1,36.03371,1,1
sea057_20220707,2022-07-07T13:27:22Z,24.053983333333335,57.685399999999994,390.6539,1,14.3773,1,36.06753,1,1
sea057_20220707,2022-07-07T13:28:22Z,24.054133333333333,57.68531666666666,382.8112,1,14.6749,1,36.133778,1,1
sea057_20220707,2022-07-07T13:29:22Z,24.054299999999998,57.685249999999996,375.0023,1,14.8381,1,36.170155,1,1
sea057_20220707,2022-07-07T13:30:22Z,24.054466666666666,57.6852,367.2559,1,14.9173,1,36.186077,1,1
sea057_20220707,2022-07-07T13:31:22Z,24.05463333333333,57.68515000000001,359.6276,1,14.944,1,36.188732,1,1
sea057_20220707,2022-07-07T13:32:22Z,24.0548,57.685083333333324,352.3592,1,16.3129,1,36.485508,1,1
sea057_20220707,2022-07-07T13:33:22Z,24.05493333333333,57.68500000000001,345.2171,1,16.6369,1,36.57136,1,1
sea057_20220707,2022-07-07T13:34:22Z,24.05506666666667,57.68488333333333,337.8652,1,17.0024,1,36.66135,1,1
sea057_20220707,2022-07-07T13:35:22Z,24.0552,57.68478333333334,330.6062,1,17.1158,1,36.685005,1,1
sea057_20220707,2022-07-07T13:36:22Z,24.055349999999997,57.68468333333333,323.1141,1,17.3877,1,36.75616,1,1
sea057_20220707,2022-07-07T13:37:22Z,24.055483333333335,57.68458333333333,315.6009,1,17.7854,1,36.847866,1,1
sea057_20220707,2022-07-07T13:38:22Z,24.055633333333336,57.68451666666667,308.2791,1,18.4737,1,37.020195,1,1
sea057_20220707,2022-07-07T13:39:22Z,24.055799999999998,57.68445,300.7589,1,18.7639,1,37.144592,1,1
sea057_20220707,2022-07-07T13:40:22Z,24.05596666666667,57.68438333333334,292.9715,1,19.1144,1,37.173008,1,1
sea057_20220707,2022-07-07T13:41:22Z,24.05613333333333,57.6843,285.0813,1,19.4249,1,37.261482,1,1
sea057_20220707,2022-07-07T13:42:23Z,24.056283333333333,57.6842,277.2912,1,19.9972,1,37.368683,1,1
sea057_20220707,2022-07-07T13:43:23Z,24.05641666666667,57.68410000000001,269.8747,1,20.117,1,37.39547,1,1
sea057_20220707,2022-07-07T13:44:23Z,24.05656666666666,57.68401666666667,262.7437,1,20.967,1,37.605713,1,1
sea057_20220707,2022-07-07T13:45:23Z,24.056716666666663,57.68395,255.6579,1,21.3441,1,37.6637,1,1
sea057_20220707,2022-07-07T13:46:23Z,24.056866666666664,57.68388333333334,248.2272,1,21.8081,1,37.739677,1,1
sea057_20220707,2022-07-07T13:47:23Z,24.057033333333333,57.68381666666667,240.8034,1,22.936,1,38.04775,1,1
sea057_20220707,2022-07-07T13:48:23Z,24.057183333333334,57.68371666666667,233.3241,1,24.0407,1,38.406853,1,1
sea057_20220707,2022-07-07T13:49:23Z,24.057333333333336,57.683616666666666,225.6519,1,24.3353,1,38.442307,1,1
sea057_20220707,2022-07-07T13:50:23Z,24.057483333333334,57.68355,217.858,1,24.538,1,38.493633,1,1
sea057_20220707,2022-07-07T13:51:23Z,24.05765,57.68346666666666,210.2251,1,24.5347,1,38.491528,1,1
sea057_20220707,2022-07-07T13:52:23Z,24.057799999999997,57.6834,202.6151,1,24.5446,1,38.4859,1,1
sea057_20220707,2022-07-07T13:53:23Z,24.05796666666667,57.68333333333333,194.9905,1,24.5294,1,38.45795,1,1
sea057_20220707,2022-07-07T13:54:23Z,24.058116666666667,57.683283333333335,187.5005,1,24.6751,1,38.506016,1,1
sea057_20220707,2022-07-07T13:55:23Z,24.058283333333332,57.683216666666674,179.7894,1,24.7888,1,38.47938,1,1
sea057_20220707,2022-07-07T13:56:23Z,24.05845,57.683166666666665,172.2528,1,24.2955,1,38.28898,1,1
sea057_20220707,2022-07-07T13:57:23Z,24.058600000000002,57.683099999999996,165.1797,1,25.3403,1,38.641544,1,1
sea057_20220707,2022-07-07T13:58:23Z,24.05875,57.683033333333334,158.0658,1,25.1754,1,38.512478,1,1
sea057_20220707,2022-07-07T13:59:23Z,24.058916666666665,57.68298333333334,150.5789,1,25.371,1,38.546005,1,1
sea057_20220707,2022-07-07T14:00:23Z,24.059066666666663,57.682900000000004,143.1284,1,25.1917,1,38.393536,1,1
sea057_20220707,2022-07-07T14:01:23Z,24.059216666666664,57.68281666666667,135.7445,1,25.0187,1,38.330936,1,1
sea057_20220707,2022-07-07T14:02:23Z,24.059350000000002,57.682716666666664,128.6288,1,24.5793,1,37.97558,1,1
sea057_20220707,2022-07-07T14:03:23Z,24.059500000000003,57.68263333333333,121.7595,1,24.0617,1,37.69055,1,1
sea057_20220707,2022-07-07T14:04:23Z,24.059633333333334,57.68253333333334,114.9544,1,23.8161,1,37.454433,1,1
sea057_20220707,2022-07-07T14:05:23Z,24.059766666666665,57.68241666666666,107.9711,1,23.4096,1,37.181286,1,1
sea057_20220707,2022-07-07T14:06:23Z,24.05988333333333,57.682300000000005,101.3223,1,23.4104,1,37.104767,1,1
sea057_20220707,2022-07-07T14:07:23Z,24.06001666666667,57.68218333333333,94.3485,1,23.3731,1,37.054153,1,1
sea057_20220707,2022-07-07T14:08:23Z,24.060133333333336,57.68205,87.1514,1,23.2741,1,36.82485,1,1
sea057_20220707,2022-07-07T14:09:23Z,24.060266666666667,57.68195000000001,80.3347,1,23.1084,1,36.661167,1,1
sea057_20220707,2022-07-07T14:10:23Z,24.060383333333334,57.68183333333333,73.6974,1,23.3043,1,36.655243,1,1
sea057_20220707,2022-07-07T14:11:23Z,24.060516666666665,57.68173333333334,67.0535,1,23.4655,1,36.664764,1,1
sea057_20220707,2022-07-07T14:12:23Z,24.06063333333333,57.68161666666666,60.2885,1,23.5051,1,36.640686,1,1
sea057_20220707,2022-07-07T14:13:24Z,24.06076666666667,57.68150000000001,53.3094,1,23.517,1,36.59148,1,1
sea057_20220707,2022-07-07T14:14:24Z,24.0609,57.68138333333333,46.0308,1,23.6791,1,36.59065,1,1
sea057_20220707,2022-07-07T14:15:24Z,24.06103333333333,57.68129999999999,38.8461,1,23.7814,1,36.588997,1,1
sea057_20220707,2022-07-07T14:16:24Z,24.06118333333333,57.681200000000004,32.1149,1,24.1731,1,36.557705,1,1
sea057_20220707,2022-07-07T14:17:24Z,24.061316666666666,57.68113333333334,25.4741,1,24.9354,1,36.58353,1,1
sea057_20220707,2022-07-07T14:18:24Z,24.061449999999997,57.681050000000006,18.6045,1,26.3004,1,36.63335,1,1
sea057_20220707,2022-07-07T14:19:24Z,24.061583333333335,57.68098333333334,12.695,1,29.9682,1,36.822697,1,1
sea057_20220707,2022-07-07T14:20:24Z,24.06165,57.6809,11.0717,1,31.1574,1,36.859875,1,1
sea057_20220707,2022-07-07T14:21:24Z,24.061666666666664,57.680883333333334,2.4799,1,31.367,1,36.881172,1,1
sea057_20220707,2022-07-07T14:22:24Z,24.05871666666667,57.689366666666665,2.3032,1,31.3562,1,36.876938,1,1
sea057_20220707,2022-07-07T14:23:24Z,24.05875,57.689283333333336,1.9954,1,31.359,1,36.86523,1,1
sea057_20220707,2022-07-07T14:24:24Z,24.05875,57.68921666666667,2.176,1,31.4072,1,36.857838,1,1
sea057_20220707,2022-07-07T14:25:24Z,24.05875,57.68921666666667,1.8513,1,31.42,1,36.86687,1,1
sea057_20220707,2022-07-07T14:26:24Z,24.058733333333333,57.68926666666666,7.9328,1,31.4169,1,36.87443,1,1
sea057_20220707,2022-07-07T14:27:24Z,24.05886666666667,57.68938333333334,17.9489,1,26.7573,1,36.60415,1,1
sea057_20220707,2022-07-07T14:28:24Z,24.059050000000003,57.68933333333333,26.8335,1,25.0024,1,36.55862,1,1
sea057_20220707,2022-07-07T14:29:24Z,24.0592,57.68926666666666,34.7019,1,24.0433,1,36.567562,1,1
sea057_20220707,2022-07-07T14:30:24Z,24.059350000000002,57.689183333333325,42.2568,1,23.7716,1,36.588337,1,1
sea057_20220707,2022-07-07T14:31:24Z,24.059483333333333,57.689083333333336,49.886,1,23.6055,1,36.57519,1,1
sea057_20220707,2022-07-07T14:32:24Z,24.05961666666667,57.688966666666666,57.6971,1,23.4708,1,36.585716,1,1
sea057_20220707,2022-07-07T14:33:24Z,24.059766666666665,57.68885,65.3425,1,23.4998,1,36.65508,1,1
sea057_20220707,2022-07-07T14:34:24Z,24.059916666666663,57.688766666666666,72.8272,1,23.3747,1,36.64652,1,1
sea057_20220707,2022-07-07T14:35:24Z,24.060066666666664,57.68866666666666,80.2232,1,23.1372,1,36.64037,1,1
sea057_20220707,2022-07-07T14:36:24Z,24.060216666666665,57.688566666666674,87.3592,1,23.1571,1,36.760395,1,1
sea057_20220707,2022-07-07T14:37:24Z,24.060350000000003,57.68846666666666,94.7698,1,23.4651,1,37.0474,1,1
sea057_20220707,2022-07-07T14:38:24Z,24.0605,57.68836666666666,101.9756,1,23.2399,1,37.047184,1,1
sea057_20220707,2022-07-07T14:39:24Z,24.060650000000003,57.68826666666667,109.0833,1,23.398,1,37.162415,1,1
sea057_20220707,2022-07-07T14:40:24Z,24.060800000000004,57.68820000000001,116.146,1,23.9584,1,37.564857,1,1
sea057_20220707,2022-07-07T14:41:24Z,24.060966666666666,57.68811666666667,123.445,1,24.9136,1,38.147354,1,1
sea057_20220707,2022-07-07T14:42:24Z,24.061100000000003,57.68801666666666,130.6224,1,24.9399,1,38.2036,1,1
sea057_20220707,2022-07-07T14:43:24Z,24.061233333333334,57.68788333333334,138.0959,1,24.8715,1,38.198,1,1
sea057_20220707,2022-07-07T14:44:24Z,24.061383333333332,57.68778333333333,145.4188,1,25.0056,1,38.348198,1,1
sea057_20220707,2022-07-07T14:45:24Z,24.061516666666662,57.68766666666667,152.4788,1,25.4355,1,38.56018,1,1
sea057_20220707,2022-07-07T14:46:24Z,24.061666666666664,57.687583333333336,159.057,1,25.2336,1,38.51627,1,1
sea057_20220707,2022-07-07T14:47:24Z,24.06178333333333,57.68748333333333,165.5376,1,25.4378,1,38.690067,1,1
sea057_20220707,2022-07-07T14:48:24Z,24.06191666666667,57.68736666666667,172.2561,1,24.4263,1,38.323063,1,1
sea057_20220707,2022-07-07T14:49:24Z,24.062033333333336,57.68724999999999,179.177,1,24.1705,1,38.235516,1,1
sea057_20220707,2022-07-07T14:50:24Z,24.062166666666666,57.68715,186.4624,1,24.4495,1,38.409054,1,1
sea057_20220707,2022-07-07T14:51:24Z,24.06233333333333,57.687099999999994,193.6078,1,24.5285,1,38.459442,1,1
sea057_20220707,2022-07-07T14:52:24Z,24.06248333333333,57.68703333333333,201.0112,1,24.534,1,38.47159,1,1
sea057_20220707,2022-07-07T14:53:24Z,24.06265,57.686949999999996,208.6386,1,24.5532,1,38.48069,1,1
sea057_20220707,2022-07-07T14:54:25Z,24.0628,57.68685000000001,216.2827,1,24.5711,1,38.489075,1,1
sea057_20220707,2022-07-07T14:55:25Z,24.06293333333333,57.68676666666667,223.5273,1,24.4454,1,38.45668,1,1
sea057_20220707,2022-07-07T14:56:25Z,24.063066666666668,57.68663333333334,230.8565,1,24.0319,1,38.33662,1,1
sea057_20220707,2022-07-07T14:57:25Z,24.06321666666667,57.68653333333334,237.8328,1,22.9879,1,38.025673,1,1
sea057_20220707,2022-07-07T14:58:25Z,24.06336666666667,57.68646666666667,245.1499,1,21.84,1,37.71755,1,1
sea057_20220707,2022-07-07T14:59:25Z,24.063499999999998,57.686366666666665,252.5002,1,21.3977,1,37.590076,1,1
sea057_20220707,2022-07-07T15:00:25Z,24.063633333333335,57.68625,259.6684,1,20.9963,1,37.552254,1,1
sea057_20220707,2022-07-07T15:01:25Z,24.063766666666666,57.686166666666665,266.7561,1,20.6036,1,37.478794,1,1
sea057_20220707,2022-07-07T15:02:25Z,24.063899999999997,57.686083333333336,273.7525,1,20.3877,1,37.43064,1,1
sea057_20220707,2022-07-07T15:03:25Z,24.064033333333334,57.68596666666667,280.9137,1,19.8172,1,37.29833,1,1
sea057_20220707,2022-07-07T15:04:25Z,24.064166666666665,57.68583333333333,287.9153,1,18.7422,1,37.063225,1,1
sea057_20220707,2022-07-07T15:05:25Z,24.064283333333332,57.68573333333334,295.2251,1,18.5636,1,37.022385,1,1
sea057_20220707,2022-07-07T15:06:25Z,24.064450000000004,57.685633333333335,302.8457,1,17.892,1,36.84992,1,1
sea057_20220707,2022-07-07T15:07:25Z,24.064583333333335,57.68551666666667,310.4569,1,17.5013,1,36.76279,1,1
sea057_20220707,2022-07-07T15:08:25Z,24.064733333333333,57.685399999999994,318.0144,1,17.0685,1,36.65579,1,1
sea057_20220707,2022-07-07T15:09:25Z,24.064866666666664,57.68528333333334,325.898,1,16.6156,1,36.557552,1,1
sea057_20220707,2022-07-07T15:10:25Z,24.065049999999996,57.6852,333.5529,1,16.502,1,36.51555,1,1
sea057_20220707,2022-07-07T15:11:25Z,24.065199999999997,57.685116666666666,341.2939,1,16.3733,1,36.49379,1,1
sea057_20220707,2022-07-07T15:12:25Z,24.065366666666666,57.68503333333333,349.1925,1,15.9838,1,36.39202,1,1
sea057_20220707,2022-07-07T15:13:25Z,24.065516666666667,57.68494999999999,356.6113,1,15.1979,1,36.216072,1,1
sea057_20220707,2022-07-07T15:14:25Z,24.06566666666667,57.68486666666666,363.5897,1,15.1644,1,36.22061,1,1
sea057_20220707,2022-07-07T15:15:25Z,24.0658,57.68476666666667,370.735,1,15.0044,1,36.18856,1,1
sea057_20220707,2022-07-07T15:16:25Z,24.065949999999997,57.684666666666665,377.8553,1,14.8902,1,36.160545,1,1
sea057_20220707,2022-07-07T15:17:25Z,24.066083333333335,57.68458333333333,384.912,1,14.8324,1,36.15257,1,1
sea057_20220707,2022-07-07T15:18:25Z,24.066216666666666,57.68446666666667,391.8858,1,14.6848,1,36.11667,1,1
sea057_20220707,2022-07-07T15:19:25Z,24.066350000000003,57.68436666666666,398.9194,1,14.5926,1,36.101135,1,1
sea057_20220707,2022-07-07T15:20:25Z,24.066483333333334,57.684250000000006,405.833,1,14.4493,1,36.079273,1,1
sea057_20220707,2022-07-07T15:21:25Z,24.0666,57.68413333333333,412.9836,1,14.1442,1,36.02184,1,1
sea057_20220707,2022-07-07T15:22:25Z,24.066750000000003,57.68403333333334,420.4004,1,14.0224,1,36.003323,1,1
sea057_20220707,2022-07-07T15:23:25Z,24.06686666666667,57.683899999999994,427.8851,1,13.981,1,35.99458,1,1
sea057_20220707,2022-07-07T15:24:25Z,24.06701666666667,57.68378333333333,435.3198,1,13.9462,1,35.99341,1,1
sea057_20220707,2022-07-07T15:25:25Z,24.06716666666667,57.6837,442.5721,1,13.862,1,35.97882,1,1
sea057_20220707,2022-07-07T15:26:26Z,24.06731666666667,57.68363333333333,449.4459,1,13.7135,1,35.955353,1,1
sea057_20220707,2022-07-07T15:27:26Z,24.067466666666665,57.68355,456.4868,1,13.6507,1,35.948277,1,1
sea057_20220707,2022-07-07T15:28:26Z,24.067600000000002,57.68351666666668,453.2179,1,13.6694,1,35.952,1,1
sea057_20220707,2022-07-07T15:29:26Z,24.06775,57.68344999999999,441.9813,1,13.8443,1,35.983288,1,1
sea057_20220707,2022-07-07T15:30:26Z,24.067916666666665,57.68336666666667,434.5612,1,13.9162,1,35.991608,1,1
sea057_20220707,2022-07-07T15:31:26Z,24.068066666666663,57.683299999999996,427.6826,1,13.9804,1,36.004852,1,1
sea057_20220707,2022-07-07T15:32:26Z,24.0682,57.683216666666674,420.919,1,14.0264,1,36.01185,1,1
sea057_20220707,2022-07-07T15:33:26Z,24.06833333333333,57.68311666666667,414.0367,1,14.2865,1,36.056065,1,1
sea057_20220707,2022-07-07T15:34:26Z,24.06845,57.68301666666666,407.1061,1,14.5228,1,36.100246,1,1
sea057_20220707,2022-07-07T15:35:26Z,24.06858333333333,57.682900000000004,400.2051,1,14.6019,1,36.11569,1,1
sea057_20220707,2022-07-07T15:36:26Z,24.06873333333333,57.6828,393.3216,1,14.6608,1,36.12871,1,1
sea057_20220707,2022-07-07T15:37:26Z,24.06886666666667,57.682716666666664,386.5219,1,14.7369,1,36.14214,1,1
sea057_20220707,2022-07-07T15:38:26Z,24.069016666666666,57.68263333333333,379.704,1,14.8888,1,36.1839,1,1
sea057_20220707,2022-07-07T15:39:26Z,24.069166666666668,57.682550000000006,372.329,1,14.962,1,36.19041,1,1
sea057_20220707,2022-07-07T15:40:26Z,24.06931666666667,57.68245,364.6859,1,14.9262,1,36.188255,1,1
sea057_20220707,2022-07-07T15:41:26Z,24.06945,57.682333333333325,357.2977,1,15.1345,1,36.248936,1,1
sea057_20220707,2022-07-07T15:42:26Z,24.069566666666667,57.68221666666667,350.1066,1,15.3512,1,36.28535,1,1
sea057_20220707,2022-07-07T15:43:26Z,24.069699999999997,57.68211666666666,342.9951,1,15.8254,1,36.379055,1,1
sea057_20220707,2022-07-07T15:44:26Z,24.069816666666664,57.682,335.9139,1,16.5947,1,36.57861,1,1
sea057_20220707,2022-07-07T15:45:26Z,24.069950000000002,57.6819,328.8629,1,16.8173,1,36.622746,1,1
sea057_20220707,2022-07-07T15:46:26Z,24.070100000000004,57.68181666666666,321.6981,1,17.0204,1,36.667324,1,1
sea057_20220707,2022-07-07T15:47:26Z,24.07025,57.681749999999994,314.5555,1,17.2794,1,36.728996,1,1
sea057_20220707,2022-07-07T15:48:26Z,24.070400000000003,57.68168333333333,307.3293,1,17.9063,1,36.904873,1,1
sea057_20220707,2022-07-07T15:49:26Z,24.070550000000004,57.68161666666666,300.1148,1,18.1772,1,36.95584,1,1
sea057_20220707,2022-07-07T15:50:26Z,24.07068333333333,57.68155,292.9928,1,18.5626,1,37.05435,1,1
sea057_20220707,2022-07-07T15:51:27Z,24.070816666666662,57.68145,285.8154,1,19.1257,1,37.21215,1,1
sea057_20220707,2022-07-07T15:52:27Z,24.07095,57.681333333333335,278.6947,1,19.97,1,37.376553,1,1
sea057_20220707,2022-07-07T15:53:27Z,24.07108333333333,57.68121666666666,271.6337,1,20.6138,1,37.495716,1,1
sea057_20220707,2022-07-07T15:54:27Z,24.07121666666667,57.68111666666667,264.3064,1,20.6977,1,37.511272,1,1
sea057_20220707,2022-07-07T15:55:27Z,24.07135,57.681016666666665,256.877,1,20.6771,1,37.43306,1,1
sea057_20220707,2022-07-07T15:56:27Z,24.0715,57.68091666666666,249.1842,1,21.573,1,37.696613,1,1
sea057_20220707,2022-07-07T15:57:27Z,24.07166666666667,57.68083333333334,241.3269,1,21.7569,1,37.720688,1,1
sea057_20220707,2022-07-07T15:58:27Z,24.07181666666667,57.680766666666656,233.9598,1,22.6077,1,37.930107,1,1
sea057_20220707,2022-07-07T15:59:27Z,24.071966666666672,57.68066666666667,225.9765,1,24.2064,1,38.43405,1,1
sea057_20220707,2022-07-07T16:00:27Z,24.07211666666667,57.680566666666664,218.3131,1,24.3171,1,38.440758,1,1
sea057_20220707,2022-07-07T16:01:27Z,24.07223333333333,57.68045,210.9437,1,24.391,1,38.453102,1,1
sea057_20220707,2022-07-07T16:02:27Z,24.072366666666667,57.68035,203.6312,1,24.2951,1,38.405834,1,1
sea057_20220707,2022-07-07T16:03:27Z,24.072499999999998,57.68023333333334,196.3314,1,23.5533,1,38.07641,1,1
sea057_20220707,2022-07-07T16:04:27Z,24.072633333333336,57.68013333333333,189.2931,1,23.8706,1,38.177517,1,1
sea057_20220707,2022-07-07T16:05:27Z,24.072749999999996,57.68003333333333,182.3309,1,24.2765,1,38.308456,1,1
sea057_20220707,2022-07-07T16:06:27Z,24.072883333333333,57.67993333333334,175.1908,1,24.554,1,38.43235,1,1
sea057_20220707,2022-07-07T16:07:27Z,24.073033333333335,57.67985,168.0705,1,24.9725,1,38.56081,1,1
sea057_20220707,2022-07-07T16:08:27Z,24.073166666666665,57.67975,160.952,1,25.2808,1,38.64657,1,1
sea057_20220707,2022-07-07T16:09:27Z,24.073316666666663,57.679700000000004,153.9592,1,25.4219,1,38.557846,1,1
sea057_20220707,2022-07-07T16:10:27Z,24.073466666666665,57.679633333333335,147.1483,1,25.4177,1,38.527805,1,1
sea057_20220707,2022-07-07T16:11:27Z,24.073616666666666,57.67953333333333,139.8056,1,25.322,1,38.3547,1,1
sea057_20220707,2022-07-07T16:12:27Z,24.073750000000004,57.679449999999996,132.7601,1,25.3107,1,38.33131,1,1
sea057_20220707,2022-07-07T16:13:27Z,24.073883333333335,57.67936666666666,126.162,1,24.8625,1,38.03837,1,1
sea057_20220707,2022-07-07T16:14:27Z,24.074033333333333,57.6793,119.4816,1,23.7425,1,37.45418,1,1
sea057_20220707,2022-07-07T16:15:27Z,24.074183333333334,57.67925,113.0092,1,23.5114,1,37.323467,1,1
sea057_20220707,2022-07-07T16:16:27Z,24.074333333333335,57.67916666666667,106.3699,1,23.6545,1,37.173264,1,1
sea057_20220707,2022-07-07T16:17:27Z,24.074466666666662,57.679066666666664,99.8084,1,22.5795,1,36.637383,1,1
sea057_20220707,2022-07-07T16:18:27Z,24.074583333333333,57.678966666666675,93.0178,1,22.5265,1,36.576134,1,1
sea057_20220707,2022-07-07T16:19:27Z,24.0747,57.67885,86.1914,1,22.6442,1,36.557236,1,1
sea057_20220707,2022-07-07T16:20:27Z,24.07485,57.678733333333334,78.6537,1,23.0663,1,36.61107,1,1
sea057_20220707,2022-07-07T16:21:27Z,24.075,57.67861666666666,71.0589,1,23.2273,1,36.62691,1,1
sea057_20220707,2022-07-07T16:22:27Z,24.07513333333333,57.678516666666674,63.5997,1,23.4114,1,36.63024,1,1
sea057_20220707,2022-07-07T16:23:27Z,24.075266666666668,57.67838333333334,56.4356,1,23.4945,1,36.61037,1,1
sea057_20220707,2022-07-07T16:24:27Z,24.0754,57.67828333333333,49.654,1,23.5245,1,36.589386,1,1
sea057_20220707,2022-07-07T16:25:28Z,24.075533333333336,57.67821666666667,42.7793,1,23.6486,1,36.5797,1,1
sea057_20220707,2022-07-07T16:26:28Z,24.075699999999998,57.678133333333335,35.549,1,24.0518,1,36.59318,1,1
sea057_20220707,2022-07-07T16:27:28Z,24.07585,57.67806666666667,28.1954,1,24.4595,1,36.5591,1,1
sea057_20220707,2022-07-07T16:28:28Z,24.075983333333337,57.67796666666666,21.0459,1,26.3928,1,36.60737,1,1
sea057_20220707,2022-07-07T16:29:28Z,24.076099999999997,57.67786666666666,14.6538,1,28.1474,1,36.699978,1,1
sea057_20220707,2022-07-07T16:30:28Z,24.076200000000004,57.67776666666667,9.0958,1,31.453,1,36.905643,1,1
sea057_20220707,2022-07-07T16:31:28Z,24.076216666666664,57.677749999999996,2.6892,1,31.3811,1,36.904953,1,1
sea057_20220707,2022-07-07T16:32:28Z,24.073483333333336,57.68778333333333,2.4228,1,31.4106,1,36.90125,1,1
sea057_20220707,2022-07-07T16:33:28Z,24.0735,57.68776666666666,2.0914,1,31.3715,1,36.93661,1,1
sea057_20220707,2022-07-07T16:34:28Z,24.073583333333332,57.68766666666667,2.1488,1,31.4177,1,36.897224,1,1
sea057_20220707,2022-07-07T16:35:28Z,24.073633333333337,57.687549999999995,2.0762,1,31.418,1,36.917057,1,1
sea057_20220707,2022-07-07T16:36:28Z,24.073716666666662,57.6875,2.0619,1,31.4305,1,36.907627,1,1
sea057_20220707,2022-07-07T16:37:28Z,24.073733333333333,57.6875,0.6468,1,31.4407,1,36.913605,1,1
sea057_20220707,2022-07-07T16:38:28Z,24.073716666666662,57.68761666666666,12.5021,1,30.2889,1,36.64224,1,1
sea057_20220707,2022-07-07T16:39:28Z,24.07383333333333,57.68776666666666,19.8221,1,26.7969,1,36.57714,1,1
sea057_20220707,2022-07-07T16:40:28Z,24.074,57.68771666666667,29.1533,1,24.4703,1,36.56031,1,1
sea057_20220707,2022-07-07T16:41:28Z,24.074133333333332,57.68765,35.9697,1,23.9774,1,36.57949,1,1
sea057_20220707,2022-07-07T16:42:28Z,24.07426666666667,57.68756666666666,43.0846,1,23.6778,1,36.582508,1,1
sea057_20220707,2022-07-07T16:43:28Z,24.0744,57.68748333333333,50.1181,1,23.543,1,36.58464,1,1
sea057_20220707,2022-07-07T16:44:28Z,24.074516666666668,57.6874,56.943,1,23.4813,1,36.612103,1,1
sea057_20220707,2022-07-07T16:45:28Z,24.074633333333335,57.68731666666666,63.3029,1,23.2859,1,36.58525,1,1
sea057_20220707,2022-07-07T16:46:28Z,24.07475,57.68721666666667,69.3364,1,23.1376,1,36.578697,1,1
sea057_20220707,2022-07-07T16:47:28Z,24.07486666666667,57.68715,75.1784,1,22.9359,1,36.55174,1,1
sea057_20220707,2022-07-07T16:48:28Z,24.07496666666667,57.68705,81.0416,1,22.836,1,36.54802,1,1
sea057_20220707,2022-07-07T16:49:28Z,24.075083333333335,57.68696666666666,86.638,1,22.6103,1,36.548218,1,1
sea057_20220707,2022-07-07T16:50:28Z,24.075200000000002,57.6869,92.5285,1,22.5265,1,36.547813,1,1
sea057_20220707,2022-07-07T16:51:28Z,24.075316666666662,57.686816666666665,98.8559,1,22.4616,1,36.57692,1,1
sea057_20220707,2022-07-07T16:52:28Z,24.07545,57.68676666666667,105.0122,1,23.567,1,37.142803,1,1
sea057_20220707,2022-07-07T16:53:28Z,24.07558333333333,57.6867,111.0456,1,23.2703,1,37.210827,1,1
sea057_20220707,2022-07-07T16:54:28Z,24.07571666666667,57.68663333333334,117.0928,1,23.7114,1,37.437355,1,1
sea057_20220707,2022-07-07T16:55:28Z,24.07585,57.68658333333333,123.0049,1,24.6396,1,37.876793,1,1
sea057_20220707,2022-07-07T16:56:28Z,24.075983333333337,57.686499999999995,129.2548,1,24.7852,1,37.96837,1,1
sea057_20220707,2022-07-07T16:57:28Z,24.076099999999997,57.68641666666667,135.7501,1,25.2925,1,38.331062,1,1
sea057_20220707,2022-07-07T16:58:28Z,24.076216666666664,57.686299999999996,141.8089,1,25.3462,1,38.48077,1,1
sea057_20220707,2022-07-07T16:59:28Z,24.07633333333333,57.68621666666666,147.4866,1,25.3861,1,38.48913,1,1
sea057_20220707,2022-07-07T17:00:28Z,24.07645,57.68613333333333,153.3068,1,25.086,1,38.356018,1,1
sea057_20220707,2022-07-07T17:01:29Z,24.076549999999997,57.686049999999994,158.7351,1,25.0989,1,38.51089,1,1
sea057_20220707,2022-07-07T17:02:29Z,24.076650000000004,57.68596666666667,164.1829,1,25.3437,1,38.684628,1,1
sea057_20220707,2022-07-07T17:03:29Z,24.07675,57.68586666666667,170.0005,1,25.3085,1,38.67451,1,1
sea057_20220707,2022-07-07T17:04:29Z,24.076849999999997,57.68578333333333,175.6442,1,24.8576,1,38.507393,1,1
sea057_20220707,2022-07-07T17:05:29Z,24.076983333333335,57.685716666666664,181.39,1,24.5031,1,38.38264,1,1
sea057_20220707,2022-07-07T17:06:29Z,24.077100000000005,57.68565,187.2247,1,24.5019,1,38.392826,1,1
sea057_20220707,2022-07-07T17:07:29Z,24.077216666666665,57.685583333333334,192.979,1,24.4761,1,38.38319,1,1
sea057_20220707,2022-07-07T17:08:29Z,24.077333333333332,57.685500000000005,198.9867,1,23.6659,1,38.100296,1,1
sea057_20220707,2022-07-07T17:09:29Z,24.07745,57.68541666666667,204.8169,1,23.3076,1,37.98527,1,1
sea057_20220707,2022-07-07T17:10:29Z,24.077549999999995,57.68535,210.5241,1,23.1319,1,37.9136,1,1
sea057_20220707,2022-07-07T17:11:29Z,24.077666666666666,57.685266666666664,216.3596,1,23.6915,1,38.192112,1,1
sea057_20220707,2022-07-07T17:12:29Z,24.07776666666667,57.68516666666666,221.9638,1,23.5911,1,38.17328,1,1
sea057_20220707,2022-07-07T17:13:29Z,24.07786666666667,57.685083333333324,227.8621,1,23.6772,1,38.23719,1,1
sea057_20220707,2022-07-07T17:14:29Z,24.077966666666665,57.68496666666667,233.4114,1,22.6274,1,37.918873,1,1
sea057_20220707,2022-07-07T17:15:29Z,24.078083333333332,57.68486666666666,239.9219,1,21.8126,1,37.7026,1,1
sea057_20220707,2022-07-07T17:16:29Z,24.07818333333333,57.68475,246.6018,1,21.5657,1,37.648056,1,1
sea057_20220707,2022-07-07T17:17:29Z,24.078283333333335,57.68465,253.0591,1,21.0524,1,37.485233,1,1
sea057_20220707,2022-07-07T17:18:29Z,24.078400000000002,57.68455000000001,259.4621,1,20.4732,1,37.349792,1,1
sea057_20220707,2022-07-07T17:19:29Z,24.078516666666662,57.68445,266.004,1,20.7127,1,37.48916,1,1
sea057_20220707,2022-07-07T17:20:29Z,24.07865,57.68436666666666,272.3403,1,20.8369,1,37.544247,1,1
sea057_20220707,2022-07-07T17:21:29Z,24.07876666666667,57.68428333333333,278.4018,1,20.2688,1,37.42149,1,1
sea057_20220707,2022-07-07T17:22:29Z,24.078883333333337,57.68423333333333,284.0281,1,19.1532,1,37.128822,1,1
sea057_20220707,2022-07-07T17:23:29Z,24.079016666666668,57.68416666666667,289.7491,1,18.512,1,37.027798,1,1
sea057_20220707,2022-07-07T17:24:29Z,24.079133333333335,57.684083333333334,295.6285,1,18.1844,1,36.929993,1,1
sea057_20220707,2022-07-07T17:25:29Z,24.079250000000002,57.684,301.6357,1,17.8303,1,36.837673,1,1
sea057_20220707,2022-07-07T17:26:29Z,24.079349999999998,57.68388333333334,307.8227,1,17.2224,1,36.6944,1,1
sea057_20220707,2022-07-07T17:27:29Z,24.079449999999998,57.68376666666666,314.2414,1,16.8908,1,36.605766,1,1
sea057_20220707,2022-07-07T17:28:29Z,24.079566666666665,57.68365000000001,320.5344,1,16.5615,1,36.546024,1,1
sea057_20220707,2022-07-07T17:29:29Z,24.07966666666667,57.68356666666667,326.3204,1,16.3702,1,36.494728,1,1
sea057_20220707,2022-07-07T17:30:29Z,24.07978333333333,57.68346666666666,332.7232,1,16.1073,1,36.451633,1,1
sea057_20220707,2022-07-07T17:31:29Z,24.0799,57.68338333333333,338.5147,1,15.894,1,36.390694,1,1
sea057_20220707,2022-07-07T17:32:29Z,24.080016666666666,57.68331666666666,344.665,1,15.1842,1,36.229534,1,1
sea057_20220707,2022-07-07T17:33:29Z,24.080150000000003,57.68325,350.6753,1,14.8651,1,36.150692,1,1
sea057_20220707,2022-07-07T17:34:29Z,24.080283333333334,57.68318333333333,356.7365,1,14.8204,1,36.151085,1,1
sea057_20220707,2022-07-07T17:35:29Z,24.080416666666665,57.683099999999996,362.7845,1,14.729,1,36.131664,1,1
sea057_20220707,2022-07-07T17:36:29Z,24.08053333333333,57.68301666666666,368.9474,1,14.6992,1,36.1266,1,1
sea057_20220707,2022-07-07T17:37:29Z,24.08065,57.68291666666667,375.0343,1,14.6309,1,36.112362,1,1
sea057_20220707,2022-07-07T17:38:29Z,24.08075,57.68281666666667,381.1495,1,14.4162,1,36.072,1,1
sea057_20220707,2022-07-07T17:39:30Z,24.080866666666665,57.682700000000004,387.4542,1,14.3971,1,36.067524,1,1
sea057_20220707,2022-07-07T17:40:30Z,24.080983333333332,57.6826,393.7857,1,14.3669,1,36.064938,1,1
sea057_20220707,2022-07-07T17:41:30Z,24.08111666666667,57.682516666666665,400.2026,1,14.3257,1,36.05846,1,1
sea057_20220707,2022-07-07T17:42:30Z,24.08125,57.68243333333333,406.4034,1,14.2911,1,36.050457,1,1
sea057_20220707,2022-07-07T17:43:30Z,24.08138333333333,57.68236666666667,412.5242,1,14.2706,1,36.047813,1,1
sea057_20220707,2022-07-07T17:44:30Z,24.0815,57.68228333333333,418.5277,1,14.2397,1,36.039963,1,1
sea057_20220707,2022-07-07T17:45:30Z,24.081633333333336,57.682199999999995,424.6235,1,14.1173,1,36.020824,1,1
sea057_20220707,2022-07-07T17:46:30Z,24.081750000000003,57.68213333333333,430.5873,1,14.0535,1,36.01325,1,1
sea057_20220707,2022-07-07T17:47:30Z,24.081883333333334,57.68205,436.6374,1,13.9505,1,35.99327,1,1
sea057_20220707,2022-07-07T17:48:30Z,24.08198333333333,57.68193333333333,442.8566,1,13.8227,1,35.97556,1,1
sea057_20220707,2022-07-07T17:49:30Z,24.0821,57.68183333333333,449.1681,1,13.7976,1,35.97365,1,1
sea057_20220707,2022-07-07T17:50:30Z,24.08223333333334,57.68173333333334,455.4106,1,13.7282,1,35.96663,1,1
sea057_20220707,2022-07-07T17:51:30Z,24.082366666666665,57.681650000000005,461.7242,1,13.6912,1,35.956127,1,1
sea057_20220707,2022-07-07T17:52:30Z,24.082499999999996,57.68158333333334,468.0378,1,13.6761,1,35.954124,1,1
sea057_20220707,2022-07-07T17:53:30Z,24.082633333333334,57.68150000000001,474.5857,1,13.6134,1,35.94538,1,1
sea057_20220707,2022-07-07T17:54:30Z,24.082766666666664,57.68141666666667,481.148,1,13.4205,1,35.917583,1,1
sea057_20220707,2022-07-07T17:55:30Z,24.08288333333333,57.68131666666667,487.5114,1,13.3236,1,35.903683,1,1
sea057_20220707,2022-07-07T17:56:30Z,24.08298333333333,57.68125,490.088,1,13.2589,1,35.895718,1,1
sea057_20220707,2022-07-07T17:57:30Z,24.083083333333335,57.68116666666666,481.0996,1,13.4097,1,35.91972,1,1
sea057_20220707,2022-07-07T17:58:30Z,24.08325,57.681050000000006,472.0411,1,13.6095,1,35.951054,1,1
sea057_20220707,2022-07-07T17:59:30Z,24.083399999999997,57.68095,465.0479,1,13.6679,1,35.96027,1,1
sea057_20220707,2022-07-07T18:00:30Z,24.083516666666664,57.68086666666667,458.4465,1,13.7105,1,35.968388,1,1
sea057_20220707,2022-07-07T18:01:30Z,24.083649999999995,57.680766666666656,451.9431,1,13.7329,1,35.967106,1,1
sea057_20220707,2022-07-07T18:02:30Z,24.083766666666666,57.68066666666667,445.4104,1,13.7907,1,35.979404,1,1
sea057_20220707,2022-07-07T18:03:30Z,24.083900000000003,57.680566666666664,438.7877,1,13.8335,1,35.983063,1,1
sea057_20220707,2022-07-07T18:04:30Z,24.08401666666667,57.680466666666675,432.1288,1,13.9204,1,36.000298,1,1
sea057_20220707,2022-07-07T18:05:30Z,24.08415,57.68036666666667,425.5234,1,14.0589,1,36.022465,1,1
sea057_20220707,2022-07-07T18:06:30Z,24.084249999999997,57.680249999999994,419.0688,1,14.1498,1,36.038383,1,1
sea057_20220707,2022-07-07T18:07:30Z,24.084366666666664,57.68013333333333,412.6655,1,14.203,1,36.04323,1,1
sea057_20220707,2022-07-07T18:08:30Z,24.08446666666667,57.680016666666674,406.2783,1,14.2366,1,36.051075,1,1
sea057_20220707,2022-07-07T18:09:30Z,24.08458333333333,57.67993333333334,400.0304,1,14.2551,1,36.055187,1,1
sea057_20220707,2022-07-07T18:10:30Z,24.08471666666667,57.67985,393.8623,1,14.2699,1,36.057045,1,1
sea057_20220707,2022-07-07T18:11:30Z,24.084833333333336,57.679766666666666,387.6903,1,14.2895,1,36.060463,1,1
sea057_20220707,2022-07-07T18:12:30Z,24.084966666666666,57.67968333333333,381.5165,1,14.4156,1,36.085804,1,1
sea057_20220707,2022-07-07T18:13:30Z,24.085083333333333,57.6796,375.3562,1,14.4593,1,36.092564,1,1
sea057_20220707,2022-07-07T18:14:31Z,24.0852,57.679500000000004,369.2196,1,14.5828,1,36.117958,1,1
sea057_20220707,2022-07-07T18:15:31Z,24.085316666666667,57.679416666666675,363.2193,1,14.7045,1,36.138107,1,1
sea057_20220707,2022-07-07T18:16:31Z,24.085416666666667,57.679316666666665,357.2031,1,14.8552,1,36.174194,1,1
sea057_20220707,2022-07-07T18:17:31Z,24.085533333333334,57.67923333333333,351.3783,1,15.0879,1,36.22489,1,1
sea057_20220707,2022-07-07T18:18:31Z,24.08563333333333,57.679133333333326,345.5649,1,15.44,1,36.306564,1,1
sea057_20220707,2022-07-07T18:19:31Z,24.08573333333333,57.67903333333334,339.9099,1,15.849,1,36.39595,1,1
sea057_20220707,2022-07-07T18:20:31Z,24.085833333333333,57.67895,334.2338,1,15.9633,1,36.424118,1,1
sea057_20220707,2022-07-07T18:21:31Z,24.085950000000004,57.678866666666664,328.2269,1,16.1648,1,36.473255,1,1
sea057_20220707,2022-07-07T18:22:31Z,24.08606666666667,57.67878333333333,322.255,1,16.4234,1,36.53048,1,1
sea057_20220707,2022-07-07T18:23:31Z,24.08618333333333,57.6787,316.3863,1,16.9592,1,36.66339,1,1
sea057_20220707,2022-07-07T18:24:31Z,24.086299999999998,57.67861666666666,310.4697,1,17.3647,1,36.758442,1,1
sea057_20220707,2022-07-07T18:25:31Z,24.086433333333336,57.678549999999994,304.3941,1,17.7114,1,36.846085,1,1
sea057_20220707,2022-07-07T18:26:31Z,24.086550000000003,57.67846666666666,298.1921,1,18.2936,1,36.980846,1,1
sea057_20220707,2022-07-07T18:27:31Z,24.086683333333333,57.678399999999996,292.0587,1,18.9979,1,37.1621,1,1
sea057_20220707,2022-07-07T18:28:31Z,24.086816666666664,57.67833333333333,285.2993,1,19.8922,1,37.364555,1,1
sea057_20220707,2022-07-07T18:29:31Z,24.08695,57.67825,278.8171,1,20.4853,1,37.50103,1,1
sea057_20220707,2022-07-07T18:30:31Z,24.08706666666667,57.67818333333333,272.5724,1,20.817,1,37.56057,1,1
sea057_20220707,2022-07-07T18:31:31Z,24.087183333333336,57.67809999999999,266.088,1,20.3566,1,37.329765,1,1
sea057_20220707,2022-07-07T18:32:31Z,24.087299999999995,57.678000000000004,259.6528,1,20.3775,1,37.298645,1,1
sea057_20220707,2022-07-07T18:33:31Z,24.087400000000002,57.67788333333333,253.2292,1,21.2718,1,37.587543,1,1
sea057_20220707,2022-07-07T18:34:31Z,24.0875,57.67778333333334,246.6712,1,21.6154,1,37.683678,1,1
sea057_20220707,2022-07-07T18:35:31Z,24.08761666666667,57.67766666666667,240.0858,1,22.1533,1,37.79611,1,1
sea057_20220707,2022-07-07T18:36:31Z,24.087716666666665,57.67756666666667,233.9417,1,22.1197,1,37.656097,1,1
sea057_20220707,2022-07-07T18:37:31Z,24.08781666666666,57.67746666666667,227.6845,1,21.5822,1,37.47333,1,1
sea057_20220707,2022-07-07T18:38:31Z,24.08791666666667,57.677366666666664,221.711,1,21.0412,1,37.254547,1,1
sea057_20220707,2022-07-07T18:39:31Z,24.088016666666665,57.677266666666675,216.0321,1,21.0234,1,37.220703,1,1
sea057_20220707,2022-07-07T18:40:31Z,24.088116666666664,57.67716666666667,210.3189,1,21.2785,1,37.29685,1,1
sea057_20220707,2022-07-07T18:41:31Z,24.088216666666668,57.67706666666666,204.6502,1,21.5719,1,37.396442,1,1
sea057_20220707,2022-07-07T18:42:31Z,24.088316666666667,57.676983333333325,198.8269,1,23.0808,1,37.89362,1,1
sea057_20220707,2022-07-07T18:43:31Z,24.088433333333334,57.676899999999996,193.1013,1,23.3175,1,38.00633,1,1
sea057_20220707,2022-07-07T18:44:31Z,24.08855,57.676816666666674,187.0791,1,24.0503,1,38.26688,1,1
sea057_20220707,2022-07-07T18:45:31Z,24.088683333333332,57.67674999999999,180.884,1,24.3887,1,38.37337,1,1
sea057_20220707,2022-07-07T18:46:31Z,24.0888,57.67666666666667,174.7335,1,24.452,1,38.387997,1,1
sea057_20220707,2022-07-07T18:47:32Z,24.088916666666666,57.67658333333334,168.5017,1,24.4959,1,38.395847,1,1
sea057_20220707,2022-07-07T18:48:32Z,24.089033333333337,57.676500000000004,162.3567,1,25.2041,1,38.65274,1,1
sea057_20220707,2022-07-07T18:49:32Z,24.089166666666664,57.676433333333335,155.9278,1,25.0099,1,38.496986,1,1
sea057_20220707,2022-07-07T18:50:32Z,24.0893,57.676366666666674,149.3926,1,24.8444,1,38.344494,1,1
sea057_20220707,2022-07-07T18:51:32Z,24.089433333333332,57.676300000000005,143.2542,1,25.4449,1,38.481728,1,1
sea057_20220707,2022-07-07T18:52:32Z,24.089566666666663,57.676249999999996,137.6975,1,25.0709,1,38.30046,1,1
sea057_20220707,2022-07-07T18:53:32Z,24.08966666666667,57.67616666666666,132.3844,1,24.9779,1,38.18324,1,1
sea057_20220707,2022-07-07T18:54:32Z,24.089766666666666,57.676083333333324,127.1833,1,24.2484,1,37.68961,1,1
sea057_20220707,2022-07-07T18:55:32Z,24.089883333333333,57.67600000000001,121.2255,1,24.2617,1,37.69376,1,1
sea057_20220707,2022-07-07T18:56:32Z,24.089983333333333,57.6759,115.5342,1,21.7888,1,36.61609,1,1
sea057_20220707,2022-07-07T18:57:32Z,24.090083333333336,57.675799999999995,110.0974,1,21.8433,1,36.57866,1,1
sea057_20220707,2022-07-07T18:58:32Z,24.090199999999996,57.67571666666666,104.3038,1,22.9199,1,36.872208,1,1
sea057_20220707,2022-07-07T18:59:32Z,24.090316666666663,57.67563333333332,98.453,1,22.4883,1,36.55757,1,1
sea057_20220707,2022-07-07T19:00:32Z,24.09041666666667,57.675533333333334,92.7722,1,22.5773,1,36.53231,1,1
sea057_20220707,2022-07-07T19:01:32Z,24.090516666666666,57.67541666666666,87.1728,1,22.7161,1,36.553753,1,1
sea057_20220707,2022-07-07T19:02:32Z,24.090616666666666,57.67533333333334,81.0994,1,22.9302,1,36.57099,1,1
sea057_20220707,2022-07-07T19:03:32Z,24.090750000000003,57.675250000000005,74.9285,1,23.2092,1,36.61277,1,1
sea057_20220707,2022-07-07T19:04:32Z,24.09086666666667,57.67516666666667,68.7256,1,23.2737,1,36.613853,1,1
sea057_20220707,2022-07-07T19:05:32Z,24.09098333333333,57.67508333333333,62.7982,1,23.3745,1,36.60895,1,1
sea057_20220707,2022-07-07T19:06:32Z,24.091083333333337,57.67498333333333,56.8803,1,23.4731,1,36.59738,1,1
sea057_20220707,2022-07-07T19:07:32Z,24.091200000000004,57.674899999999994,50.861,1,23.5956,1,36.592037,1,1
sea057_20220707,2022-07-07T19:08:32Z,24.0913,57.674800000000005,45.0738,1,23.7282,1,36.56842,1,1
sea057_20220707,2022-07-07T19:09:32Z,24.0914,57.67468333333333,39.2538,1,23.8401,1,36.5351,1,1
sea057_20220707,2022-07-07T19:10:32Z,24.091499999999996,57.67458333333334,33.1935,1,24.1886,1,36.53553,1,1
sea057_20220707,2022-07-07T19:11:32Z,24.091616666666663,57.674483333333335,27.1459,1,24.4563,1,36.547497,1,1
sea057_20220707,2022-07-07T19:12:32Z,24.0917,57.67436666666667,21.4264,1,25.179,1,36.556664,1,1
sea057_20220707,2022-07-07T19:13:32Z,24.091799999999996,57.674299999999995,16.2941,1,27.2948,1,36.762882,1,1
sea057_20220707,2022-07-07T19:14:32Z,24.091900000000003,57.674233333333326,11.4555,1,30.961,1,36.87401,1,1
sea057_20220707,2022-07-07T19:15:32Z,24.091949999999997,57.67418333333333,8.6655,1,31.2909,1,36.90486,1,1
sea057_20220707,2022-07-07T19:16:32Z,24.091966666666668,57.67418333333333,2.2762,1,31.2877,1,36.892452,1,1
sea057_20220707,2022-07-07T19:17:32Z,24.0885,57.687266666666666,2.3485,1,31.2723,1,36.90625,1,1
sea057_20220707,2022-07-07T19:18:32Z,24.0885,57.687266666666666,2.0991,1,31.3122,1,36.896206,1,1
sea057_20220707,2022-07-07T19:19:32Z,24.088649999999998,57.68715,2.1533,1,31.327,1,36.88389,1,1
sea057_20220707,2022-07-07T19:20:33Z,24.088783333333335,57.68706666666667,2.2331,1,31.3491,1,36.874092,1,1
sea057_20220707,2022-07-07T19:21:33Z,24.0888,57.68706666666667,0.9497,1,31.3412,1,36.89647,1,1
sea057_20220707,2022-07-07T19:22:33Z,24.088766666666668,57.687099999999994,6.6334,1,31.3681,1,36.89921,1,1
sea057_20220707,2022-07-07T19:23:33Z,24.088733333333334,57.68731666666666,15.8376,1,27.6481,1,36.58081,1,1
sea057_20220707,2022-07-07T19:24:33Z,24.088866666666664,57.68735,24.4759,1,24.7916,1,36.51317,1,1
sea057_20220707,2022-07-07T19:25:33Z,24.089033333333337,57.687266666666666,33.4918,1,24.1814,1,36.530228,1,1
sea057_20220707,2022-07-07T19:26:33Z,24.089183333333335,57.68716666666666,41.1419,1,23.8254,1,36.53428,1,1
sea057_20220707,2022-07-07T19:27:33Z,24.089316666666665,57.68708333333334,48.2197,1,23.6925,1,36.57102,1,1
sea057_20220707,2022-07-07T19:28:33Z,24.089450000000003,57.68698333333334,54.9082,1,23.5743,1,36.589874,1,1
sea057_20220707,2022-07-07T19:29:33Z,24.089566666666663,57.6869,61.3597,1,23.4249,1,36.58861,1,1
sea057_20220707,2022-07-07T19:30:33Z,24.0897,57.686816666666665,67.778,1,23.2766,1,36.59453,1,1
sea057_20220707,2022-07-07T19:31:33Z,24.089816666666668,57.6867,74.2755,1,23.2247,1,36.60277,1,1
sea057_20220707,2022-07-07T19:32:33Z,24.089916666666667,57.68658333333333,80.6554,1,23.0867,1,36.58983,1,1
sea057_20220707,2022-07-07T19:33:33Z,24.090016666666664,57.68646666666667,86.8707,1,22.7826,1,36.54509,1,1
sea057_20220707,2022-07-07T19:34:33Z,24.09013333333333,57.686366666666665,93.058,1,22.5848,1,36.52309,1,1
sea057_20220707,2022-07-07T19:35:33Z,24.09026666666667,57.68628333333333,99.4139,1,22.5072,1,36.547115,1,1
sea057_20220707,2022-07-07T19:36:33Z,24.0904,57.68621666666666,105.7477,1,22.4913,1,36.749855,1,1
sea057_20220707,2022-07-07T19:37:33Z,24.090516666666666,57.68613333333333,111.7077,1,21.9538,1,36.579857,1,1
sea057_20220707,2022-07-07T19:38:33Z,24.090633333333336,57.686033333333334,117.9312,1,21.9862,1,36.62486,1,1
sea057_20220707,2022-07-07T19:39:33Z,24.090733333333333,57.685916666666664,124.0788,1,23.322,1,37.40381,1,1
sea057_20220707,2022-07-07T19:40:33Z,24.09085,57.68583333333333,130.1616,1,24.4671,1,37.765537,1,1
sea057_20220707,2022-07-07T19:41:33Z,24.09098333333333,57.685750000000006,136.0669,1,24.8757,1,38.11124,1,1
sea057_20220707,2022-07-07T19:42:33Z,24.091116666666668,57.6857,142.0684,1,24.9571,1,38.21317,1,1
sea057_20220707,2022-07-07T19:43:33Z,24.09126666666667,57.685633333333335,148.0,1,25.1478,1,38.367176,1,1
sea057_20220707,2022-07-07T19:44:33Z,24.091383333333336,57.685566666666666,153.6496,1,24.7723,1,38.27597,1,1
sea057_20220707,2022-07-07T19:45:33Z,24.091466666666665,57.68546666666666,159.076,1,24.7372,1,38.339798,1,1
sea057_20220707,2022-07-07T19:46:33Z,24.09156666666667,57.685366666666674,164.9823,1,25.0813,1,38.581173,1,1
sea057_20220707,2022-07-07T19:47:33Z,24.091666666666665,57.685249999999996,171.0091,1,23.8335,1,38.111294,1,1
sea057_20220707,2022-07-07T19:48:33Z,24.091766666666665,57.68513333333333,177.0257,1,24.0898,1,38.210682,1,1
sea057_20220707,2022-07-07T19:49:33Z,24.091866666666668,57.68503333333333,183.1079,1,23.6159,1,38.065346,1,1
sea057_20220707,2022-07-07T19:50:33Z,24.091966666666668,57.684933333333326,189.0702,1,23.4823,1,37.99692,1,1
sea057_20220707,2022-07-07T19:51:34Z,24.092083333333335,57.684850000000004,195.3578,1,22.9937,1,37.851635,1,1
sea057_20220707,2022-07-07T19:52:34Z,24.092216666666666,57.68476666666667,201.8397,1,22.5666,1,37.692432,1,1
sea057_20220707,2022-07-07T19:53:34Z,24.092333333333332,57.684666666666665,208.2213,1,21.3508,1,37.254063,1,1
sea057_20220707,2022-07-07T19:54:34Z,24.09243333333333,57.68456666666666,214.3848,1,20.7707,1,37.103207,1,1
sea057_20220707,2022-07-07T19:55:34Z,24.09255,57.68446666666667,220.7181,1,20.9156,1,37.222187,1,1
sea057_20220707,2022-07-07T19:56:34Z,24.092666666666666,57.684400000000004,226.9661,1,21.1316,1,37.32487,1,1
sea057_20220707,2022-07-07T19:57:34Z,24.092800000000004,57.68431666666667,232.8443,1,21.5336,1,37.518993,1,1
sea057_20220707,2022-07-07T19:58:34Z,24.092916666666664,57.684250000000006,238.4756,1,22.0912,1,37.751038,1,1
sea057_20220707,2022-07-07T19:59:34Z,24.09305,57.68418333333334,244.2854,1,21.7294,1,37.665833,1,1
sea057_20220707,2022-07-07T20:00:34Z,24.09316666666667,57.68411666666666,250.3032,1,21.4933,1,37.60681,1,1
sea057_20220707,2022-07-07T20:01:34Z,24.093283333333336,57.68403333333334,256.2309,1,20.2045,1,37.278587,1,1
sea057_20220707,2022-07-07T20:02:34Z,24.093399999999995,57.68395,262.1006,1,20.9629,1,37.55372,1,1
sea057_20220707,2022-07-07T20:03:34Z,24.093516666666666,57.68388333333334,268.0045,1,20.9245,1,37.572483,1,1
sea057_20220707,2022-07-07T20:04:34Z,24.093633333333333,57.683800000000005,273.6591,1,20.7325,1,37.535572,1,1
sea057_20220707,2022-07-07T20:05:34Z,24.09375,57.683733333333336,279.5532,1,20.3876,1,37.451958,1,1
sea057_20220707,2022-07-07T20:06:34Z,24.093866666666667,57.68365000000001,285.568,1,19.9052,1,37.33508,1,1
sea057_20220707,2022-07-07T20:07:34Z,24.093999999999998,57.68358333333334,291.3091,1,19.4252,1,37.22034,1,1
sea057_20220707,2022-07-07T20:08:34Z,24.094116666666665,57.68351666666668,297.0275,1,18.5611,1,37.020107,1,1
sea057_20220707,2022-07-07T20:09:34Z,24.094216666666664,57.683416666666666,303.0015,1,17.9993,1,36.88978,1,1
sea057_20220707,2022-07-07T20:10:34Z,24.09433333333333,57.68333333333333,309.0739,1,17.8167,1,36.84039,1,1
sea057_20220707,2022-07-07T20:11:34Z,24.09445,57.68323333333333,315.265,1,17.5943,1,36.792553,1,1
sea057_20220707,2022-07-07T20:12:34Z,24.094549999999995,57.68313333333334,321.4097,1,16.982,1,36.619953,1,1
sea057_20220707,2022-07-07T20:13:34Z,24.094666666666665,57.683033333333334,327.6305,1,16.3119,1,36.479733,1,1
sea057_20220707,2022-07-07T20:14:34Z,24.09476666666667,57.68291666666667,333.9472,1,15.8735,1,36.381348,1,1
sea057_20220707,2022-07-07T20:15:34Z,24.094866666666668,57.6828,340.4269,1,15.6801,1,36.337902,1,1
sea057_20220707,2022-07-07T20:16:34Z,24.094983333333335,57.682700000000004,346.8736,1,15.2987,1,36.249756,1,1
sea057_20220707,2022-07-07T20:17:34Z,24.09508333333333,57.68258333333333,353.3756,1,15.1116,1,36.20653,1,1
sea057_20220707,2022-07-07T20:18:34Z,24.09518333333333,57.68245,359.9673,1,15.0983,1,36.20706,1,1
sea057_20220707,2022-07-07T20:19:34Z,24.095299999999998,57.682333333333325,366.4865,1,15.1539,1,36.24375,1,1
sea057_20220707,2022-07-07T20:20:34Z,24.0954,57.682233333333336,372.6335,1,14.929,1,36.190544,1,1
sea057_20220707,2022-07-07T20:21:34Z,24.095516666666672,57.68211666666666,378.816,1,14.6799,1,36.123974,1,1
sea057_20220707,2022-07-07T20:22:34Z,24.09561666666667,57.682,384.9356,1,14.3955,1,36.07119,1,1
sea057_20220707,2022-07-07T20:23:35Z,24.095716666666664,57.6819,391.0635,1,14.2801,1,36.047905,1,1
sea057_20220707,2022-07-07T20:24:35Z,24.095833333333335,57.6818,397.4845,1,14.1192,1,36.036667,1,1
sea057_20220707,2022-07-07T20:25:35Z,24.095966666666662,57.681716666666674,403.7962,1,14.1015,1,36.02103,1,1
sea057_20220707,2022-07-07T20:26:35Z,24.0961,57.68163333333334,410.1645,1,14.0822,1,36.021294,1,1
sea057_20220707,2022-07-07T20:27:35Z,24.09623333333333,57.68155,416.5055,1,14.0252,1,36.01407,1,1
sea057_20220707,2022-07-07T20:28:35Z,24.096349999999997,57.68145,422.7433,1,13.9973,1,35.999832,1,1
sea057_20220707,2022-07-07T20:29:35Z,24.096449999999997,57.681333333333335,429.0274,1,13.8867,1,35.98451,1,1
sea057_20220707,2022-07-07T20:30:35Z,24.096566666666664,57.68121666666666,435.1807,1,13.8436,1,35.98127,1,1
sea057_20220707,2022-07-07T20:31:35Z,24.09666666666667,57.6811,441.3148,1,13.7805,1,35.964584,1,1
sea057_20220707,2022-07-07T20:32:35Z,24.09678333333333,57.681,447.3569,1,13.7264,1,35.960007,1,1
sea057_20220707,2022-07-07T20:33:35Z,24.096899999999998,57.68091666666666,453.3305,1,13.4913,1,35.92256,1,1
sea057_20220707,2022-07-07T20:34:35Z,24.097033333333336,57.68083333333334,459.7428,1,13.4562,1,35.92141,1,1
sea057_20220707,2022-07-07T20:35:35Z,24.097133333333332,57.680733333333336,466.1576,1,13.3982,1,35.911617,1,1
sea057_20220707,2022-07-07T20:36:35Z,24.09723333333333,57.68061666666667,472.4542,1,13.2832,1,35.899387,1,1
sea057_20220707,2022-07-07T20:37:35Z,24.097333333333335,57.6805,478.8309,1,13.2074,1,35.887455,1,1
sea057_20220707,2022-07-07T20:38:35Z,24.097450000000002,57.68039999999999,485.2844,1,13.1612,1,35.876797,1,1
sea057_20220707,2022-07-07T20:39:35Z,24.097566666666662,57.6803,491.7059,1,13.1476,1,35.882362,1,1
sea057_20220707,2022-07-07T20:40:35Z,24.097683333333332,57.68021666666667,498.1963,1,13.135,1,35.877834,1,1
sea057_20220707,2022-07-07T20:41:35Z,24.09781666666667,57.68011666666666,504.739,1,13.1088,1,35.871265,1,1
sea057_20220707,2022-07-07T20:42:35Z,24.097933333333337,57.680016666666674,510.7437,1,13.1019,1,35.874996,1,1
sea057_20220707,2022-07-07T20:43:35Z,24.098016666666663,57.67998333333333,507.0665,1,13.0956,1,35.876163,1,1
sea057_20220707,2022-07-07T20:44:35Z,24.098166666666664,57.679899999999996,495.4609,1,13.1256,1,35.87379,1,1
sea057_20220707,2022-07-07T20:45:35Z,24.098316666666665,57.67979999999999,488.6123,1,13.1306,1,35.880043,1,1
sea057_20220707,2022-07-07T20:46:35Z,24.098450000000003,57.679700000000004,482.2426,1,13.1475,1,35.88541,1,1
sea057_20220707,2022-07-07T20:47:35Z,24.09856666666667,57.67961666666667,476.0678,1,13.1985,1,35.88677,1,1
sea057_20220707,2022-07-07T20:48:35Z,24.09868333333333,57.679516666666665,469.8921,1,13.284,1,35.900864,1,1
sea057_20220707,2022-07-07T20:49:35Z,24.098799999999997,57.679416666666675,463.6473,1,13.3281,1,35.907352,1,1
sea057_20220707,2022-07-07T20:50:35Z,24.098900000000004,57.679316666666665,457.4368,1,13.441,1,35.9207,1,1
sea057_20220707,2022-07-07T20:51:35Z,24.099016666666664,57.67921666666666,451.1854,1,13.473,1,35.92526,1,1
sea057_20220707,2022-07-07T20:52:35Z,24.09913333333333,57.67911666666667,444.8077,1,13.7061,1,35.967804,1,1
sea057_20220707,2022-07-07T20:53:35Z,24.099249999999998,57.678999999999995,438.3763,1,13.7308,1,35.971386,1,1
sea057_20220707,2022-07-07T20:54:35Z,24.099349999999998,57.67888333333334,431.8746,1,13.8383,1,35.98878,1,1
sea057_20220707,2022-07-07T20:55:35Z,24.099466666666665,57.67876666666666,425.4662,1,13.9678,1,36.00924,1,1
sea057_20220707,2022-07-07T20:56:36Z,24.099566666666668,57.67865,419.3421,1,13.9882,1,36.0085,1,1
sea057_20220707,2022-07-07T20:57:36Z,24.099666666666668,57.678549999999994,413.3393,1,14.0062,1,36.02124,1,1
sea057_20220707,2022-07-07T20:58:36Z,24.099783333333335,57.67846666666666,407.4225,1,14.0231,1,36.01807,1,1
sea057_20220707,2022-07-07T20:59:36Z,24.099916666666665,57.67838333333334,401.478,1,14.0575,1,36.020958,1,1
sea057_20220707,2022-07-07T21:00:36Z,24.100033333333332,57.67830000000001,395.6406,1,14.0675,1,36.022335,1,1
sea057_20220707,2022-07-07T21:01:36Z,24.10015,57.67821666666667,389.8617,1,14.292,1,36.062145,1,1
sea057_20220707,2022-07-07T21:02:36Z,24.10025,57.67811666666667,383.7403,1,14.5681,1,36.117016,1,1
sea057_20220707,2022-07-07T21:03:36Z,24.100350000000002,57.678000000000004,377.3761,1,14.7797,1,36.161186,1,1
sea057_20220707,2022-07-07T21:04:36Z,24.100450000000002,57.67788333333333,371.0584,1,14.9121,1,36.18714,1,1
sea057_20220707,2022-07-07T21:05:36Z,24.10056666666667,57.6778,364.8244,1,14.952,1,36.187912,1,1
sea057_20220707,2022-07-07T21:06:36Z,24.100683333333336,57.67771666666666,358.5827,1,14.9789,1,36.201534,1,1
sea057_20220707,2022-07-07T21:07:36Z,24.100799999999996,57.67764999999999,352.3422,1,15.2145,1,36.242638,1,1
sea057_20220707,2022-07-07T21:08:36Z,24.100933333333334,57.67756666666667,346.1193,1,15.5214,1,36.31787,1,1
sea057_20220707,2022-07-07T21:09:36Z,24.10105,57.677499999999995,339.8288,1,15.583,1,36.334457,1,1
sea057_20220707,2022-07-07T21:10:36Z,24.10118333333333,57.67741666666667,333.5721,1,16.1397,1,36.4686,1,1
sea057_20220707,2022-07-07T21:11:36Z,24.1013,57.67735,327.2167,1,16.4163,1,36.53625,1,1
sea057_20220707,2022-07-07T21:12:36Z,24.10143333333333,57.67728333333333,320.8547,1,16.9227,1,36.636246,1,1
sea057_20220707,2022-07-07T21:13:36Z,24.101566666666667,57.677216666666666,314.412,1,17.282,1,36.705944,1,1
sea057_20220707,2022-07-07T21:14:36Z,24.101683333333334,57.67713333333333,307.8589,1,17.5952,1,36.80229,1,1
sea057_20220707,2022-07-07T21:15:36Z,24.101816666666664,57.677049999999994,301.4083,1,18.1085,1,36.938656,1,1
sea057_20220707,2022-07-07T21:16:36Z,24.10193333333333,57.676950000000005,295.0084,1,18.6418,1,37.086132,1,1
sea057_20220707,2022-07-07T21:17:36Z,24.102050000000002,57.67686666666667,288.5467,1,19.1647,1,37.198143,1,1
sea057_20220707,2022-07-07T21:18:36Z,24.102149999999998,57.67674999999999,281.8418,1,19.7475,1,37.334904,1,1
sea057_20220707,2022-07-07T21:19:36Z,24.102266666666665,57.67665,275.4477,1,20.3192,1,37.465324,1,1
sea057_20220707,2022-07-07T21:20:36Z,24.102383333333332,57.67655,269.1916,1,20.7923,1,37.565178,1,1
sea057_20220707,2022-07-07T21:21:36Z,24.102483333333332,57.67645000000001,263.011,1,20.599,1,37.4183,1,1
sea057_20220707,2022-07-07T21:22:36Z,24.102583333333335,57.67635,257.0387,1,20.1371,1,37.204025,1,1
sea057_20220707,2022-07-07T21:23:36Z,24.102666666666664,57.67623333333333,251.2932,1,21.4138,1,37.603813,1,1
sea057_20220707,2022-07-07T21:24:36Z,24.10276666666667,57.67613333333334,245.5067,1,21.5024,1,37.633606,1,1
sea057_20220707,2022-07-07T21:25:36Z,24.102866666666667,57.67603333333333,239.4429,1,21.8384,1,37.69183,1,1
sea057_20220707,2022-07-07T21:26:36Z,24.102966666666664,57.67591666666667,233.7129,1,21.3102,1,37.452408,1,1
sea057_20220707,2022-07-07T21:27:36Z,24.10306666666667,57.67581666666667,228.1067,1,21.0616,1,37.312645,1,1
sea057_20220707,2022-07-07T21:28:36Z,24.103166666666667,57.67573333333333,222.4555,1,20.651,1,37.09322,1,1
sea057_20220707,2022-07-07T21:29:37Z,24.103283333333334,57.67565,216.2017,1,20.6113,1,37.081917,1,1
sea057_20220707,2022-07-07T21:30:37Z,24.103416666666664,57.67556666666666,209.8343,1,20.4552,1,36.993004,1,1
sea057_20220707,2022-07-07T21:31:37Z,24.103550000000002,57.67548333333334,203.663,1,20.7906,1,37.078133,1,1
sea057_20220707,2022-07-07T21:32:37Z,24.103666666666662,57.6754,197.5539,1,21.3006,1,37.246063,1,1
sea057_20220707,2022-07-07T21:33:37Z,24.103783333333332,57.67533333333334,191.5864,1,20.9003,1,37.057438,1,1
sea057_20220707,2022-07-07T21:34:37Z,24.1039,57.67523333333334,185.7217,1,21.9322,1,37.404026,1,1
sea057_20220707,2022-07-07T21:35:37Z,24.103999999999996,57.67515,180.013,1,23.334,1,37.939438,1,1
sea057_20220707,2022-07-07T21:36:37Z,24.104116666666663,57.675066666666666,174.0871,1,23.6052,1,38.028122,1,1
sea057_20220707,2022-07-07T21:37:37Z,24.10421666666667,57.67498333333333,168.1077,1,24.6716,1,38.43054,1,1
sea057_20220707,2022-07-07T21:38:37Z,24.104333333333336,57.674899999999994,161.9307,1,24.5827,1,38.318916,1,1
sea057_20220707,2022-07-07T21:39:37Z,24.104449999999996,57.67478333333334,155.4118,1,24.1277,1,38.03362,1,1
sea057_20220707,2022-07-07T21:40:37Z,24.104550000000003,57.67466666666666,149.0877,1,23.8594,1,37.878742,1,1
sea057_20220707,2022-07-07T21:41:37Z,24.10465,57.674549999999996,143.0115,1,24.2417,1,37.934658,1,1
sea057_20220707,2022-07-07T21:42:37Z,24.10475,57.67444999999999,136.8429,1,24.8941,1,38.1077,1,1
sea057_20220707,2022-07-07T21:43:37Z,24.104866666666666,57.674350000000004,130.7949,1,24.4955,1,37.780968,1,1
sea057_20220707,2022-07-07T21:44:37Z,24.104983333333333,57.67425,124.7238,1,24.4841,1,37.75744,1,1
sea057_20220707,2022-07-07T21:45:37Z,24.105116666666664,57.67418333333333,118.8289,1,22.43,1,36.771114,1,1
sea057_20220707,2022-07-07T21:46:37Z,24.10523333333333,57.674099999999996,113.1477,1,22.0499,1,36.60636,1,1
sea057_20220707,2022-07-07T21:47:37Z,24.105349999999998,57.674033333333334,107.5213,1,22.2348,1,36.591015,1,1
sea057_20220707,2022-07-07T21:48:37Z,24.105466666666665,57.673966666666665,102.044,1,22.4101,1,36.525513,1,1
sea057_20220707,2022-07-07T21:49:37Z,24.105583333333335,57.673883333333336,96.3011,1,22.4796,1,36.531338,1,1
sea057_20220707,2022-07-07T21:50:37Z,24.10568333333333,57.673783333333326,90.606,1,22.7683,1,36.572655,1,1
sea057_20220707,2022-07-07T21:51:37Z,24.10578333333334,57.67368333333334,85.0171,1,22.9075,1,36.56382,1,1
sea057_20220707,2022-07-07T21:52:37Z,24.105883333333335,57.67358333333333,79.0814,1,23.1415,1,36.596054,1,1
sea057_20220707,2022-07-07T21:53:37Z,24.10598333333333,57.67348333333333,73.1918,1,23.2318,1,36.600487,1,1
sea057_20220707,2022-07-07T21:54:37Z,24.10608333333333,57.67338333333334,67.2654,1,23.4095,1,36.61929,1,1
sea057_20220707,2022-07-07T21:55:37Z,24.106183333333334,57.67328333333333,61.3763,1,23.4992,1,36.620056,1,1
sea057_20220707,2022-07-07T21:56:37Z,24.10626666666667,57.673166666666674,55.5287,1,23.4299,1,36.544823,1,1
sea057_20220707,2022-07-07T21:57:37Z,24.106366666666666,57.673066666666664,49.8342,1,23.6484,1,36.564846,1,1
sea057_20220707,2022-07-07T21:58:37Z,24.106466666666666,57.672983333333335,44.4341,1,23.8523,1,36.55784,1,1
sea057_20220707,2022-07-07T21:59:37Z,24.106566666666662,57.672883333333324,39.1653,1,24.1479,1,36.551952,1,1
sea057_20220707,2022-07-07T22:00:37Z,24.10665,57.672783333333335,33.2865,1,25.0315,1,36.54515,1,1
sea057_20220707,2022-07-07T22:01:38Z,24.10675,57.672666666666665,26.9294,1,25.7456,1,36.570614,1,1
sea057_20220707,2022-07-07T22:02:38Z,24.106866666666665,57.67258333333333,21.2601,1,26.6175,1,36.594357,1,1
sea057_20220707,2022-07-07T22:03:38Z,24.106949999999998,57.672533333333334,17.2626,1,31.1622,1,36.880077,1,1
sea057_20220707,2022-07-07T22:04:38Z,24.107033333333334,57.67248333333334,12.3369,1,31.3788,1,36.91695,1,1
sea057_20220707,2022-07-07T22:05:38Z,24.10713333333333,57.6724,7.1576,1,31.3076,1,36.939884,1,1
sea057_20220707,2022-07-07T22:06:38Z,24.10715,57.6724,1.4198,1,31.3606,1,36.914593,1,1
sea057_20220707,2022-07-07T22:07:38Z,24.103716666666667,57.684349999999995,1.9077,1,31.343,1,36.92855,1,1
sea057_20220707,2022-07-07T22:08:38Z,24.103716666666667,57.684349999999995,2.0916,1,31.3648,1,36.908268,1,1
sea057_20220707,2022-07-07T22:09:38Z,24.103700000000003,57.68436666666666,2.1618,1,31.358,1,36.921333,1,1
sea057_20220707,2022-07-07T22:10:38Z,24.103683333333333,57.684400000000004,2.1576,1,31.3471,1,36.92405,1,1
sea057_20220707,2022-07-07T22:11:38Z,24.103666666666662,57.68449999999999,1.9983,1,31.3643,1,36.90981,1,1
sea057_20220707,2022-07-07T22:12:38Z,24.103666666666662,57.68451666666667,0.3005,1,31.3719,1,36.91978,1,1
sea057_20220707,2022-07-07T22:13:38Z,24.103666666666662,57.68451666666667,0.4673,1,31.3712,1,36.922375,1,1
sea057_20220707,2022-07-07T22:14:38Z,24.103666666666662,57.68451666666667,0.5743,1,31.3676,1,36.92337,1,1
sea057_20220707,2022-07-07T22:15:38Z,24.103666666666662,57.68455000000001,5.7771,1,31.3902,1,36.9247,1,1
sea057_20220707,2022-07-07T22:16:38Z,24.103683333333333,57.68461666666667,8.0755,1,31.3875,1,36.920567,1,1
sea057_20220707,2022-07-07T22:17:38Z,24.103716666666667,57.68465,10.1534,1,31.396,1,36.91936,1,1
sea057_20220707,2022-07-07T22:18:38Z,24.103733333333334,57.68468333333333,11.7788,1,31.3927,1,36.922043,1,1
sea057_20220707,2022-07-07T22:19:38Z,24.10376666666667,57.68470000000001,13.4519,1,31.3895,1,36.919174,1,1
sea057_20220707,2022-07-07T22:20:38Z,24.1038,57.68471666666666,15.1472,1,31.3937,1,36.91974,1,1
sea057_20220707,2022-07-07T22:21:38Z,24.103833333333334,57.684733333333334,16.9097,1,31.0493,1,36.87183,1,1
sea057_20220707,2022-07-07T22:22:38Z,24.103883333333336,57.684733333333334,18.3867,1,29.6022,1,36.78316,1,1
sea057_20220707,2022-07-07T22:23:38Z,24.103883333333336,57.684733333333334,18.2547,1,29.684,1,36.778435,1,1
sea057_20220707,2022-07-07T22:24:38Z,24.1039,57.68475,16.4358,1,31.2548,1,36.879433,1,1
sea057_20220707,2022-07-07T22:25:38Z,24.10393333333333,57.68481666666666,10.841,1,31.4015,1,36.913258,1,1
sea057_20220707,2022-07-07T22:26:38Z,24.10393333333333,57.68496666666667,2.6905,1,31.393,1,36.91747,1,1
sea057_20220707,2022-07-07T22:27:38Z,24.103433333333335,57.686166666666665,2.3944,1,31.3894,1,36.91355,1,1
sea057_20220707,2022-07-07T22:28:38Z,24.103400000000004,57.68619999999999,2.0054,1,31.3885,1,36.91177,1,1
sea057_20220707,2022-07-07T22:29:38Z,24.103400000000004,57.68625,2.1361,1,31.3879,1,36.913837,1,1
sea057_20220707,2022-07-07T22:30:38Z,24.103400000000004,57.68631666666667,2.2411,1,31.3825,1,36.916317,1,1
sea057_20220707,2022-07-07T22:31:38Z,24.103400000000004,57.68634999999999,2.1302,1,31.3819,1,36.916077,1,1
sea057_20220707,2022-07-07T22:32:38Z,24.10336666666667,57.686433333333326,2.0729,1,31.3877,1,36.91754,1,1
sea057_20220707,2022-07-07T22:33:38Z,24.10335,57.686499999999995,2.016,1,31.3958,1,36.913685,1,1
sea057_20220707,2022-07-07T22:34:39Z,24.10335,57.686550000000004,2.195,1,31.3975,1,36.913143,1,1
sea057_20220707,2022-07-07T22:35:39Z,24.103316666666668,57.6866,2.154,1,31.3904,1,36.917816,1,1
sea057_20220707,2022-07-07T22:36:39Z,24.10333333333333,57.68666666666666,2.1566,1,31.3893,1,36.916176,1,1
sea057_20220707,2022-07-07T22:37:39Z,24.103316666666668,57.686749999999996,2.3517,1,31.3806,1,36.915237,1,1
sea057_20220707,2022-07-07T22:38:39Z,24.103316666666668,57.68678333333334,2.0389,1,31.3827,1,36.91471,1,1
sea057_20220707,2022-07-07T22:39:39Z,24.103299999999997,57.68683333333333,2.0135,1,31.3795,1,36.917183,1,1
sea057_20220707,2022-07-07T22:40:39Z,24.103266666666666,57.68688333333333,2.2479,1,31.3847,1,36.913334,1,1
sea057_20220707,2022-07-07T22:41:39Z,24.103266666666666,57.68696666666666,2.1167,1,31.3847,1,36.916843,1,1
sea057_20220707,2022-07-07T22:42:39Z,24.103250000000003,57.68703333333333,2.2122,1,31.3782,1,36.91296,1,1
sea057_20220707,2022-07-07T22:43:39Z,24.103233333333332,57.68711666666666,2.121,1,31.3788,1,36.912476,1,1
sea057_20220707,2022-07-07T22:44:39Z,24.103216666666672,57.68718333333333,2.1873,1,31.3778,1,36.91853,1,1
sea057_20220707,2022-07-07T22:45:39Z,24.10318333333333,57.68724999999999,2.2229,1,31.3752,1,36.916405,1,1
sea057_20220707,2022-07-07T22:46:39Z,24.103149999999996,57.68731666666666,2.0132,1,31.3802,1,36.914062,1,1
sea057_20220707,2022-07-07T22:47:39Z,24.103133333333336,57.6874,2.1558,1,31.3761,1,36.915554,1,1
sea057_20220707,2022-07-07T22:48:39Z,24.1031,57.68746666666666,2.1612,1,31.3821,1,36.91325,1,1
sea057_20220707,2022-07-07T22:49:39Z,24.103083333333334,57.68751666666667,2.1155,1,31.3881,1,36.91516,1,1
sea057_20220707,2022-07-07T22:50:39Z,24.10303333333333,57.6876,2.1019,1,31.3836,1,36.91015,1,1
sea057_20220707,2022-07-07T22:51:39Z,24.102999999999998,57.68768333333334,2.2803,1,31.383,1,36.912598,1,1
sea057_20220707,2022-07-07T22:52:39Z,24.102966666666664,57.68775000000001,2.0098,1,31.3849,1,36.912937,1,1
sea057_20220707,2022-07-07T22:53:39Z,24.102950000000003,57.6878,2.1586,1,31.3859,1,36.914997,1,1
sea057_20220707,2022-07-07T22:54:39Z,24.10288333333333,57.687900000000006,2.1243,1,31.3869,1,36.913925,1,1
sea057_20220707,2022-07-07T22:55:39Z,24.102833333333333,57.68796666666667,2.1726,1,31.3878,1,36.91503,1,1
sea057_20220707,2022-07-07T22:56:39Z,24.102816666666666,57.688050000000004,2.1253,1,31.3893,1,36.91266,1,1
sea057_20220707,2022-07-07T22:57:39Z,24.10278333333333,57.68808333333333,2.1108,1,31.381,1,36.913692,1,1
sea057_20220707,2022-07-07T22:58:39Z,24.102733333333337,57.688183333333335,2.1878,1,31.3858,1,36.914528,1,1
sea057_20220707,2022-07-07T22:59:39Z,24.102716666666666,57.68826666666667,2.1798,1,31.3799,1,36.913696,1,1
sea057_20220707,2022-07-07T23:00:39Z,24.102699999999995,57.688316666666665,2.1832,1,31.38,1,36.916283,1,1
sea057_20220707,2022-07-07T23:01:39Z,24.102666666666664,57.68836666666666,2.1983,1,31.3842,1,36.915657,1,1
sea057_20220707,2022-07-07T23:02:39Z,24.102633333333333,57.68848333333334,2.0567,1,31.3795,1,36.916172,1,1
sea057_20220707,2022-07-07T23:03:40Z,24.10261666666667,57.68855,2.2111,1,31.3804,1,36.912777,1,1
sea057_20220707,2022-07-07T23:04:40Z,24.102583333333335,57.68861666666667,2.0585,1,31.3772,1,36.913834,1,1
sea057_20220707,2022-07-07T23:05:40Z,24.102583333333335,57.68865000000001,2.1265,1,31.3785,1,36.915165,1,1
sea057_20220707,2022-07-07T23:06:40Z,24.102549999999997,57.688766666666666,2.1883,1,31.3895,1,36.914352,1,1
sea057_20220707,2022-07-07T23:07:40Z,24.102533333333334,57.68885,2.1394,1,31.3832,1,36.9143,1,1
sea057_20220707,2022-07-07T23:08:40Z,24.102500000000003,57.68893333333334,2.1529,1,31.3865,1,36.91515,1,1
sea057_20220707,2022-07-07T23:09:40Z,24.102500000000003,57.68893333333334,2.0652,1,31.381,1,36.910515,1,1
sea057_20220707,2022-07-07T23:10:40Z,24.102449999999997,57.689049999999995,2.1183,1,31.3783,1,36.908726,1,1
sea057_20220707,2022-07-07T23:11:40Z,24.102433333333337,57.68911666666666,2.0758,1,31.3729,1,36.897408,1,1
sea057_20220707,2022-07-07T23:12:40Z,24.102416666666667,57.68916666666667,2.2351,1,31.3743,1,36.8971,1,1
sea057_20220707,2022-07-07T23:13:40Z,24.102416666666667,57.6892,2.1518,1,31.38,1,36.907505,1,1
sea057_20220707,2022-07-07T23:14:40Z,24.102383333333332,57.689283333333336,2.2096,1,31.3696,1,36.89783,1,1
sea057_20220707,2022-07-07T23:15:40Z,24.102366666666665,57.68938333333334,2.0854,1,31.3715,1,36.898785,1,1
sea057_20220707,2022-07-07T23:16:40Z,24.10233333333333,57.689466666666675,2.0752,1,31.3782,1,36.908016,1,1
sea057_20220707,2022-07-07T23:17:40Z,24.1023,57.689499999999995,2.2354,1,31.3819,1,36.912174,1,1
sea057_20220707,2022-07-07T23:18:40Z,24.102266666666665,57.689600000000006,2.2534,1,31.3735,1,36.906345,1,1
sea057_20220707,2022-07-07T23:19:40Z,24.102233333333334,57.68968333333334,2.138,1,31.3775,1,36.90872,1,1
sea057_20220707,2022-07-07T23:20:40Z,24.102216666666664,57.689750000000004,2.1229,1,31.3669,1,36.908146,1,1
sea057_20220707,2022-07-07T23:21:40Z,24.1022,57.689816666666665,2.2244,1,31.3761,1,36.910736,1,1
sea057_20220707,2022-07-07T23:22:40Z,24.102183333333333,57.689916666666676,2.0896,1,31.3822,1,36.90914,1,1
sea057_20220707,2022-07-07T23:23:40Z,24.102149999999998,57.68999999999999,2.2312,1,31.3811,1,36.910713,1,1
sea057_20220707,2022-07-07T23:24:40Z,24.102116666666667,57.690066666666674,2.1433,1,31.375,1,36.91405,1,1
sea057_20220707,2022-07-07T23:25:40Z,24.102083333333333,57.69011666666667,2.2768,1,31.3777,1,36.91238,1,1
sea057_20220707,2022-07-07T23:26:40Z,24.102066666666662,57.69021666666666,2.075,1,31.3793,1,36.911587,1,1
sea057_20220707,2022-07-07T23:27:40Z,24.102016666666668,57.69031666666667,2.1534,1,31.3821,1,36.91179,1,1
sea057_20220707,2022-07-07T23:28:40Z,24.101983333333337,57.69036666666666,2.1667,1,31.3771,1,36.912205,1,1
sea057_20220707,2022-07-07T23:29:41Z,24.101983333333337,57.69043333333334,1.9488,1,31.3822,1,36.911522,1,1
sea057_20220707,2022-07-07T23:30:41Z,24.10193333333333,57.69053333333333,2.263,1,31.374,1,36.910896,1,1
sea057_20220707,2022-07-07T23:31:41Z,24.10186666666667,57.690599999999996,2.0771,1,31.3728,1,36.91193,1,1
sea057_20220707,2022-07-07T23:32:41Z,24.101816666666664,57.69066666666666,2.245,1,31.3692,1,36.913635,1,1
sea057_20220707,2022-07-07T23:33:41Z,24.101800000000004,57.69068333333333,2.0866,1,31.3707,1,36.912235,1,1
sea057_20220707,2022-07-07T23:34:41Z,24.10175,57.6908,2.0901,1,31.3757,1,36.911816,1,1
sea057_20220707,2022-07-07T23:35:41Z,24.10171666666667,57.69085,2.1999,1,31.3712,1,36.91242,1,1
sea057_20220707,2022-07-07T23:36:41Z,24.101683333333334,57.690933333333334,2.1809,1,31.372,1,36.91096,1,1
sea057_20220707,2022-07-07T23:37:41Z,24.101683333333334,57.69095000000001,2.1541,1,31.3761,1,36.912823,1,1
sea057_20220707,2022-07-07T23:38:41Z,24.1016,57.69108333333334,2.1185,1,31.3844,1,36.91254,1,1
sea057_20220707,2022-07-07T23:39:41Z,24.101549999999996,57.69116666666667,2.1922,1,31.3705,1,36.911747,1,1
sea057_20220707,2022-07-07T23:40:41Z,24.1015,57.691250000000004,2.0407,1,31.3796,1,36.911106,1,1
sea057_20220707,2022-07-07T23:41:41Z,24.1015,57.691266666666664,2.0435,1,31.3702,1,36.912292,1,1
sea057_20220707,2022-07-07T23:42:41Z,24.10143333333333,57.691383333333334,2.1487,1,31.3808,1,36.9123,1,1
sea057_20220707,2022-07-07T23:43:41Z,24.101399999999998,57.69141666666666,2.0711,1,31.3787,1,36.913303,1,1
sea057_20220707,2022-07-07T23:44:41Z,24.101350000000004,57.69148333333332,2.3073,1,31.3808,1,36.914772,1,1
sea057_20220707,2022-07-07T23:45:41Z,24.10131666666667,57.69153333333334,2.0925,1,31.3807,1,36.91386,1,1
sea057_20220707,2022-07-07T23:46:41Z,24.101249999999997,57.69163333333333,2.1652,1,31.3787,1,36.911602,1,1
sea057_20220707,2022-07-07T23:47:41Z,24.101216666666666,57.691716666666665,2.1906,1,31.3702,1,36.908443,1,1
sea057_20220707,2022-07-07T23:48:41Z,24.101166666666668,57.69176666666667,2.1526,1,31.3741,1,36.91479,1,1
sea057_20220707,2022-07-07T23:49:41Z,24.101166666666668,57.691783333333326,2.1237,1,31.3715,1,36.913887,1,1
sea057_20220707,2022-07-07T23:50:41Z,24.101116666666666,57.691900000000004,2.1367,1,31.374,1,36.912872,1,1
sea057_20220707,2022-07-07T23:51:41Z,24.10105,57.69198333333334,2.176,1,31.3687,1,36.917034,1,1
sea057_20220707,2022-07-07T23:52:41Z,24.10105,57.69206666666667,2.1262,1,31.3741,1,36.912136,1,1
sea057_20220707,2022-07-07T23:53:41Z,24.101,57.692166666666665,2.1923,1,31.3686,1,36.91397,1,1
sea057_20220707,2022-07-07T23:54:41Z,24.100983333333335,57.69223333333333,2.0124,1,31.3714,1,36.91214,1,1
sea057_20220707,2022-07-07T23:55:41Z,24.100933333333334,57.69226666666667,2.2092,1,31.3685,1,36.91424,1,1
sea057_20220707,2022-07-07T23:56:41Z,24.100900000000003,57.692350000000005,2.1863,1,31.3649,1,36.914284,1,1
sea057_20220707,2022-07-07T23:57:41Z,24.10086666666667,57.69243333333334,2.1657,1,31.3632,1,36.915234,1,1
sea057_20220707,2022-07-07T23:58:41Z,24.100849999999998,57.69251666666667,2.1552,1,31.3647,1,36.913715,1,1
sea057_20220707,2022-07-07T23:59:41Z,24.100799999999996,57.69256666666667,2.0943,1,31.3738,1,36.914436,1,1
sea057_20220707,2022-07-08T00:00:41Z,24.10075,57.69263333333333,2.2209,1,31.3734,1,36.914623,1,1
sea057_20220707,2022-07-08T00:01:42Z,24.100716666666667,57.692699999999995,2.0601,1,31.3746,1,36.91272,1,1
sea057_20220707,2022-07-08T00:02:42Z,24.100650000000005,57.69278333333333,2.0929,1,31.3673,1,36.912987,1,1
sea057_20220707,2022-07-08T00:03:42Z,24.1006,57.69286666666667,2.0067,1,31.3733,1,36.914246,1,1
sea057_20220707,2022-07-08T00:04:42Z,24.10058333333333,57.69295,2.0835,1,31.3702,1,36.910347,1,1
sea057_20220707,2022-07-08T00:05:42Z,24.100516666666667,57.693,2.0538,1,31.3701,1,36.911633,1,1
sea057_20220707,2022-07-08T00:06:42Z,24.100466666666662,57.693083333333334,1.843,1,31.3769,1,36.91274,1,1
sea057_20220707,2022-07-08T00:07:42Z,24.100416666666668,57.69316666666667,2.2855,1,31.3717,1,36.91208,1,1
sea057_20220707,2022-07-08T00:08:42Z,24.100366666666666,57.69323333333333,2.2334,1,31.3737,1,36.911533,1,1
sea057_20220707,2022-07-08T00:09:42Z,24.100350000000002,57.6933,2.1037,1,31.3616,1,36.91206,1,1
sea057_20220707,2022-07-08T00:10:42Z,24.1003,57.69333333333334,2.105,1,31.3687,1,36.9098,1,1
sea057_20220707,2022-07-08T00:11:42Z,24.100266666666666,57.69341666666666,2.0529,1,31.362,1,36.912247,1,1
sea057_20220707,2022-07-08T00:12:42Z,24.100233333333335,57.69348333333334,2.2412,1,31.3762,1,36.911785,1,1
sea057_20220707,2022-07-08T00:13:42Z,24.100183333333334,57.693533333333335,2.1116,1,31.366,1,36.91109,1,1
sea057_20220707,2022-07-08T00:14:42Z,24.10015,57.69358333333333,2.0668,1,31.3712,1,36.911335,1,1
sea057_20220707,2022-07-08T00:15:42Z,24.10011666666667,57.693666666666665,2.1332,1,31.3684,1,36.91381,1,1
sea057_20220707,2022-07-08T00:16:42Z,24.100066666666667,57.69373333333333,2.056,1,31.3714,1,36.909527,1,1
sea057_20220707,2022-07-08T00:17:42Z,24.10001666666667,57.69383333333334,2.1353,1,31.3836,1,36.913868,1,1
sea057_20220707,2022-07-08T00:18:42Z,24.09998333333333,57.69388333333333,2.0992,1,31.3801,1,36.91051,1,1
sea057_20220707,2022-07-08T00:19:42Z,24.099949999999996,57.69396666666667,2.1013,1,31.3783,1,36.911728,1,1
sea057_20220707,2022-07-08T00:20:42Z,24.0999,57.69403333333333,2.1099,1,31.3812,1,36.913746,1,1
sea057_20220707,2022-07-08T00:21:42Z,24.09985,57.6941,2.1287,1,31.3706,1,36.91403,1,1
sea057_20220707,2022-07-08T00:22:42Z,24.099816666666666,57.69415000000001,2.2106,1,31.3728,1,36.910618,1,1
sea057_20220707,2022-07-08T00:23:42Z,24.099766666666664,57.69421666666667,2.0304,1,31.37,1,36.91245,1,1
sea057_20220707,2022-07-08T00:24:42Z,24.099750000000004,57.694300000000005,2.2741,1,31.3718,1,36.912674,1,1
sea057_20220707,2022-07-08T00:25:42Z,24.0997,57.694366666666674,2.1509,1,31.3698,1,36.91322,1,1
sea057_20220707,2022-07-08T00:26:42Z,24.099649999999997,57.69445,2.173,1,31.3703,1,36.912304,1,1
sea057_20220707,2022-07-08T00:27:42Z,24.099616666666666,57.694533333333325,2.1756,1,31.3675,1,36.910408,1,1
sea057_20220707,2022-07-08T00:28:42Z,24.09955,57.694583333333334,2.0084,1,31.3635,1,36.91367,1,1
sea057_20220707,2022-07-08T00:29:42Z,24.099533333333337,57.69465,2.0899,1,31.3585,1,36.914192,1,1
sea057_20220707,2022-07-08T00:30:43Z,24.09945,57.694716666666665,2.0833,1,31.3547,1,36.912846,1,1
sea057_20220707,2022-07-08T00:31:43Z,24.0994,57.69478333333333,2.1454,1,31.3569,1,36.912838,1,1
sea057_20220707,2022-07-08T00:32:43Z,24.099349999999998,57.694816666666675,1.9929,1,31.3625,1,36.912426,1,1
sea057_20220707,2022-07-08T00:33:43Z,24.099316666666663,57.69493333333333,2.1988,1,31.3537,1,36.913822,1,1
sea057_20220707,2022-07-08T00:34:43Z,24.09926666666667,57.69496666666667,2.0907,1,31.3498,1,36.912724,1,1
sea057_20220707,2022-07-08T00:35:43Z,24.099233333333338,57.69505000000001,1.9662,1,31.3519,1,36.911392,1,1
sea057_20220707,2022-07-08T00:36:43Z,24.099200000000003,57.695133333333324,2.1018,1,31.3535,1,36.91487,1,1
sea057_20220707,2022-07-08T00:37:43Z,24.09915,57.69521666666666,2.0357,1,31.3577,1,36.912148,1,1
sea057_20220707,2022-07-08T00:38:43Z,24.099116666666667,57.69528333333333,2.2159,1,31.3674,1,36.914665,1,1
sea057_20220707,2022-07-08T00:39:43Z,24.099083333333336,57.695366666666665,2.1496,1,31.3598,1,36.91293,1,1
sea057_20220707,2022-07-08T00:40:43Z,24.099050000000002,57.69543333333333,2.2303,1,31.3626,1,36.91193,1,1
sea057_20220707,2022-07-08T00:41:43Z,24.099,57.695550000000004,2.0925,1,31.3688,1,36.90913,1,1
sea057_20220707,2022-07-08T00:42:43Z,24.09896666666667,57.695583333333325,2.1947,1,31.3735,1,36.90903,1,1
sea057_20220707,2022-07-08T00:43:43Z,24.098916666666664,57.695683333333335,2.0992,1,31.3732,1,36.913086,1,1
sea057_20220707,2022-07-08T00:44:43Z,24.098866666666662,57.69575,2.03,1,31.3771,1,36.909454,1,1
sea057_20220707,2022-07-08T00:45:43Z,24.098783333333337,57.69585,1.9845,1,31.3779,1,36.914066,1,1
sea057_20220707,2022-07-08T00:46:43Z,24.098750000000003,57.6959,2.28,1,31.3732,1,36.91369,1,1
sea057_20220707,2022-07-08T00:47:43Z,24.0987,57.695949999999996,1.8967,1,31.3651,1,36.91544,1,1
sea057_20220707,2022-07-08T00:48:43Z,24.098666666666666,57.69596666666666,2.3036,1,31.3687,1,36.91306,1,1
sea057_20220707,2022-07-08T00:49:43Z,24.098616666666665,57.69606666666667,2.0981,1,31.3648,1,36.912395,1,1
sea057_20220707,2022-07-08T00:50:43Z,24.09853333333333,57.69615,2.2007,1,31.3681,1,36.913677,1,1
sea057_20220707,2022-07-08T00:51:43Z,24.098466666666663,57.69623333333334,2.1497,1,31.3727,1,36.91231,1,1
sea057_20220707,2022-07-08T00:52:43Z,24.098433333333332,57.6963,2.2052,1,31.3759,1,36.909824,1,1
sea057_20220707,2022-07-08T00:53:43Z,24.09838333333333,57.6964,1.9043,1,31.3649,1,36.91352,1,1
sea057_20220707,2022-07-08T00:54:43Z,24.098349999999996,57.69646666666666,2.2127,1,31.3631,1,36.91376,1,1
sea057_20220707,2022-07-08T00:55:43Z,24.09826666666667,57.69653333333334,2.1164,1,31.3599,1,36.912197,1,1
sea057_20220707,2022-07-08T00:56:43Z,24.09825,57.696600000000004,2.1715,1,31.3709,1,36.911858,1,1
sea057_20220707,2022-07-08T00:57:43Z,24.098166666666664,57.69666666666667,2.1271,1,31.3726,1,36.910995,1,1
sea057_20220707,2022-07-08T00:58:43Z,24.09811666666667,57.69675,2.2086,1,31.3678,1,36.9135,1,1
sea057_20220707,2022-07-08T00:59:43Z,24.098066666666668,57.69681666666667,2.1016,1,31.3651,1,36.912167,1,1
sea057_20220707,2022-07-08T01:00:43Z,24.098033333333333,57.69685,2.0765,1,31.3547,1,36.91165,1,1
sea057_20220707,2022-07-08T01:01:43Z,24.097966666666668,57.69690000000001,2.0244,1,31.3635,1,36.912464,1,1
sea057_20220707,2022-07-08T01:02:44Z,24.097916666666666,57.69695,2.0843,1,31.3647,1,36.91294,1,1
sea057_20220707,2022-07-08T01:03:44Z,24.097883333333336,57.696999999999996,2.0557,1,31.3626,1,36.911594,1,1
sea057_20220707,2022-07-08T01:04:44Z,24.09783333333333,57.69706666666666,2.0913,1,31.3621,1,36.912025,1,1
sea057_20220707,2022-07-08T01:05:44Z,24.097783333333336,57.69711666666667,2.1298,1,31.36,1,36.91112,1,1
sea057_20220707,2022-07-08T01:06:44Z,24.097733333333334,57.69721666666666,2.1043,1,31.3604,1,36.910763,1,1
sea057_20220707,2022-07-08T01:07:44Z,24.0977,57.69728333333334,2.2461,1,31.3569,1,36.9126,1,1
sea057_20220707,2022-07-08T01:08:44Z,24.09766666666667,57.69733333333333,2.0209,1,31.3564,1,36.914726,1,1
sea057_20220707,2022-07-08T01:09:44Z,24.097633333333338,57.6974,2.188,1,31.3573,1,36.91199,1,1
sea057_20220707,2022-07-08T01:10:44Z,24.097583333333333,57.697466666666664,2.2568,1,31.3555,1,36.91305,1,1
sea057_20220707,2022-07-08T01:11:44Z,24.097516666666667,57.69755,2.0792,1,31.3559,1,36.911617,1,1
sea057_20220707,2022-07-08T01:12:44Z,24.097483333333336,57.69761666666667,2.0466,1,31.3562,1,36.91327,1,1
sea057_20220707,2022-07-08T01:13:44Z,24.097416666666664,57.69768333333333,2.0646,1,31.3582,1,36.913628,1,1
sea057_20220707,2022-07-08T01:14:44Z,24.09735,57.697733333333325,2.2453,1,31.3672,1,36.91214,1,1
sea057_20220707,2022-07-08T01:15:44Z,24.097300000000004,57.69781666666666,2.0499,1,31.3601,1,36.912205,1,1
sea057_20220707,2022-07-08T01:16:44Z,24.097216666666668,57.69788333333333,2.1078,1,31.3557,1,36.914154,1,1
sea057_20220707,2022-07-08T01:17:44Z,24.097199999999997,57.697916666666664,2.0638,1,31.3501,1,36.915707,1,1
sea057_20220707,2022-07-08T01:18:44Z,24.097116666666672,57.69796666666666,2.2041,1,31.3505,1,36.914223,1,1
sea057_20220707,2022-07-08T01:19:44Z,24.09705,57.69806666666667,2.0369,1,31.3609,1,36.91168,1,1
sea057_20220707,2022-07-08T01:20:44Z,24.097,57.69813333333333,2.1526,1,31.3638,1,36.91299,1,1
sea057_20220707,2022-07-08T01:21:44Z,24.09691666666667,57.69821666666667,2.0311,1,31.3613,1,36.907715,1,1
sea057_20220707,2022-07-08T01:22:44Z,24.096899999999998,57.69826666666666,2.098,1,31.3657,1,36.914516,1,1
sea057_20220707,2022-07-08T01:23:44Z,24.096850000000003,57.69835,2.1004,1,31.3609,1,36.911987,1,1
sea057_20220707,2022-07-08T01:24:44Z,24.09678333333333,57.69841666666666,2.0733,1,31.3636,1,36.911636,1,1
sea057_20220707,2022-07-08T01:25:44Z,24.096733333333336,57.69851666666667,2.1576,1,31.3606,1,36.91299,1,1
sea057_20220707,2022-07-08T01:26:44Z,24.09668333333333,57.698566666666665,2.0334,1,31.3573,1,36.91298,1,1
sea057_20220707,2022-07-08T01:27:44Z,24.096616666666666,57.698633333333326,2.1682,1,31.3533,1,36.915665,1,1
sea057_20220707,2022-07-08T01:28:44Z,24.09655,57.698699999999995,2.1351,1,31.353,1,36.91224,1,1
sea057_20220707,2022-07-08T01:29:44Z,24.0965,57.698816666666666,2.0989,1,31.3501,1,36.914894,1,1
sea057_20220707,2022-07-08T01:30:44Z,24.096466666666668,57.6989,2.2957,1,31.3532,1,36.91536,1,1
sea057_20220707,2022-07-08T01:31:44Z,24.096400000000003,57.69896666666667,2.2371,1,31.3495,1,36.914227,1,1
sea057_20220707,2022-07-08T01:32:44Z,24.096349999999997,57.699016666666665,2.0646,1,31.3459,1,36.91206,1,1
sea057_20220707,2022-07-08T01:33:45Z,24.096299999999996,57.69908333333333,2.1563,1,31.3563,1,36.91382,1,1
sea057_20220707,2022-07-08T01:34:45Z,24.096266666666665,57.699133333333336,2.0694,1,31.349,1,36.916393,1,1
sea057_20220707,2022-07-08T01:35:45Z,24.096149999999998,57.69921666666667,2.2878,1,31.3434,1,36.914654,1,1
sea057_20220707,2022-07-08T01:36:45Z,24.096116666666664,57.69928333333334,2.1419,1,31.3458,1,36.915306,1,1
sea057_20220707,2022-07-08T01:37:45Z,24.096083333333333,57.69931666666666,0.8889,1,31.3399,1,36.90626,1,1
sea057_20220707,2022-07-08T01:38:45Z,24.096083333333333,57.699333333333335,0.4814,1,31.3271,1,36.912548,1,1
sea057_20220707,2022-07-08T01:39:45Z,24.096083333333333,57.699333333333335,0.9578,1,31.3447,1,36.908833,1,1
sea057_20220707,2022-07-08T01:40:45Z,24.096083333333333,57.699333333333335,0.3777,1,31.3414,1,36.909054,1,1
sea057_20220707,2022-07-08T01:41:45Z,24.096083333333333,57.69935,3.4081,1,31.3527,1,36.91007,1,1
sea057_20220707,2022-07-08T01:42:45Z,24.096083333333333,57.69938333333333,4.3675,1,31.3542,1,36.908394,1,1
sea057_20220707,2022-07-08T01:43:45Z,24.096083333333333,57.6994,4.0765,1,31.3551,1,36.90922,1,1
sea057_20220707,2022-07-08T01:44:45Z,24.096083333333333,57.6994,3.3145,1,31.3543,1,36.911167,1,1
sea057_20220707,2022-07-08T01:45:45Z,24.096083333333333,57.69944999999999,0.6685,1,31.335,1,36.898754,1,1
sea057_20220707,2022-07-08T01:46:45Z,24.096083333333333,57.69944999999999,2.972,1,31.3515,1,36.91306,1,1
sea057_20220707,2022-07-08T01:47:45Z,24.09536666666667,57.70040000000001,2.3413,1,31.3432,1,36.909985,1,1
sea057_20220707,2022-07-08T01:48:45Z,24.09535,57.70041666666666,2.3048,1,31.3438,1,36.912148,1,1
sea057_20220707,2022-07-08T01:49:45Z,24.095266666666664,57.700450000000004,1.9968,1,31.3445,1,36.92013,1,1
sea057_20220707,2022-07-08T01:50:45Z,24.095166666666668,57.7006,2.1033,1,31.3396,1,36.913906,1,1
sea057_20220707,2022-07-08T01:51:45Z,24.09508333333333,57.70061666666667,1.0997,1,31.3418,1,36.910355,1,1
sea057_20220707,2022-07-08T01:52:45Z,24.09508333333333,57.70063333333333,0.222,1,31.3412,1,36.822258,1,1
sea057_20220707,2022-07-08T01:53:45Z,24.09508333333333,57.70063333333333,1.3415,1,31.3433,1,36.914207,1,1
sea057_20220707,2022-07-08T01:54:45Z,24.09508333333333,57.700649999999996,0.3415,1,31.3285,1,36.908417,1,1
sea057_20220707,2022-07-08T01:55:45Z,24.09508333333333,57.700649999999996,1.7275,1,31.3486,1,36.915886,1,1
sea057_20220707,2022-07-08T01:56:45Z,24.09506666666667,57.70068333333334,3.4262,1,31.353,1,36.913967,1,1
sea057_20220707,2022-07-08T01:57:45Z,24.09508333333333,57.700700000000005,4.2748,1,31.348,1,36.914078,1,1
sea057_20220707,2022-07-08T01:58:45Z,24.09508333333333,57.700700000000005,4.32,1,31.353,1,36.912907,1,1
sea057_20220707,2022-07-08T01:59:45Z,24.09508333333333,57.70071666666666,4.1105,1,31.3561,1,36.909393,1,1
sea057_20220707,2022-07-08T02:00:45Z,24.09506666666667,57.70071666666666,4.4087,1,31.3573,1,36.910717,1,1
sea057_20220707,2022-07-08T02:01:45Z,24.09506666666667,57.70073333333333,4.9485,1,31.3555,1,36.910404,1,1
sea057_20220707,2022-07-08T02:02:45Z,24.09508333333333,57.70075,4.519,1,31.3498,1,36.912437,1,1
sea057_20220707,2022-07-08T02:03:45Z,24.09508333333333,57.70075,3.6337,1,31.3501,1,36.913734,1,1
sea057_20220707,2022-07-08T02:04:45Z,24.09508333333333,57.70078333333333,0.2546,1,31.3296,1,36.1275,1,1
sea057_20220707,2022-07-08T02:05:45Z,24.094066666666663,57.701933333333336,2.566,1,31.3397,1,36.879215,1,1
sea057_20220707,2022-07-08T02:06:45Z,24.094033333333332,57.70196666666667,2.421,1,31.3422,1,36.88046,1,1
sea057_20220707,2022-07-08T02:07:45Z,24.093966666666667,57.70203333333334,2.1122,1,31.3402,1,36.880005,1,1
sea057_20220707,2022-07-08T02:08:45Z,24.0939,57.7021,2.0974,1,31.3378,1,36.88121,1,1
sea057_20220707,2022-07-08T02:09:45Z,24.093816666666665,57.70218333333334,2.0859,1,31.3352,1,36.879833,1,1
sea057_20220707,2022-07-08T02:10:45Z,24.0938,57.702216666666665,0.5859,1,31.3347,1,36.872425,1,1
sea057_20220707,2022-07-08T02:11:46Z,24.0938,57.70225000000001,2.6346,1,31.3399,1,36.881973,1,1
sea057_20220707,2022-07-08T02:12:46Z,24.09391666666667,57.70238333333334,11.3508,1,31.3511,1,36.89972,1,1
sea057_20220707,2022-07-08T02:13:46Z,24.094083333333334,57.70231666666667,21.5618,1,28.5997,1,36.41426,1,1
sea057_20220707,2022-07-08T02:14:46Z,24.0942,57.70225000000001,27.0332,1,25.2781,1,36.51071,1,1
sea057_20220707,2022-07-08T02:15:46Z,24.094299999999997,57.70216666666667,33.609,1,24.3383,1,36.525543,1,1
sea057_20220707,2022-07-08T02:16:46Z,24.094433333333335,57.70206666666666,41.1009,1,23.9559,1,36.52945,1,1
sea057_20220707,2022-07-08T02:17:46Z,24.094533333333334,57.70196666666667,48.1135,1,23.6959,1,36.536003,1,1
sea057_20220707,2022-07-08T02:18:46Z,24.09465,57.70185,54.8099,1,23.4751,1,36.532333,1,1
sea057_20220707,2022-07-08T02:19:46Z,24.09476666666667,57.70174999999999,61.686,1,23.5286,1,36.61271,1,1
sea057_20220707,2022-07-08T02:20:46Z,24.094866666666668,57.701633333333334,68.1984,1,23.4331,1,36.61727,1,1
sea057_20220707,2022-07-08T02:21:46Z,24.094983333333335,57.70151666666667,74.4805,1,23.3287,1,36.59921,1,1
sea057_20220707,2022-07-08T02:22:46Z,24.09508333333333,57.70141666666667,80.6397,1,23.1234,1,36.57152,1,1
sea057_20220707,2022-07-08T02:23:46Z,24.09518333333333,57.70130000000001,86.738,1,23.0632,1,36.56906,1,1
sea057_20220707,2022-07-08T02:24:46Z,24.095283333333334,57.7012,92.6382,1,22.8134,1,36.540905,1,1
sea057_20220707,2022-07-08T02:25:46Z,24.095383333333334,57.7011,98.3389,1,22.6015,1,36.517876,1,1
sea057_20220707,2022-07-08T02:26:46Z,24.09548333333333,57.70100000000001,104.1773,1,22.4062,1,36.53316,1,1
sea057_20220707,2022-07-08T02:27:46Z,24.095566666666667,57.70088333333333,110.2529,1,22.6286,1,36.756058,1,1
sea057_20220707,2022-07-08T02:28:46Z,24.095666666666663,57.700766666666674,116.2515,1,24.6244,1,37.64455,1,1
sea057_20220707,2022-07-08T02:29:46Z,24.09578333333333,57.70066666666666,122.6168,1,25.0861,1,37.895382,1,1
sea057_20220707,2022-07-08T02:30:46Z,24.095899999999997,57.700583333333334,128.1869,1,25.1083,1,37.950275,1,1
sea057_20220707,2022-07-08T02:31:46Z,24.096016666666667,57.700516666666665,133.4811,1,25.141,1,38.108833,1,1
sea057_20220707,2022-07-08T02:32:46Z,24.096116666666664,57.70041666666666,138.8127,1,24.7789,1,38.090977,1,1
sea057_20220707,2022-07-08T02:33:46Z,24.0962,57.70031666666667,144.6188,1,24.9314,1,38.19041,1,1
sea057_20220707,2022-07-08T02:34:46Z,24.096283333333336,57.70018333333334,150.6006,1,23.9836,1,37.865993,1,1
sea057_20220707,2022-07-08T02:35:46Z,24.096349999999997,57.700066666666665,156.4276,1,23.6593,1,37.83084,1,1
sea057_20220707,2022-07-08T02:36:46Z,24.096466666666668,57.69996666666666,162.2725,1,24.0404,1,38.04826,1,1
sea057_20220707,2022-07-08T02:37:46Z,24.096583333333335,57.69989999999999,168.0774,1,23.2586,1,37.70779,1,1
sea057_20220707,2022-07-08T02:38:46Z,24.09668333333333,57.699816666666656,173.6249,1,24.3236,1,38.298084,1,1
sea057_20220707,2022-07-08T02:39:46Z,24.09678333333333,57.6997,179.31,1,24.1865,1,38.26023,1,1
sea057_20220707,2022-07-08T02:40:46Z,24.096866666666664,57.6996,185.2445,1,24.0055,1,38.19805,1,1
sea057_20220707,2022-07-08T02:41:46Z,24.09696666666667,57.69948333333333,191.4566,1,22.8531,1,37.769985,1,1
sea057_20220707,2022-07-08T02:42:46Z,24.09705,57.69935,197.8414,1,20.9969,1,37.117012,1,1
sea057_20220707,2022-07-08T02:43:46Z,24.097133333333332,57.69923333333333,204.0532,1,21.1006,1,37.171207,1,1
sea057_20220707,2022-07-08T02:44:47Z,24.097216666666668,57.6991,210.5154,1,20.8317,1,37.14033,1,1
sea057_20220707,2022-07-08T02:45:47Z,24.097300000000004,57.69898333333334,216.8869,1,20.8486,1,37.18734,1,1
sea057_20220707,2022-07-08T02:46:47Z,24.0974,57.69886666666666,223.1092,1,21.266,1,37.359127,1,1
sea057_20220707,2022-07-08T02:47:47Z,24.097483333333336,57.698750000000004,229.3685,1,21.5545,1,37.526104,1,1
sea057_20220707,2022-07-08T02:48:47Z,24.097566666666662,57.69861666666667,235.466,1,21.5623,1,37.56794,1,1
sea057_20220707,2022-07-08T02:49:47Z,24.097649999999998,57.698499999999996,241.6069,1,21.7384,1,37.675552,1,1
sea057_20220707,2022-07-08T02:50:47Z,24.097749999999998,57.69838333333334,247.5626,1,21.4466,1,37.605576,1,1
sea057_20220707,2022-07-08T02:51:47Z,24.09785,57.69826666666666,253.343,1,21.3222,1,37.580097,1,1
sea057_20220707,2022-07-08T02:52:47Z,24.09795,57.69816666666667,259.0252,1,21.2197,1,37.538395,1,1
sea057_20220707,2022-07-08T02:53:47Z,24.098066666666668,57.69808333333334,264.6409,1,20.5539,1,37.367283,1,1
sea057_20220707,2022-07-08T02:54:47Z,24.098166666666664,57.698,270.2553,1,20.9096,1,37.56494,1,1
sea057_20220707,2022-07-08T02:55:47Z,24.09826666666667,57.6979,276.0233,1,20.7567,1,37.53568,1,1
sea057_20220707,2022-07-08T02:56:47Z,24.09838333333333,57.69780000000001,281.8033,1,20.4184,1,37.457836,1,1
sea057_20220707,2022-07-08T02:57:47Z,24.098466666666663,57.697700000000005,287.6026,1,19.7223,1,37.29598,1,1
sea057_20220707,2022-07-08T02:58:47Z,24.09856666666667,57.697599999999994,293.2961,1,18.7515,1,37.066425,1,1
sea057_20220707,2022-07-08T02:59:47Z,24.098666666666666,57.69751666666666,298.9505,1,18.3768,1,36.978508,1,1
sea057_20220707,2022-07-08T03:00:47Z,24.098766666666666,57.69741666666667,304.926,1,17.6085,1,36.780975,1,1
sea057_20220707,2022-07-08T03:01:47Z,24.098883333333333,57.69733333333333,311.2121,1,17.2699,1,36.7105,1,1
sea057_20220707,2022-07-08T03:02:47Z,24.099016666666664,57.69723333333333,317.3743,1,17.2591,1,36.702652,1,1
sea057_20220707,2022-07-08T03:03:47Z,24.099116666666667,57.69714999999999,323.7106,1,17.2197,1,36.691105,1,1
sea057_20220707,2022-07-08T03:04:47Z,24.099233333333338,57.69703333333334,329.7697,1,16.7769,1,36.5748,1,1
sea057_20220707,2022-07-08T03:05:47Z,24.099316666666663,57.69691666666666,335.9905,1,16.5622,1,36.54616,1,1
sea057_20220707,2022-07-08T03:06:47Z,24.09941666666667,57.6968,342.4723,1,16.4929,1,36.522438,1,1
sea057_20220707,2022-07-08T03:07:47Z,24.099533333333337,57.69668333333334,348.9607,1,16.2544,1,36.47214,1,1
sea057_20220707,2022-07-08T03:08:47Z,24.099633333333333,57.69656666666666,355.3178,1,15.6983,1,36.338474,1,1
sea057_20220707,2022-07-08T03:09:47Z,24.099750000000004,57.69646666666666,361.5196,1,15.2234,1,36.230053,1,1
sea057_20220707,2022-07-08T03:10:47Z,24.09985,57.69636666666667,367.4994,1,15.0836,1,36.22132,1,1
sea057_20220707,2022-07-08T03:11:47Z,24.099966666666667,57.6963,373.3903,1,15.1575,1,36.253677,1,1
sea057_20220707,2022-07-08T03:12:47Z,24.100083333333334,57.6962,379.2049,1,15.1438,1,36.243385,1,1
sea057_20220707,2022-07-08T03:13:47Z,24.100183333333334,57.696099999999994,385.1854,1,14.8547,1,36.181107,1,1
sea057_20220707,2022-07-08T03:14:47Z,24.1003,57.696000000000005,391.3168,1,14.5603,1,36.102985,1,1
sea057_20220707,2022-07-08T03:15:47Z,24.100416666666668,57.69591666666667,397.3807,1,14.4971,1,36.09119,1,1
sea057_20220707,2022-07-08T03:16:47Z,24.100533333333335,57.69583333333333,403.4905,1,14.4865,1,36.09224,1,1
sea057_20220707,2022-07-08T03:17:48Z,24.100650000000005,57.69575,409.5987,1,14.1687,1,36.028366,1,1
sea057_20220707,2022-07-08T03:18:48Z,24.10075,57.69563333333334,415.5829,1,14.1144,1,36.02089,1,1
sea057_20220707,2022-07-08T03:19:48Z,24.100849999999998,57.69553333333333,421.6224,1,13.9976,1,36.007908,1,1
sea057_20220707,2022-07-08T03:20:48Z,24.100949999999997,57.695416666666674,427.6918,1,13.9231,1,35.992153,1,1
sea057_20220707,2022-07-08T03:21:48Z,24.10105,57.69531666666667,433.7165,1,13.7818,1,35.97156,1,1
sea057_20220707,2022-07-08T03:22:48Z,24.10115,57.69520000000001,439.6956,1,13.7472,1,35.962925,1,1
sea057_20220707,2022-07-08T03:23:48Z,24.101249999999997,57.695100000000004,445.7353,1,13.6467,1,35.948708,1,1
sea057_20220707,2022-07-08T03:24:48Z,24.101350000000004,57.694983333333326,451.787,1,13.5103,1,35.926098,1,1
sea057_20220707,2022-07-08T03:25:48Z,24.10146666666667,57.694900000000004,457.7962,1,13.4679,1,35.922836,1,1
sea057_20220707,2022-07-08T03:26:48Z,24.101566666666667,57.6948,463.7771,1,13.3791,1,35.903534,1,1
sea057_20220707,2022-07-08T03:27:48Z,24.101699999999997,57.694716666666665,470.0187,1,13.3313,1,35.89969,1,1
sea057_20220707,2022-07-08T03:28:48Z,24.101816666666664,57.69463333333333,476.1154,1,13.2214,1,35.888817,1,1
sea057_20220707,2022-07-08T03:29:48Z,24.10193333333333,57.694533333333325,482.2258,1,13.1924,1,35.8852,1,1
sea057_20220707,2022-07-08T03:30:48Z,24.10203333333333,57.69441666666667,488.3273,1,13.122,1,35.87107,1,1
sea057_20220707,2022-07-08T03:31:48Z,24.102133333333335,57.694300000000005,494.2738,1,13.0471,1,35.8608,1,1
sea057_20220707,2022-07-08T03:32:48Z,24.102250000000005,57.6942,500.2957,1,13.0026,1,35.859783,1,1
sea057_20220707,2022-07-08T03:33:48Z,24.10235,57.6941,506.3825,1,12.9967,1,35.857384,1,1
sea057_20220707,2022-07-08T03:34:48Z,24.10246666666667,57.694,512.4489,1,12.9816,1,35.852238,1,1
sea057_20220707,2022-07-08T03:35:48Z,24.102583333333335,57.6939,518.4912,1,12.9242,1,35.8501,1,1
sea057_20220707,2022-07-08T03:36:48Z,24.102699999999995,57.69381666666666,524.5423,1,12.8833,1,35.84725,1,1
sea057_20220707,2022-07-08T03:37:48Z,24.102816666666666,57.69373333333333,530.4489,1,12.8591,1,35.836514,1,1
sea057_20220707,2022-07-08T03:38:48Z,24.102950000000003,57.69365,536.3133,1,12.7687,1,35.82921,1,1
sea057_20220707,2022-07-08T03:39:48Z,24.10306666666667,57.69355,542.2241,1,12.6915,1,35.81698,1,1
sea057_20220707,2022-07-08T03:40:48Z,24.103166666666667,57.69345,548.2455,1,12.6242,1,35.807827,1,1
sea057_20220707,2022-07-08T03:41:48Z,24.103266666666666,57.69333333333334,554.484,1,12.445,1,35.790012,1,1
sea057_20220707,2022-07-08T03:42:48Z,24.10336666666667,57.693216666666665,561.0361,1,12.3369,1,35.779747,1,1
sea057_20220707,2022-07-08T03:43:48Z,24.103433333333335,57.69318333333334,557.4944,1,12.3813,1,35.780277,1,1
sea057_20220707,2022-07-08T03:44:48Z,24.103533333333335,57.69306666666667,547.4821,1,12.6523,1,35.814228,1,1
sea057_20220707,2022-07-08T03:45:48Z,24.103650000000002,57.69295,541.1496,1,12.738,1,35.827366,1,1
sea057_20220707,2022-07-08T03:46:48Z,24.103749999999998,57.692833333333326,534.9624,1,12.8419,1,35.84064,1,1
sea057_20220707,2022-07-08T03:47:49Z,24.103850000000005,57.69273333333334,528.7944,1,12.866,1,35.845097,1,1
sea057_20220707,2022-07-08T03:48:49Z,24.10395,57.69263333333333,522.6149,1,12.9131,1,35.853046,1,1
sea057_20220707,2022-07-08T03:49:49Z,24.104066666666668,57.69251666666667,516.3159,1,12.9613,1,35.858547,1,1
sea057_20220707,2022-07-08T03:50:49Z,24.104166666666668,57.69241666666667,509.9566,1,12.967,1,35.859257,1,1
sea057_20220707,2022-07-08T03:51:49Z,24.104266666666664,57.692299999999996,503.692,1,13.0068,1,35.862827,1,1
sea057_20220707,2022-07-08T03:52:49Z,24.10436666666667,57.69218333333333,497.6024,1,13.0177,1,35.86994,1,1
sea057_20220707,2022-07-08T03:53:49Z,24.104449999999996,57.69208333333333,491.6209,1,13.0543,1,35.873142,1,1
sea057_20220707,2022-07-08T03:54:49Z,24.104550000000003,57.691966666666666,485.4858,1,13.1631,1,35.887074,1,1
sea057_20220707,2022-07-08T03:55:49Z,24.10463333333333,57.691833333333335,479.3539,1,13.2509,1,35.897587,1,1
sea057_20220707,2022-07-08T03:56:49Z,24.104716666666665,57.691716666666665,473.1193,1,13.2965,1,35.898125,1,1
sea057_20220707,2022-07-08T03:57:49Z,24.1048,57.691583333333334,466.8353,1,13.3256,1,35.908512,1,1
sea057_20220707,2022-07-08T03:58:49Z,24.104899999999997,57.69145,460.6952,1,13.3963,1,35.91347,1,1
sea057_20220707,2022-07-08T03:59:49Z,24.104983333333333,57.691333333333326,454.6942,1,13.4775,1,35.933094,1,1
sea057_20220707,2022-07-08T04:00:49Z,24.10508333333333,57.69121666666667,448.8021,1,13.4877,1,35.929546,1,1
sea057_20220707,2022-07-08T04:01:49Z,24.105183333333336,57.69113333333333,442.9929,1,13.5869,1,35.952606,1,1
sea057_20220707,2022-07-08T04:02:49Z,24.105283333333333,57.691033333333344,437.1533,1,13.6501,1,35.95701,1,1
sea057_20220707,2022-07-08T04:03:49Z,24.1054,57.69095000000001,431.355,1,13.7778,1,35.97846,1,1
sea057_20220707,2022-07-08T04:04:49Z,24.1055,57.69086666666667,425.6796,1,13.9764,1,36.011936,1,1
sea057_20220707,2022-07-08T04:05:49Z,24.105616666666666,57.690783333333336,419.9038,1,14.004,1,36.01868,1,1
sea057_20220707,2022-07-08T04:06:49Z,24.105716666666662,57.69068333333333,414.0547,1,14.0943,1,36.03001,1,1
sea057_20220707,2022-07-08T04:07:49Z,24.105833333333333,57.690599999999996,408.2833,1,14.1448,1,36.039448,1,1
sea057_20220707,2022-07-08T04:08:49Z,24.105933333333336,57.69050000000001,402.5679,1,14.3332,1,36.0718,1,1
sea057_20220707,2022-07-08T04:09:49Z,24.106033333333336,57.6904,396.7349,1,14.3798,1,36.085007,1,1
sea057_20220707,2022-07-08T04:10:49Z,24.106133333333332,57.69029999999999,390.8397,1,14.4223,1,36.08842,1,1
sea057_20220707,2022-07-08T04:11:49Z,24.10621666666667,57.69016666666666,384.9614,1,14.6641,1,36.1384,1,1
sea057_20220707,2022-07-08T04:12:49Z,24.1063,57.69005000000001,379.0917,1,14.7662,1,36.164017,1,1
sea057_20220707,2022-07-08T04:13:49Z,24.1064,57.68993333333333,372.9422,1,14.8818,1,36.184586,1,1
sea057_20220707,2022-07-08T04:14:49Z,24.106499999999997,57.68983333333334,366.387,1,15.0331,1,36.211678,1,1
sea057_20220707,2022-07-08T04:15:49Z,24.106616666666664,57.689733333333336,360.0481,1,15.1145,1,36.22816,1,1
sea057_20220707,2022-07-08T04:16:49Z,24.106733333333334,57.689633333333326,353.8886,1,15.2393,1,36.26305,1,1
sea057_20220707,2022-07-08T04:17:49Z,24.10683333333333,57.68954999999999,347.6819,1,15.5999,1,36.339252,1,1
sea057_20220707,2022-07-08T04:18:49Z,24.106949999999998,57.689466666666675,341.6122,1,15.9635,1,36.43368,1,1
sea057_20220707,2022-07-08T04:19:49Z,24.107066666666665,57.68938333333334,335.4987,1,16.3429,1,36.51523,1,1
sea057_20220707,2022-07-08T04:20:49Z,24.107183333333335,57.6893,329.4796,1,16.6196,1,36.573597,1,1
sea057_20220707,2022-07-08T04:21:50Z,24.10728333333333,57.68921666666667,323.5127,1,16.7165,1,36.595726,1,1
sea057_20220707,2022-07-08T04:22:50Z,24.1074,57.689150000000005,317.6785,1,16.8611,1,36.624863,1,1
sea057_20220707,2022-07-08T04:23:50Z,24.107499999999998,57.68906666666667,311.7086,1,17.1731,1,36.700165,1,1
sea057_20220707,2022-07-08T04:24:50Z,24.1076,57.688966666666666,305.4433,1,17.3942,1,36.75366,1,1
sea057_20220707,2022-07-08T04:25:50Z,24.10771666666667,57.68886666666667,299.0632,1,17.6725,1,36.83618,1,1
sea057_20220707,2022-07-08T04:26:50Z,24.10781666666667,57.68875,292.6912,1,18.6538,1,37.066086,1,1
sea057_20220707,2022-07-08T04:27:50Z,24.107933333333335,57.68865000000001,286.4651,1,19.2429,1,37.21066,1,1
sea057_20220707,2022-07-08T04:28:50Z,24.10801666666667,57.68855,280.2837,1,19.8097,1,37.3659,1,1
sea057_20220707,2022-07-08T04:29:50Z,24.108116666666668,57.68843333333333,274.2626,1,20.6037,1,37.53979,1,1
sea057_20220707,2022-07-08T04:30:50Z,24.108216666666667,57.68833333333334,268.2453,1,20.4728,1,37.40951,1,1
sea057_20220707,2022-07-08T04:31:50Z,24.108316666666664,57.68823333333333,262.2128,1,20.1532,1,37.27389,1,1
sea057_20220707,2022-07-08T04:32:50Z,24.108416666666667,57.68811666666667,256.1427,1,21.0669,1,37.5552,1,1
sea057_20220707,2022-07-08T04:33:50Z,24.108500000000003,57.68801666666666,250.1734,1,21.1554,1,37.554893,1,1
sea057_20220707,2022-07-08T04:34:50Z,24.108583333333332,57.68788333333334,244.2426,1,21.338,1,37.59504,1,1
sea057_20220707,2022-07-08T04:35:50Z,24.108666666666668,57.68776666666666,238.1562,1,21.694,1,37.65602,1,1
sea057_20220707,2022-07-08T04:36:50Z,24.108783333333335,57.68766666666667,231.9871,1,21.6725,1,37.633335,1,1
sea057_20220707,2022-07-08T04:37:50Z,24.10888333333333,57.68756666666666,225.8617,1,21.6178,1,37.59247,1,1
sea057_20220707,2022-07-08T04:38:50Z,24.10901666666667,57.68748333333333,219.8669,1,21.7228,1,37.54026,1,1
sea057_20220707,2022-07-08T04:39:50Z,24.10911666666667,57.687416666666664,214.1367,1,21.2453,1,37.319332,1,1
sea057_20220707,2022-07-08T04:40:50Z,24.109233333333336,57.68733333333333,208.7216,1,21.1043,1,37.22716,1,1
sea057_20220707,2022-07-08T04:41:50Z,24.109333333333332,57.68723333333334,203.2414,1,20.587,1,36.95803,1,1
sea057_20220707,2022-07-08T04:42:50Z,24.109416666666668,57.68711666666666,197.5047,1,20.9156,1,37.095108,1,1
sea057_20220707,2022-07-08T04:43:50Z,24.109516666666664,57.687000000000005,190.9818,1,22.9939,1,37.89854,1,1
sea057_20220707,2022-07-08T04:44:50Z,24.10963333333333,57.6869,184.4035,1,23.9318,1,38.159332,1,1
sea057_20220707,2022-07-08T04:45:50Z,24.109766666666662,57.686816666666665,177.7232,1,24.0164,1,38.168575,1,1
sea057_20220707,2022-07-08T04:46:50Z,24.109883333333332,57.686716666666676,171.0169,1,23.6676,1,37.95808,1,1
sea057_20220707,2022-07-08T04:47:51Z,24.109983333333336,57.6866,164.7887,1,23.5031,1,37.896557,1,1
sea057_20220707,2022-07-08T04:48:51Z,24.110066666666665,57.686483333333335,158.644,1,24.3436,1,38.14989,1,1
sea057_20220707,2022-07-08T04:49:51Z,24.110149999999997,57.686366666666665,152.5164,1,24.8283,1,38.290367,1,1
sea057_20220707,2022-07-08T04:50:51Z,24.110249999999997,57.68625,146.4141,1,25.1129,1,38.23893,1,1
sea057_20220707,2022-07-08T04:51:51Z,24.11035,57.686166666666665,140.6705,1,25.0972,1,38.08894,1,1
sea057_20220707,2022-07-08T04:52:51Z,24.11046666666667,57.68606666666666,134.9087,1,24.8187,1,37.90448,1,1
sea057_20220707,2022-07-08T04:53:51Z,24.110583333333338,57.685983333333326,128.9503,1,24.6161,1,37.813423,1,1
sea057_20220707,2022-07-08T04:54:51Z,24.110699999999998,57.68590000000001,122.4807,1,24.47,1,37.680866,1,1
sea057_20220707,2022-07-08T04:55:51Z,24.110816666666665,57.6858,116.2951,1,22.7475,1,36.86687,1,1
sea057_20220707,2022-07-08T04:56:51Z,24.11091666666667,57.68568333333333,110.6576,1,22.4807,1,36.71186,1,1
sea057_20220707,2022-07-08T04:57:51Z,24.111016666666668,57.685566666666666,104.5105,1,22.2466,1,36.533787,1,1
sea057_20220707,2022-07-08T04:58:51Z,24.111133333333335,57.68548333333333,98.8967,1,22.4778,1,36.5382,1,1
sea057_20220707,2022-07-08T04:59:51Z,24.111233333333335,57.68541666666667,93.4045,1,22.6563,1,36.561462,1,1
sea057_20220707,2022-07-08T05:00:51Z,24.11135,57.68533333333333,88.1775,1,22.868,1,36.559147,1,1
sea057_20220707,2022-07-08T05:01:51Z,24.111433333333334,57.685249999999996,82.7175,1,22.9927,1,36.55954,1,1
sea057_20220707,2022-07-08T05:02:51Z,24.111533333333334,57.68515000000001,77.0118,1,23.1084,1,36.565437,1,1
sea057_20220707,2022-07-08T05:03:51Z,24.11163333333333,57.68503333333333,70.8863,1,23.1907,1,36.553944,1,1
sea057_20220707,2022-07-08T05:04:51Z,24.111733333333337,57.68491666666667,64.7563,1,23.3092,1,36.555195,1,1
sea057_20220707,2022-07-08T05:05:51Z,24.111833333333333,57.68481666666666,58.691,1,23.3978,1,36.559944,1,1
sea057_20220707,2022-07-08T05:06:51Z,24.11191666666667,57.68470000000001,52.6212,1,23.4827,1,36.55056,1,1
sea057_20220707,2022-07-08T05:07:51Z,24.112,57.68456666666666,46.5402,1,23.7025,1,36.557552,1,1
sea057_20220707,2022-07-08T05:08:51Z,24.1121,57.68445,40.6059,1,23.9037,1,36.560146,1,1
sea057_20220707,2022-07-08T05:09:51Z,24.112199999999998,57.68436666666666,34.9294,1,24.2272,1,36.551903,1,1
sea057_20220707,2022-07-08T05:10:51Z,24.112299999999998,57.68426666666666,29.3771,1,24.8198,1,36.541607,1,1
sea057_20220707,2022-07-08T05:11:51Z,24.1124,57.68418333333334,23.9973,1,26.6169,1,36.60115,1,1
sea057_20220707,2022-07-08T05:12:51Z,24.11245,57.684066666666666,19.1593,1,29.5565,1,36.786526,1,1
sea057_20220707,2022-07-08T05:13:51Z,24.11251666666667,57.683966666666656,13.6315,1,31.8649,1,36.9914,1,1
sea057_20220707,2022-07-08T05:14:51Z,24.112599999999997,57.68386666666667,7.275,1,31.8704,1,36.994347,1,1
sea057_20220707,2022-07-08T05:15:51Z,24.112616666666668,57.68381666666667,1.9627,1,31.8654,1,37.002247,1,1
sea057_20220707,2022-07-08T05:16:52Z,24.112616666666668,57.68381666666667,1.8516,1,31.8521,1,36.99002,1,1
sea057_20220707,2022-07-08T05:17:52Z,24.112616666666668,57.68381666666667,2.1005,1,31.8587,1,36.99379,1,1
sea057_20220707,2022-07-08T05:18:51Z,24.107733333333332,57.69755,1.9074,1,31.8614,1,36.99409,1,1
sea057_20220707,2022-07-08T05:19:51Z,24.107733333333332,57.69755,2.1145,1,31.8769,1,37.001465,1,1
sea057_20220707,2022-07-08T05:20:51Z,24.10756666666667,57.697500000000005,2.0026,1,31.8717,1,37.000168,1,1
sea057_20220707,2022-07-08T05:21:52Z,24.10755,57.697466666666664,1.5978,1,31.8878,1,36.99536,1,1
sea057_20220707,2022-07-08T05:22:52Z,24.10758333333333,57.69753333333333,6.1545,1,31.8901,1,36.997875,1,1
sea057_20220707,2022-07-08T05:23:52Z,24.10771666666667,57.69766666666666,15.5877,1,31.8357,1,36.97887,1,1
sea057_20220707,2022-07-08T05:24:52Z,24.10785,57.69761666666667,23.2623,1,26.7328,1,36.538322,1,1
sea057_20220707,2022-07-08T05:25:52Z,24.107966666666666,57.69755,29.6881,1,25.004,1,36.537872,1,1
sea057_20220707,2022-07-08T05:26:52Z,24.108066666666666,57.697449999999996,36.8088,1,24.0893,1,36.537533,1,1
sea057_20220707,2022-07-08T05:27:52Z,24.108166666666662,57.6973,44.3384,1,23.826,1,36.545616,1,1
sea057_20220707,2022-07-08T05:28:52Z,24.108249999999998,57.69716666666667,51.1921,1,23.5638,1,36.53857,1,1
sea057_20220707,2022-07-08T05:29:52Z,24.108350000000005,57.69703333333334,57.8739,1,23.4297,1,36.53432,1,1
sea057_20220707,2022-07-08T05:30:52Z,24.108466666666665,57.69693333333333,64.4387,1,23.347,1,36.54943,1,1
sea057_20220707,2022-07-08T05:31:52Z,24.108583333333332,57.69681666666667,71.1371,1,23.308,1,36.554024,1,1
sea057_20220707,2022-07-08T05:32:52Z,24.108683333333335,57.69669999999999,77.7219,1,23.133,1,36.546383,1,1
sea057_20220707,2022-07-08T05:33:52Z,24.108816666666666,57.696600000000004,84.0556,1,22.975,1,36.5311,1,1
sea057_20220707,2022-07-08T05:34:52Z,24.108933333333333,57.6965,90.1842,1,22.75,1,36.528458,1,1
sea057_20220707,2022-07-08T05:35:52Z,24.109033333333333,57.6964,96.4756,1,22.5415,1,36.527332,1,1
sea057_20220707,2022-07-08T05:36:52Z,24.109099999999998,57.696266666666666,102.5013,1,22.3893,1,36.51215,1,1
sea057_20220707,2022-07-08T05:37:52Z,24.10918333333333,57.696133333333336,108.594,1,22.4317,1,36.640797,1,1
sea057_20220707,2022-07-08T05:38:52Z,24.109266666666667,57.696033333333325,114.573,1,22.4177,1,36.660393,1,1
sea057_20220707,2022-07-08T05:39:52Z,24.109366666666666,57.6959,120.7963,1,24.4078,1,37.734726,1,1
sea057_20220707,2022-07-08T05:40:52Z,24.10945,57.69578333333334,126.3007,1,24.6177,1,37.786232,1,1
sea057_20220707,2022-07-08T05:41:52Z,24.109533333333335,57.69566666666666,132.1429,1,24.6777,1,37.821434,1,1
sea057_20220707,2022-07-08T05:42:52Z,24.10961666666667,57.695550000000004,137.9796,1,25.135,1,38.069336,1,1
sea057_20220707,2022-07-08T05:43:52Z,24.109716666666667,57.69545,143.4883,1,25.1138,1,38.16943,1,1
sea057_20220707,2022-07-08T05:44:52Z,24.109783333333333,57.69533333333334,148.6397,1,25.145,1,38.308517,1,1
sea057_20220707,2022-07-08T05:45:52Z,24.10986666666667,57.69521666666666,154.1659,1,24.7438,1,38.27147,1,1
sea057_20220707,2022-07-08T05:46:52Z,24.109950000000005,57.695100000000004,160.1602,1,23.9763,1,37.985767,1,1
sea057_20220707,2022-07-08T05:47:52Z,24.11003333333333,57.694983333333326,166.0043,1,23.3793,1,37.83091,1,1
sea057_20220707,2022-07-08T05:48:52Z,24.110116666666666,57.69486666666667,171.9522,1,24.1506,1,38.19488,1,1
sea057_20220707,2022-07-08T05:49:52Z,24.110200000000003,57.694750000000006,177.7793,1,24.2139,1,38.234615,1,1
sea057_20220707,2022-07-08T05:50:52Z,24.110283333333335,57.69463333333333,183.5441,1,23.5518,1,38.00836,1,1
sea057_20220707,2022-07-08T05:51:52Z,24.110366666666664,57.69451666666667,189.4564,1,23.256,1,37.92153,1,1
sea057_20220707,2022-07-08T05:52:52Z,24.11045,57.69438333333333,195.5655,1,22.7955,1,37.727978,1,1
sea057_20220707,2022-07-08T05:53:53Z,24.110516666666665,57.694266666666664,201.6438,1,20.7232,1,37.006268,1,1
sea057_20220707,2022-07-08T05:54:53Z,24.11061666666667,57.69413333333333,208.2735,1,21.0749,1,37.20513,1,1
sea057_20220707,2022-07-08T05:55:53Z,24.11071666666667,57.69401666666666,215.0042,1,21.688,1,37.468,1,1
sea057_20220707,2022-07-08T05:56:53Z,24.110816666666665,57.693916666666674,220.7161,1,22.2303,1,37.716267,1,1
sea057_20220707,2022-07-08T05:57:53Z,24.11091666666667,57.693799999999996,226.6337,1,21.6989,1,37.603493,1,1
sea057_20220707,2022-07-08T05:58:53Z,24.110983333333333,57.693666666666665,232.6471,1,21.7535,1,37.629616,1,1
sea057_20220707,2022-07-08T05:59:53Z,24.11106666666667,57.69355,238.7579,1,21.753,1,37.63955,1,1
sea057_20220707,2022-07-08T06:00:53Z,24.11115,57.69343333333333,244.8321,1,21.2937,1,37.562843,1,1
sea057_20220707,2022-07-08T06:01:53Z,24.111266666666666,57.69331666666667,251.2292,1,21.2636,1,37.584137,1,1
sea057_20220707,2022-07-08T06:02:53Z,24.11136666666666,57.6932,257.5467,1,20.916,1,37.497955,1,1
sea057_20220707,2022-07-08T06:03:53Z,24.111483333333332,57.6931,263.5661,1,20.5043,1,37.369946,1,1
sea057_20220707,2022-07-08T06:04:53Z,24.111583333333336,57.693,269.6045,1,20.6988,1,37.51547,1,1
sea057_20220707,2022-07-08T06:05:53Z,24.111666666666665,57.692899999999995,275.4319,1,20.4741,1,37.468258,1,1
sea057_20220707,2022-07-08T06:06:53Z,24.111766666666668,57.69278333333333,281.1632,1,19.8812,1,37.32361,1,1
sea057_20220707,2022-07-08T06:07:53Z,24.111849999999997,57.692666666666675,286.7069,1,19.3937,1,37.220013,1,1
sea057_20220707,2022-07-08T06:08:53Z,24.11195,57.69255,292.7392,1,18.6326,1,37.027573,1,1
sea057_20220707,2022-07-08T06:09:53Z,24.112033333333336,57.69243333333334,298.9182,1,18.3807,1,36.968784,1,1
sea057_20220707,2022-07-08T06:10:53Z,24.112133333333336,57.692299999999996,305.1436,1,17.6346,1,36.79207,1,1
sea057_20220707,2022-07-08T06:11:53Z,24.112233333333332,57.69218333333333,311.4728,1,17.3406,1,36.726837,1,1
sea057_20220707,2022-07-08T06:12:53Z,24.11231666666667,57.69205,317.7407,1,17.1368,1,36.664898,1,1
sea057_20220707,2022-07-08T06:13:53Z,24.112416666666665,57.69191666666667,324.1393,1,16.9709,1,36.6298,1,1
sea057_20220707,2022-07-08T06:14:53Z,24.1125,57.691783333333326,330.266,1,16.7899,1,36.573833,1,1
sea057_20220707,2022-07-08T06:15:53Z,24.112583333333337,57.69166666666667,336.5047,1,16.3738,1,36.498146,1,1
sea057_20220707,2022-07-08T06:16:53Z,24.11266666666667,57.69153333333334,342.4836,1,15.6456,1,36.30605,1,1
sea057_20220707,2022-07-08T06:17:53Z,24.11275,57.69140000000001,348.2588,1,15.3349,1,36.255768,1,1
sea057_20220707,2022-07-08T06:18:53Z,24.112833333333334,57.69128333333333,354.0025,1,15.1924,1,36.2258,1,1
sea057_20220707,2022-07-08T06:19:53Z,24.11293333333333,57.69118333333333,359.8489,1,15.0885,1,36.203495,1,1
sea057_20220707,2022-07-08T06:20:53Z,24.113033333333338,57.69108333333334,365.6822,1,14.9979,1,36.18628,1,1
sea057_20220707,2022-07-08T06:21:53Z,24.113133333333334,57.69098333333333,371.6825,1,14.9326,1,36.167233,1,1
sea057_20220707,2022-07-08T06:22:53Z,24.11325,57.69086666666667,377.6776,1,14.7577,1,36.13884,1,1
sea057_20220707,2022-07-08T06:23:53Z,24.11335,57.690749999999994,383.6852,1,14.5886,1,36.099472,1,1
sea057_20220707,2022-07-08T06:24:53Z,24.113449999999997,57.690650000000005,389.5636,1,14.4541,1,36.090496,1,1
sea057_20220707,2022-07-08T06:25:53Z,24.11355,57.69053333333333,396.024,1,14.2783,1,36.052677,1,1
sea057_20220707,2022-07-08T06:26:53Z,24.11365,57.69041666666667,402.5449,1,14.2604,1,36.049187,1,1
sea057_20220707,2022-07-08T06:27:53Z,24.113749999999996,57.69028333333334,409.1398,1,14.1351,1,36.027164,1,1
sea057_20220707,2022-07-08T06:28:53Z,24.113833333333332,57.69016666666666,415.2218,1,14.1172,1,36.021236,1,1
sea057_20220707,2022-07-08T06:29:53Z,24.11393333333333,57.69005000000001,421.1394,1,14.0961,1,36.024883,1,1
sea057_20220707,2022-07-08T06:30:53Z,24.114,57.68993333333333,426.8906,1,13.8773,1,35.97941,1,1
sea057_20220707,2022-07-08T06:31:54Z,24.11408333333333,57.689816666666665,432.5681,1,13.6895,1,35.947487,1,1
sea057_20220707,2022-07-08T06:32:54Z,24.114166666666666,57.689699999999995,438.6583,1,13.6241,1,35.941372,1,1
sea057_20220707,2022-07-08T06:33:54Z,24.114283333333333,57.689600000000006,444.9837,1,13.5357,1,35.924545,1,1
sea057_20220707,2022-07-08T06:34:54Z,24.11436666666667,57.68953333333334,451.3805,1,13.4526,1,35.915627,1,1
sea057_20220707,2022-07-08T06:35:54Z,24.114483333333336,57.689433333333334,457.7846,1,13.3569,1,35.90135,1,1
sea057_20220707,2022-07-08T06:36:54Z,24.114600000000003,57.68933333333333,464.1127,1,13.2982,1,35.894917,1,1
sea057_20220707,2022-07-08T06:37:54Z,24.114750000000004,57.689183333333325,470.5454,1,13.2854,1,35.89365,1,1
sea057_20220707,2022-07-08T06:38:54Z,24.114866666666664,57.68909999999999,476.8243,1,13.1788,1,35.884274,1,1
sea057_20220707,2022-07-08T06:39:54Z,24.11498333333333,57.68898333333333,483.0595,1,13.0852,1,35.87291,1,1
sea057_20220707,2022-07-08T06:40:54Z,24.115083333333338,57.68888333333333,489.3356,1,13.0191,1,35.862637,1,1
sea057_20220707,2022-07-08T06:41:54Z,24.115199999999998,57.688766666666666,495.6808,1,13.0044,1,35.858696,1,1
sea057_20220707,2022-07-08T06:42:54Z,24.1153,57.68865000000001,502.0056,1,12.9894,1,35.85705,1,1
sea057_20220707,2022-07-08T06:43:54Z,24.1154,57.68853333333333,508.1292,1,12.9278,1,35.850254,1,1
sea057_20220707,2022-07-08T06:44:54Z,24.115499999999997,57.68841666666667,513.9286,1,12.9254,1,35.84239,1,1
sea057_20220707,2022-07-08T06:45:54Z,24.115583333333333,57.6883,519.7075,1,12.896,1,35.845802,1,1
sea057_20220707,2022-07-08T06:46:54Z,24.115666666666666,57.68820000000001,525.4898,1,12.7979,1,35.833035,1,1
sea057_20220707,2022-07-08T06:47:54Z,24.115750000000002,57.688066666666664,531.5646,1,12.6771,1,35.817795,1,1
sea057_20220707,2022-07-08T06:48:54Z,24.11583333333333,57.68793333333333,537.5745,1,12.6347,1,35.81224,1,1
sea057_20220707,2022-07-08T06:49:54Z,24.115916666666667,57.6878,543.6657,1,12.564,1,35.80267,1,1
sea057_20220707,2022-07-08T06:50:54Z,24.116016666666663,57.68768333333334,549.7526,1,12.5283,1,35.795773,1,1
sea057_20220707,2022-07-08T06:51:54Z,24.116116666666667,57.687583333333336,555.8464,1,12.5075,1,35.795338,1,1
sea057_20220707,2022-07-08T06:52:54Z,24.116216666666666,57.68751666666667,560.7297,1,12.4624,1,35.791626,1,1
sea057_20220707,2022-07-08T06:53:54Z,24.116300000000003,57.68748333333333,554.3872,1,12.4916,1,35.798477,1,1
sea057_20220707,2022-07-08T06:54:54Z,24.11641666666667,57.68738333333334,547.3205,1,12.5341,1,35.798332,1,1
sea057_20220707,2022-07-08T06:55:54Z,24.116533333333336,57.687266666666666,541.2673,1,12.6081,1,35.813915,1,1
sea057_20220707,2022-07-08T06:56:54Z,24.116633333333333,57.68716666666666,535.1872,1,12.6459,1,35.82195,1,1
sea057_20220707,2022-07-08T06:57:54Z,24.116750000000003,57.68706666666667,529.1716,1,12.7001,1,35.82534,1,1
sea057_20220707,2022-07-08T06:58:54Z,24.11685,57.68698333333334,523.2213,1,12.7879,1,35.83349,1,1
sea057_20220707,2022-07-08T06:59:54Z,24.116966666666666,57.68688333333333,517.1566,1,12.8735,1,35.842342,1,1
sea057_20220707,2022-07-08T07:00:54Z,24.117083333333333,57.68678333333334,511.2591,1,12.8905,1,35.848698,1,1
sea057_20220707,2022-07-08T07:01:54Z,24.117183333333333,57.686683333333335,505.4007,1,12.9494,1,35.85804,1,1
sea057_20220707,2022-07-08T07:02:54Z,24.11728333333333,57.68656666666667,499.5533,1,12.9819,1,35.861927,1,1
sea057_20220707,2022-07-08T07:03:54Z,24.117383333333336,57.68646666666667,493.8265,1,13.0145,1,35.863274,1,1
sea057_20220707,2022-07-08T07:04:55Z,24.117483333333332,57.686366666666665,488.1609,1,13.0775,1,35.870857,1,1
sea057_20220707,2022-07-08T07:05:55Z,24.117583333333332,57.686266666666675,482.6232,1,13.1355,1,35.878387,1,1
sea057_20220707,2022-07-08T07:06:55Z,24.117683333333336,57.68618333333334,477.0728,1,13.2172,1,35.888626,1,1
sea057_20220707,2022-07-08T07:07:55Z,24.117800000000003,57.6861,470.9951,1,13.255,1,35.89342,1,1
sea057_20220707,2022-07-08T07:08:55Z,24.117900000000002,57.686,464.557,1,13.3124,1,35.906265,1,1
sea057_20220707,2022-07-08T07:09:55Z,24.11801666666667,57.68590000000001,458.3131,1,13.4112,1,35.918438,1,1
sea057_20220707,2022-07-08T07:10:55Z,24.118116666666666,57.6858,452.1553,1,13.4986,1,35.93125,1,1
sea057_20220707,2022-07-08T07:11:55Z,24.118216666666665,57.685716666666664,446.1829,1,13.6048,1,35.943947,1,1
sea057_20220707,2022-07-08T07:12:55Z,24.118333333333332,57.685633333333335,440.1344,1,13.6573,1,35.96176,1,1
sea057_20220707,2022-07-08T07:13:55Z,24.11845,57.68555,434.0472,1,13.7336,1,35.97123,1,1
sea057_20220707,2022-07-08T07:14:55Z,24.118549999999995,57.68545000000001,427.9379,1,13.867,1,35.99558,1,1
sea057_20220707,2022-07-08T07:15:55Z,24.118650000000002,57.68535,421.8201,1,14.0339,1,36.02318,1,1
sea057_20220707,2022-07-08T07:16:55Z,24.11873333333333,57.685249999999996,415.7735,1,14.0818,1,36.023464,1,1
sea057_20220707,2022-07-08T07:17:55Z,24.118816666666664,57.68513333333333,409.6502,1,14.1,1,36.03184,1,1
sea057_20220707,2022-07-08T07:18:55Z,24.1189,57.68500000000001,403.5243,1,14.1465,1,36.03838,1,1
sea057_20220707,2022-07-08T07:19:55Z,24.118983333333336,57.68488333333333,397.3073,1,14.2253,1,36.05385,1,1
sea057_20220707,2022-07-08T07:20:55Z,24.11906666666666,57.68476666666667,390.9788,1,14.4486,1,36.09875,1,1
sea057_20220707,2022-07-08T07:21:55Z,24.11916666666667,57.68465,384.7255,1,14.5838,1,36.11627,1,1
sea057_20220707,2022-07-08T07:22:55Z,24.119250000000005,57.684533333333334,378.5254,1,14.7756,1,36.15721,1,1
sea057_20220707,2022-07-08T07:23:55Z,24.11935,57.68441666666666,372.4563,1,14.8502,1,36.17285,1,1
sea057_20220707,2022-07-08T07:24:55Z,24.119449999999997,57.68431666666667,366.4641,1,14.971,1,36.1961,1,1
sea057_20220707,2022-07-08T07:25:55Z,24.119549999999997,57.684216666666664,360.4113,1,15.1492,1,36.236927,1,1
sea057_20220707,2022-07-08T07:26:55Z,24.11965,57.68411666666666,354.2321,1,15.285,1,36.272224,1,1
sea057_20220707,2022-07-08T07:27:55Z,24.11975,57.68401666666667,348.0464,1,15.5907,1,36.334198,1,1
sea057_20220707,2022-07-08T07:28:55Z,24.119866666666667,57.68391666666666,341.8578,1,15.8279,1,36.392723,1,1
sea057_20220707,2022-07-08T07:29:55Z,24.119983333333334,57.68383333333333,335.7317,1,16.2391,1,36.489063,1,1
sea057_20220707,2022-07-08T07:30:55Z,24.120083333333334,57.683733333333336,329.4108,1,16.4595,1,36.53337,1,1
sea057_20220707,2022-07-08T07:31:55Z,24.1202,57.68363333333333,322.9722,1,16.7379,1,36.605194,1,1
sea057_20220707,2022-07-08T07:32:55Z,24.120316666666668,57.68353333333333,316.6162,1,17.121,1,36.693054,1,1
sea057_20220707,2022-07-08T07:33:55Z,24.120433333333335,57.68344999999999,310.1755,1,17.2187,1,36.717148,1,1
sea057_20220707,2022-07-08T07:34:55Z,24.120533333333334,57.68333333333333,303.8369,1,17.4007,1,36.753258,1,1
sea057_20220707,2022-07-08T07:35:55Z,24.120616666666667,57.683216666666674,297.5794,1,17.8301,1,36.86604,1,1
sea057_20220707,2022-07-08T07:36:55Z,24.120716666666667,57.683099999999996,291.3021,1,18.2665,1,36.98043,1,1
sea057_20220707,2022-07-08T07:37:56Z,24.1208,57.682966666666665,285.068,1,19.1001,1,37.17797,1,1
sea057_20220707,2022-07-08T07:38:56Z,24.120883333333335,57.682849999999995,278.8745,1,19.5403,1,37.30094,1,1
sea057_20220707,2022-07-08T07:39:56Z,24.120966666666664,57.68273333333333,272.8126,1,20.1427,1,37.425385,1,1
sea057_20220707,2022-07-08T07:40:56Z,24.121033333333337,57.6826,266.7503,1,20.4764,1,37.46992,1,1
sea057_20220707,2022-07-08T07:41:56Z,24.121116666666662,57.68248333333333,260.8495,1,20.8233,1,37.558273,1,1
sea057_20220707,2022-07-08T07:42:56Z,24.121199999999998,57.68236666666667,254.874,1,21.1276,1,37.60402,1,1
sea057_20220707,2022-07-08T07:43:56Z,24.121283333333334,57.68225,248.9476,1,21.0669,1,37.552982,1,1
sea057_20220707,2022-07-08T07:44:56Z,24.12136666666667,57.68211666666666,243.0558,1,21.1746,1,37.579006,1,1
sea057_20220707,2022-07-08T07:45:56Z,24.121449999999996,57.682,237.0405,1,21.3948,1,37.597927,1,1
sea057_20220707,2022-07-08T07:46:56Z,24.121533333333332,57.68186666666667,230.8907,1,21.6632,1,37.654167,1,1
sea057_20220707,2022-07-08T07:47:56Z,24.121633333333328,57.68176666666667,224.8543,1,21.6778,1,37.629868,1,1
sea057_20220707,2022-07-08T07:48:56Z,24.121733333333335,57.681650000000005,218.9445,1,22.1466,1,37.77789,1,1
sea057_20220707,2022-07-08T07:49:56Z,24.12183333333333,57.68155,213.2604,1,22.1144,1,37.633102,1,1
sea057_20220707,2022-07-08T07:50:56Z,24.12193333333333,57.681466666666665,207.3769,1,21.1509,1,37.278202,1,1
sea057_20220707,2022-07-08T07:51:56Z,24.122049999999998,57.68135,201.4413,1,21.3798,1,37.40101,1,1
sea057_20220707,2022-07-08T07:52:56Z,24.122166666666665,57.68126666666667,195.5035,1,22.6043,1,37.75365,1,1
sea057_20220707,2022-07-08T07:53:56Z,24.122283333333332,57.68118333333334,188.9623,1,23.3134,1,37.973408,1,1
sea057_20220707,2022-07-08T07:54:56Z,24.122400000000003,57.681083333333326,182.3313,1,23.6028,1,38.070072,1,1
sea057_20220707,2022-07-08T07:55:56Z,24.12251666666667,57.68098333333334,175.9153,1,23.7294,1,38.09826,1,1
sea057_20220707,2022-07-08T07:56:56Z,24.122600000000002,57.68084999999999,169.7194,1,23.6143,1,37.962936,1,1
sea057_20220707,2022-07-08T07:57:56Z,24.12268333333333,57.680733333333336,163.6455,1,23.9105,1,38.019978,1,1
sea057_20220707,2022-07-08T07:58:56Z,24.122766666666667,57.68061666666667,157.6407,1,23.4609,1,37.750164,1,1
sea057_20220707,2022-07-08T07:59:56Z,24.122850000000003,57.68048333333333,151.5367,1,24.4047,1,38.06581,1,1
sea057_20220707,2022-07-08T08:00:56Z,24.122933333333336,57.68036666666667,145.239,1,24.514,1,38.00815,1,1
sea057_20220707,2022-07-08T08:01:56Z,24.123033333333336,57.680249999999994,139.0004,1,24.556,1,37.944557,1,1
sea057_20220707,2022-07-08T08:02:56Z,24.12313333333333,57.68013333333333,132.8858,1,24.9168,1,37.95404,1,1
sea057_20220707,2022-07-08T08:03:56Z,24.123199999999997,57.68,127.2938,1,24.5813,1,37.746136,1,1
sea057_20220707,2022-07-08T08:04:56Z,24.123283333333333,57.67988333333333,121.0979,1,24.3429,1,37.64191,1,1
sea057_20220707,2022-07-08T08:05:56Z,24.123366666666666,57.679766666666666,115.2335,1,21.8097,1,36.506287,1,1
sea057_20220707,2022-07-08T08:06:56Z,24.12343333333333,57.679633333333335,109.8457,1,21.9411,1,36.51418,1,1
sea057_20220707,2022-07-08T08:07:57Z,24.123499999999996,57.679516666666665,103.9333,1,22.0048,1,36.509754,1,1
sea057_20220707,2022-07-08T08:08:57Z,24.123583333333332,57.67936666666666,97.9392,1,22.231,1,36.460537,1,1
sea057_20220707,2022-07-08T08:09:57Z,24.12366666666667,57.67926666666667,92.3217,1,22.5596,1,36.500427,1,1
sea057_20220707,2022-07-08T08:10:57Z,24.123766666666665,57.67916666666667,86.8068,1,22.8842,1,36.552494,1,1
sea057_20220707,2022-07-08T08:11:57Z,24.12385,57.679066666666664,81.4423,1,23.0792,1,36.573193,1,1
sea057_20220707,2022-07-08T08:12:57Z,24.123933333333337,57.67895,75.7929,1,23.2016,1,36.572174,1,1
sea057_20220707,2022-07-08T08:13:57Z,24.124016666666662,57.67883333333332,69.9003,1,23.3201,1,36.592957,1,1
sea057_20220707,2022-07-08T08:14:57Z,24.1241,57.678716666666666,63.9682,1,23.4022,1,36.593803,1,1
sea057_20220707,2022-07-08T08:15:57Z,24.124200000000005,57.6786,58.0772,1,23.4516,1,36.58261,1,1
sea057_20220707,2022-07-08T08:16:57Z,24.12428333333333,57.67848333333333,52.0627,1,23.5344,1,36.560062,1,1
sea057_20220707,2022-07-08T08:17:57Z,24.124383333333338,57.67835,45.6016,1,23.7303,1,36.558586,1,1
sea057_20220707,2022-07-08T08:18:57Z,24.124466666666663,57.67823333333334,39.3884,1,23.8717,1,36.522484,1,1
sea057_20220707,2022-07-08T08:19:57Z,24.12456666666667,57.678133333333335,33.6456,1,24.3955,1,36.548058,1,1
sea057_20220707,2022-07-08T08:20:57Z,24.124649999999995,57.67801666666666,28.0922,1,24.7808,1,36.548237,1,1
sea057_20220707,2022-07-08T08:21:57Z,24.12473333333333,57.6779,22.0181,1,25.6485,1,36.575317,1,1
sea057_20220707,2022-07-08T08:22:57Z,24.124799999999997,57.67778333333334,17.1798,1,30.4291,1,36.9629,1,1
sea057_20220707,2022-07-08T08:23:57Z,24.12483333333333,57.6777,12.9985,1,31.8797,1,36.963882,1,1
sea057_20220707,2022-07-08T08:24:57Z,24.124916666666664,57.6776,7.4755,1,31.78,1,36.994583,1,1
sea057_20220707,2022-07-08T08:25:57Z,24.124916666666664,57.67758333333333,1.3045,1,31.9693,1,36.98416,1,1
sea057_20220707,2022-07-08T08:26:57Z,24.119933333333332,57.68848333333334,1.8613,1,31.9584,1,36.98226,1,1
sea057_20220707,2022-07-08T08:27:57Z,24.119933333333332,57.688449999999996,2.1181,1,31.9651,1,36.972427,1,1
sea057_20220707,2022-07-08T08:28:57Z,24.119883333333338,57.68836666666666,2.0137,1,31.983,1,36.971985,1,1
sea057_20220707,2022-07-08T08:29:57Z,24.119866666666667,57.68821666666666,2.1969,1,31.9821,1,36.97542,1,1
sea057_20220707,2022-07-08T08:30:57Z,24.119866666666667,57.68821666666666,1.4139,1,32.0074,1,36.98585,1,1
sea057_20220707,2022-07-08T08:31:57Z,24.119883333333338,57.68833333333334,10.041,1,31.9235,1,36.979145,1,1
sea057_20220707,2022-07-08T08:32:57Z,24.12005,57.68841666666667,19.0751,1,27.9413,1,36.542282,1,1
sea057_20220707,2022-07-08T08:33:57Z,24.1202,57.68835000000001,25.7176,1,24.9523,1,36.557003,1,1
sea057_20220707,2022-07-08T08:34:57Z,24.120283333333337,57.688283333333324,32.9881,1,24.5267,1,36.54298,1,1
sea057_20220707,2022-07-08T08:35:57Z,24.120400000000004,57.68816666666667,39.96,1,23.9773,1,36.52651,1,1
sea057_20220707,2022-07-08T08:36:57Z,24.1205,57.688050000000004,46.8996,1,23.853,1,36.53594,1,1
sea057_20220707,2022-07-08T08:37:57Z,24.1206,57.68791666666666,53.6342,1,23.6201,1,36.546165,1,1
sea057_20220707,2022-07-08T08:38:57Z,24.120683333333332,57.68778333333333,60.3423,1,23.4729,1,36.566113,1,1
sea057_20220707,2022-07-08T08:39:57Z,24.120783333333332,57.68766666666667,66.7519,1,23.4224,1,36.569595,1,1
sea057_20220707,2022-07-08T08:40:57Z,24.120883333333335,57.68753333333334,73.1766,1,23.2386,1,36.55403,1,1
sea057_20220707,2022-07-08T08:41:57Z,24.120966666666664,57.687416666666664,79.5796,1,23.1359,1,36.559315,1,1
sea057_20220707,2022-07-08T08:42:57Z,24.12105,57.687266666666666,85.9793,1,23.1124,1,36.58553,1,1
sea057_20220707,2022-07-08T08:43:57Z,24.121149999999997,57.68715,92.3359,1,22.7297,1,36.507465,1,1
sea057_20220707,2022-07-08T08:44:57Z,24.12125,57.68703333333333,98.2638,1,22.4039,1,36.466244,1,1
sea057_20220707,2022-07-08T08:45:58Z,24.12135,57.686933333333336,104.2458,1,22.1423,1,36.49276,1,1
sea057_20220707,2022-07-08T08:46:58Z,24.121449999999996,57.686816666666665,110.352,1,21.8632,1,36.481438,1,1
sea057_20220707,2022-07-08T08:47:58Z,24.121550000000003,57.686716666666676,116.7828,1,22.5807,1,36.85813,1,1
sea057_20220707,2022-07-08T08:48:58Z,24.12166666666667,57.686616666666666,122.984,1,24.6239,1,37.753635,1,1
sea057_20220707,2022-07-08T08:49:58Z,24.12178333333333,57.686499999999995,129.0429,1,24.6091,1,37.737534,1,1
sea057_20220707,2022-07-08T08:50:58Z,24.121899999999997,57.686400000000006,135.1905,1,23.1091,1,37.265648,1,1
sea057_20220707,2022-07-08T08:51:58Z,24.122000000000003,57.686299999999996,141.1994,1,23.924,1,37.67148,1,1
sea057_20220707,2022-07-08T08:52:58Z,24.12211666666667,57.68619999999999,147.1509,1,24.3482,1,37.97043,1,1
sea057_20220707,2022-07-08T08:53:58Z,24.1222,57.6861,152.9701,1,23.8817,1,37.8562,1,1
sea057_20220707,2022-07-08T08:54:58Z,24.122283333333332,57.68596666666667,158.6506,1,23.9898,1,38.030617,1,1
sea057_20220707,2022-07-08T08:55:58Z,24.12238333333333,57.68586666666667,164.2273,1,24.1801,1,38.163628,1,1
sea057_20220707,2022-07-08T08:56:58Z,24.122483333333335,57.68578333333333,169.9689,1,23.8584,1,38.04442,1,1
sea057_20220707,2022-07-08T08:57:58Z,24.122583333333335,57.68568333333333,176.036,1,23.6044,1,38.008247,1,1
sea057_20220707,2022-07-08T08:58:58Z,24.12268333333333,57.685566666666666,181.9034,1,23.6418,1,38.063232,1,1
sea057_20220707,2022-07-08T08:59:58Z,24.122766666666667,57.68545000000001,187.905,1,23.5724,1,38.051933,1,1
sea057_20220707,2022-07-08T09:00:58Z,24.122866666666663,57.68535,193.9375,1,23.6344,1,38.090008,1,1
sea057_20220707,2022-07-08T09:01:58Z,24.12295,57.685249999999996,199.8577,1,23.0455,1,37.877365,1,1
sea057_20220707,2022-07-08T09:02:58Z,24.123066666666666,57.68515000000001,205.7011,1,22.0525,1,37.577183,1,1
sea057_20220707,2022-07-08T09:03:58Z,24.123166666666666,57.68506666666667,211.7207,1,21.726,1,37.503593,1,1
sea057_20220707,2022-07-08T09:04:58Z,24.123283333333333,57.68496666666667,217.629,1,21.8345,1,37.591393,1,1
sea057_20220707,2022-07-08T09:05:58Z,24.123366666666666,57.68486666666666,223.3702,1,21.8569,1,37.65819,1,1
sea057_20220707,2022-07-08T09:06:58Z,24.12343333333333,57.684733333333334,228.9185,1,21.7314,1,37.639935,1,1
sea057_20220707,2022-07-08T09:07:58Z,24.123516666666667,57.68463333333334,234.7675,1,21.4592,1,37.564026,1,1
sea057_20220707,2022-07-08T09:08:58Z,24.123616666666667,57.68451666666667,240.9367,1,21.3929,1,37.58894,1,1
sea057_20220707,2022-07-08T09:09:58Z,24.1237,57.68438333333334,247.2668,1,21.2472,1,37.598515,1,1
sea057_20220707,2022-07-08T09:10:58Z,24.1238,57.68428333333333,253.6553,1,21.1348,1,37.610813,1,1
sea057_20220707,2022-07-08T09:11:58Z,24.123933333333337,57.68416666666667,259.7946,1,20.7168,1,37.459415,1,1
sea057_20220707,2022-07-08T09:12:58Z,24.124033333333333,57.684066666666666,265.8133,1,20.4023,1,37.420612,1,1
sea057_20220707,2022-07-08T09:13:59Z,24.12413333333333,57.683966666666656,271.6802,1,20.2501,1,37.42581,1,1
sea057_20220707,2022-07-08T09:14:59Z,24.124200000000005,57.68383333333333,278.2028,1,19.6425,1,37.277225,1,1
sea057_20220707,2022-07-08T09:15:59Z,24.1243,57.68371666666667,284.2602,1,19.2721,1,37.19029,1,1
sea057_20220707,2022-07-08T09:16:59Z,24.12441666666667,57.68363333333333,290.2029,1,18.8889,1,37.097446,1,1
sea057_20220707,2022-07-08T09:17:59Z,24.12451666666667,57.68355,295.9883,1,17.8956,1,36.845127,1,1
sea057_20220707,2022-07-08T09:18:59Z,24.124616666666665,57.68344999999999,302.2529,1,17.5447,1,36.77943,1,1
sea057_20220707,2022-07-08T09:19:59Z,24.124716666666668,57.68333333333333,308.5869,1,17.5006,1,36.767033,1,1
sea057_20220707,2022-07-08T09:20:59Z,24.124799999999997,57.683216666666674,315.0035,1,17.0392,1,36.648205,1,1
sea057_20220707,2022-07-08T09:21:59Z,24.124883333333333,57.68308333333333,321.5449,1,16.5873,1,36.535908,1,1
sea057_20220707,2022-07-08T09:22:59Z,24.12496666666667,57.68295,327.7588,1,16.1983,1,36.455437,1,1
sea057_20220707,2022-07-08T09:23:59Z,24.12503333333333,57.682833333333335,333.689,1,15.9952,1,36.418724,1,1
sea057_20220707,2022-07-08T09:24:59Z,24.125116666666667,57.682716666666664,339.7962,1,15.8441,1,36.372932,1,1
sea057_20220707,2022-07-08T09:25:59Z,24.125216666666667,57.682616666666675,346.0438,1,15.516,1,36.304165,1,1
sea057_20220707,2022-07-08T09:26:59Z,24.125333333333334,57.682516666666665,352.2018,1,15.3992,1,36.275303,1,1
sea057_20220707,2022-07-08T09:27:59Z,24.12543333333333,57.68241666666666,358.4804,1,15.2738,1,36.24819,1,1
sea057_20220707,2022-07-08T09:28:59Z,24.125549999999997,57.68231666666667,364.8132,1,15.1276,1,36.206585,1,1
sea057_20220707,2022-07-08T09:29:59Z,24.125650000000004,57.68221666666667,371.1046,1,14.8979,1,36.170788,1,1
sea057_20220707,2022-07-08T09:30:59Z,24.125766666666664,57.68213333333333,377.4785,1,14.7236,1,36.12948,1,1
sea057_20220707,2022-07-08T09:31:59Z,24.12588333333333,57.68203333333333,383.9053,1,14.4815,1,36.082127,1,1
sea057_20220707,2022-07-08T09:32:59Z,24.125999999999998,57.68193333333333,390.2737,1,14.4513,1,36.07687,1,1
sea057_20220707,2022-07-08T09:33:59Z,24.126099999999997,57.68181666666666,396.5865,1,14.2605,1,36.044315,1,1
sea057_20220707,2022-07-08T09:34:59Z,24.126183333333334,57.6817,402.7401,1,14.1705,1,36.0318,1,1
sea057_20220707,2022-07-08T09:35:59Z,24.126283333333337,57.68158333333334,408.8291,1,14.1576,1,36.03107,1,1
sea057_20220707,2022-07-08T09:36:59Z,24.126366666666666,57.681466666666665,414.956,1,14.0157,1,35.998463,1,1
sea057_20220707,2022-07-08T09:37:59Z,24.12645,57.68135,421.1414,1,13.9885,1,36.001415,1,1
sea057_20220707,2022-07-08T09:38:59Z,24.126549999999998,57.68125,427.2642,1,13.9334,1,35.99394,1,1
sea057_20220707,2022-07-08T09:39:59Z,24.126633333333334,57.68111666666667,433.2736,1,13.8203,1,35.96273,1,1
sea057_20220707,2022-07-08T09:40:59Z,24.12673333333333,57.681016666666665,439.1617,1,13.6867,1,35.94509,1,1
sea057_20220707,2022-07-08T09:41:59Z,24.126816666666667,57.6809,445.0166,1,13.6398,1,35.941776,1,1
sea057_20220707,2022-07-08T09:42:59Z,24.126916666666663,57.6808,450.8582,1,13.6234,1,35.940533,1,1
sea057_20220707,2022-07-08T09:43:59Z,24.12701666666667,57.680699999999995,456.5946,1,13.5651,1,35.933815,1,1
sea057_20220707,2022-07-08T09:44:59Z,24.127116666666666,57.68061666666667,462.5288,1,13.5083,1,35.91726,1,1
sea057_20220707,2022-07-08T09:45:59Z,24.127233333333333,57.68053333333334,468.6661,1,13.4173,1,35.91255,1,1
sea057_20220707,2022-07-08T09:46:59Z,24.12735,57.68043333333333,474.9136,1,13.3595,1,35.905743,1,1
sea057_20220707,2022-07-08T09:47:59Z,24.12746666666667,57.68033333333333,481.163,1,13.3438,1,35.901436,1,1
sea057_20220707,2022-07-08T09:49:00Z,24.127566666666667,57.68021666666667,487.2731,1,13.2934,1,35.895073,1,1
sea057_20220707,2022-07-08T09:50:00Z,24.127650000000003,57.680099999999996,493.2845,1,13.2412,1,35.88672,1,1
sea057_20220707,2022-07-08T09:51:00Z,24.12775,57.67998333333333,499.2564,1,13.2178,1,35.88218,1,1
sea057_20220707,2022-07-08T09:52:00Z,24.12785,57.679866666666676,505.2613,1,13.1815,1,35.877136,1,1
sea057_20220707,2022-07-08T09:53:00Z,24.127950000000002,57.679766666666666,511.3713,1,13.1373,1,35.87615,1,1
sea057_20220707,2022-07-08T09:54:00Z,24.12806666666667,57.67968333333333,517.5793,1,13.1037,1,35.873955,1,1
sea057_20220707,2022-07-08T09:55:00Z,24.12818333333333,57.67956666666667,523.7353,1,13.0098,1,35.8556,1,1
sea057_20220707,2022-07-08T09:56:00Z,24.128283333333336,57.67946666666667,530.0121,1,12.9342,1,35.849182,1,1
sea057_20220707,2022-07-08T09:57:00Z,24.128400000000003,57.67936666666666,536.1463,1,12.8702,1,35.841175,1,1
sea057_20220707,2022-07-08T09:58:00Z,24.1285,57.67925,542.2918,1,12.8347,1,35.839855,1,1
sea057_20220707,2022-07-08T09:59:00Z,24.1286,57.67915,548.4027,1,12.7495,1,35.82876,1,1
sea057_20220707,2022-07-08T10:00:00Z,24.128700000000002,57.67903333333334,554.6512,1,12.5466,1,35.804836,1,1
sea057_20220707,2022-07-08T10:01:00Z,24.128800000000002,57.67891666666666,560.8908,1,12.45,1,35.792233,1,1
sea057_20220707,2022-07-08T10:02:00Z,24.128899999999998,57.6788,566.9347,1,12.3769,1,35.78365,1,1
sea057_20220707,2022-07-08T10:03:00Z,24.128983333333334,57.67866666666667,572.7993,1,12.3123,1,35.771748,1,1
sea057_20220707,2022-07-08T10:04:00Z,24.12906666666667,57.678549999999994,578.7812,1,12.2552,1,35.77129,1,1
sea057_20220707,2022-07-08T10:05:00Z,24.129149999999996,57.67843333333334,584.8798,1,12.1503,1,35.748928,1,1
sea057_20220707,2022-07-08T10:06:00Z,24.129250000000003,57.67830000000001,590.9321,1,12.0638,1,35.745934,1,1
sea057_20220707,2022-07-08T10:07:00Z,24.12933333333334,57.67816666666666,597.0049,1,11.9963,1,35.743927,1,1
sea057_20220707,2022-07-08T10:08:00Z,24.129416666666664,57.67805,603.1358,1,11.9664,1,35.7356,1,1
sea057_20220707,2022-07-08T10:09:00Z,24.12951666666667,57.67791666666667,609.5043,1,11.9635,1,35.727707,1,1
sea057_20220707,2022-07-08T10:10:00Z,24.129583333333336,57.67778333333334,615.8087,1,11.9604,1,35.73427,1,1
sea057_20220707,2022-07-08T10:11:00Z,24.129683333333332,57.67766666666667,616.6976,1,11.9664,1,35.733883,1,1
sea057_20220707,2022-07-08T10:12:00Z,24.129749999999998,57.67758333333333,607.6227,1,11.9669,1,35.733624,1,1
sea057_20220707,2022-07-08T10:13:00Z,24.129866666666665,57.677433333333326,600.6645,1,11.9778,1,35.737663,1,1
sea057_20220707,2022-07-08T10:14:00Z,24.129966666666665,57.67733333333334,594.9127,1,12.0193,1,35.74818,1,1
sea057_20220707,2022-07-08T10:15:00Z,24.130049999999997,57.677233333333334,589.3066,1,12.1082,1,35.75036,1,1
sea057_20220707,2022-07-08T10:16:00Z,24.130133333333333,57.67711666666667,583.4777,1,12.2413,1,35.76645,1,1
sea057_20220707,2022-07-08T10:17:00Z,24.13023333333333,57.677,577.1072,1,12.2566,1,35.76773,1,1
sea057_20220707,2022-07-08T10:18:00Z,24.130333333333336,57.676883333333336,570.7093,1,12.3639,1,35.781013,1,1
sea057_20220707,2022-07-08T10:19:00Z,24.130433333333333,57.67674999999999,564.2314,1,12.4483,1,35.79664,1,1
sea057_20220707,2022-07-08T10:20:00Z,24.130533333333332,57.676633333333335,557.8715,1,12.5823,1,35.811356,1,1
sea057_20220707,2022-07-08T10:21:00Z,24.13065,57.67651666666667,551.5404,1,12.7237,1,35.82824,1,1
sea057_20220707,2022-07-08T10:22:00Z,24.130749999999995,57.676399999999994,545.2656,1,12.8105,1,35.838493,1,1
sea057_20220707,2022-07-08T10:23:01Z,24.13083333333333,57.67628333333334,539.0718,1,12.864,1,35.84511,1,1
sea057_20220707,2022-07-08T10:24:01Z,24.130916666666668,57.67615000000001,532.9957,1,12.921,1,35.851868,1,1
sea057_20220707,2022-07-08T10:25:01Z,24.131000000000004,57.67603333333333,527.0557,1,12.9741,1,35.856007,1,1
sea057_20220707,2022-07-08T10:26:01Z,24.13108333333333,57.67591666666667,521.0339,1,13.0465,1,35.86919,1,1
sea057_20220707,2022-07-08T10:27:01Z,24.131166666666665,57.67578333333333,514.994,1,13.0981,1,35.872623,1,1
sea057_20220707,2022-07-08T10:28:01Z,24.13125,57.67565,508.9118,1,13.1134,1,35.877747,1,1
sea057_20220707,2022-07-08T10:29:01Z,24.131316666666667,57.67551666666667,502.8773,1,13.1807,1,35.884876,1,1
sea057_20220707,2022-07-08T10:30:01Z,24.1314,57.675383333333336,496.8345,1,13.2011,1,35.88687,1,1
sea057_20220707,2022-07-08T10:31:01Z,24.1315,57.67526666666666,490.8699,1,13.2619,1,35.894997,1,1
sea057_20220707,2022-07-08T10:32:01Z,24.131616666666666,57.67516666666667,484.8662,1,13.2934,1,35.90149,1,1
sea057_20220707,2022-07-08T10:33:01Z,24.131716666666662,57.675066666666666,478.9003,1,13.3381,1,35.905853,1,1
sea057_20220707,2022-07-08T10:34:01Z,24.13181666666667,57.67495,473.105,1,13.3755,1,35.919155,1,1
sea057_20220707,2022-07-08T10:35:01Z,24.131900000000005,57.67483333333333,467.1066,1,13.3875,1,35.915184,1,1
sea057_20220707,2022-07-08T10:36:01Z,24.132,57.67471666666667,460.5642,1,13.4579,1,35.929535,1,1
sea057_20220707,2022-07-08T10:37:01Z,24.132099999999998,57.67459999999999,454.2908,1,13.5307,1,35.93502,1,1
sea057_20220707,2022-07-08T10:38:01Z,24.132199999999997,57.6745,448.0515,1,13.602,1,35.9426,1,1
sea057_20220707,2022-07-08T10:39:01Z,24.1323,57.67438333333333,441.8613,1,13.6548,1,35.955975,1,1
sea057_20220707,2022-07-08T10:40:01Z,24.132383333333337,57.67426666666667,435.5494,1,13.713,1,35.961384,1,1
sea057_20220707,2022-07-08T10:41:01Z,24.132466666666666,57.67413333333334,429.2134,1,13.7873,1,35.973835,1,1
sea057_20220707,2022-07-08T10:42:01Z,24.13256666666667,57.67401666666667,422.9971,1,13.905,1,35.9945,1,1
sea057_20220707,2022-07-08T10:43:01Z,24.132649999999998,57.6739,416.9137,1,13.9719,1,36.006546,1,1
sea057_20220707,2022-07-08T10:44:01Z,24.13273333333333,57.673783333333326,410.9384,1,14.0879,1,36.029873,1,1
sea057_20220707,2022-07-08T10:45:01Z,24.132816666666667,57.67366666666667,405.0422,1,14.1519,1,36.0372,1,1
sea057_20220707,2022-07-08T10:46:01Z,24.132900000000003,57.673566666666666,399.1361,1,14.3212,1,36.070183,1,1
sea057_20220707,2022-07-08T10:47:01Z,24.132983333333332,57.67345,393.3184,1,14.4045,1,36.0833,1,1
sea057_20220707,2022-07-08T10:48:01Z,24.133066666666664,57.673333333333325,387.4598,1,14.5103,1,36.102123,1,1
sea057_20220707,2022-07-08T10:49:01Z,24.13315,57.67321666666667,381.7038,1,14.5867,1,36.12123,1,1
sea057_20220707,2022-07-08T10:50:01Z,24.133216666666666,57.673100000000005,376.017,1,14.777,1,36.156876,1,1
sea057_20220707,2022-07-08T10:51:01Z,24.133300000000002,57.672983333333335,370.4042,1,14.9236,1,36.191986,1,1
sea057_20220707,2022-07-08T10:52:01Z,24.133366666666667,57.672883333333324,364.6966,1,15.054,1,36.219776,1,1
sea057_20220707,2022-07-08T10:53:01Z,24.13345,57.67276666666667,358.8268,1,15.1725,1,36.247086,1,1
sea057_20220707,2022-07-08T10:54:01Z,24.133533333333336,57.67263333333334,352.9895,1,15.2793,1,36.26497,1,1
sea057_20220707,2022-07-08T10:55:02Z,24.133616666666665,57.672533333333334,347.2574,1,15.4332,1,36.298298,1,1
sea057_20220707,2022-07-08T10:56:02Z,24.13371666666667,57.67243333333332,341.594,1,15.559,1,36.323788,1,1
sea057_20220707,2022-07-08T10:57:02Z,24.133816666666668,57.67235000000001,335.8306,1,15.593,1,36.33709,1,1
sea057_20220707,2022-07-08T10:58:02Z,24.133916666666664,57.67225,330.1623,1,15.8836,1,36.405376,1,1
sea057_20220707,2022-07-08T10:59:02Z,24.13401666666667,57.672149999999995,324.4849,1,16.1468,1,36.467354,1,1
sea057_20220707,2022-07-08T11:00:02Z,24.134116666666667,57.672050000000006,318.8316,1,16.4646,1,36.538692,1,1
sea057_20220707,2022-07-08T11:01:02Z,24.134200000000003,57.67195,313.0809,1,16.8544,1,36.627396,1,1
sea057_20220707,2022-07-08T11:02:02Z,24.1343,57.67183333333334,307.1187,1,17.1735,1,36.706127,1,1
sea057_20220707,2022-07-08T11:03:02Z,24.134383333333336,57.67171666666666,300.8006,1,17.2649,1,36.727173,1,1
sea057_20220707,2022-07-08T11:04:02Z,24.134483333333332,57.67158333333334,294.3363,1,17.8843,1,36.879585,1,1
sea057_20220707,2022-07-08T11:05:02Z,24.134566666666668,57.67146666666666,287.9879,1,18.3633,1,37.04668,1,1
sea057_20220707,2022-07-08T11:06:02Z,24.134650000000004,57.67133333333333,281.7325,1,19.1605,1,37.174614,1,1
sea057_20220707,2022-07-08T11:07:02Z,24.13475,57.671216666666666,275.7519,1,19.3737,1,37.23257,1,1
sea057_20220707,2022-07-08T11:08:02Z,24.134833333333336,57.671099999999996,269.6837,1,19.8729,1,37.353565,1,1
sea057_20220707,2022-07-08T11:09:02Z,24.134916666666662,57.67098333333333,263.6977,1,20.0788,1,37.41027,1,1
sea057_20220707,2022-07-08T11:10:02Z,24.13501666666667,57.67085,257.6287,1,20.3227,1,37.432556,1,1
sea057_20220707,2022-07-08T11:11:02Z,24.135100000000005,57.67075,251.7382,1,20.7588,1,37.522068,1,1
sea057_20220707,2022-07-08T11:12:02Z,24.13518333333333,57.67061666666667,246.0449,1,20.9625,1,37.55285,1,1
sea057_20220707,2022-07-08T11:13:02Z,24.135266666666666,57.67049999999999,240.4198,1,21.1138,1,37.56228,1,1
sea057_20220707,2022-07-08T11:14:02Z,24.135350000000003,57.6704,234.7019,1,21.1613,1,37.549557,1,1
sea057_20220707,2022-07-08T11:15:02Z,24.13546666666667,57.670316666666665,229.043,1,21.2109,1,37.55435,1,1
sea057_20220707,2022-07-08T11:16:02Z,24.135583333333336,57.670233333333336,222.9657,1,21.4956,1,37.60781,1,1
sea057_20220707,2022-07-08T11:17:02Z,24.135699999999996,57.67011666666667,216.3424,1,21.9774,1,37.756836,1,1
sea057_20220707,2022-07-08T11:18:02Z,24.135816666666663,57.67001666666667,209.9106,1,22.4096,1,37.784615,1,1
sea057_20220707,2022-07-08T11:19:02Z,24.135933333333334,57.66991666666666,203.5058,1,21.9362,1,37.62261,1,1
sea057_20220707,2022-07-08T11:20:02Z,24.13605,57.66981666666667,197.063,1,21.2496,1,37.279705,1,1
sea057_20220707,2022-07-08T11:21:02Z,24.136166666666668,57.669716666666666,190.8595,1,21.1377,1,37.228657,1,1
sea057_20220707,2022-07-08T11:22:02Z,24.136266666666664,57.66960000000001,184.8808,1,22.3784,1,37.640507,1,1
sea057_20220707,2022-07-08T11:23:02Z,24.13635,57.6695,179.0563,1,22.4975,1,37.651608,1,1
sea057_20220707,2022-07-08T11:24:02Z,24.13645,57.66938333333333,172.9418,1,24.8047,1,38.530308,1,1
sea057_20220707,2022-07-08T11:25:02Z,24.136533333333333,57.669266666666665,166.8505,1,24.3281,1,38.395927,1,1
sea057_20220707,2022-07-08T11:26:02Z,24.136599999999998,57.66915000000001,161.2689,1,23.8671,1,38.09216,1,1
sea057_20220707,2022-07-08T11:27:02Z,24.136683333333334,57.66903333333333,155.7508,1,23.1243,1,37.558544,1,1
sea057_20220707,2022-07-08T11:28:02Z,24.13678333333333,57.66893333333334,150.2697,1,23.6367,1,37.74098,1,1
sea057_20220707,2022-07-08T11:29:03Z,24.136883333333337,57.66883333333333,144.0936,1,23.5596,1,37.60688,1,1
sea057_20220707,2022-07-08T11:30:03Z,24.136999999999997,57.66873333333333,137.7545,1,22.7269,1,37.195084,1,1
sea057_20220707,2022-07-08T11:31:03Z,24.137116666666664,57.66863333333334,131.547,1,22.7244,1,37.09848,1,1
sea057_20220707,2022-07-08T11:32:03Z,24.13723333333333,57.668533333333336,125.6323,1,21.6341,1,36.566204,1,1
sea057_20220707,2022-07-08T11:33:03Z,24.13735,57.66845,119.6633,1,21.6123,1,36.479782,1,1
sea057_20220707,2022-07-08T11:34:03Z,24.137449999999998,57.66833333333334,113.6227,1,21.7093,1,36.464523,1,1
sea057_20220707,2022-07-08T11:35:03Z,24.13755,57.66823333333333,107.7332,1,21.9975,1,36.487648,1,1
sea057_20220707,2022-07-08T11:36:03Z,24.13765,57.66811666666668,101.8821,1,22.129,1,36.47068,1,1
sea057_20220707,2022-07-08T11:37:03Z,24.137749999999997,57.66801666666667,96.218,1,22.4943,1,36.502266,1,1
sea057_20220707,2022-07-08T11:38:03Z,24.137850000000004,57.66791666666666,90.3531,1,22.6781,1,36.544712,1,1
sea057_20220707,2022-07-08T11:39:03Z,24.137966666666664,57.667816666666674,83.9507,1,22.9952,1,36.58894,1,1
sea057_20220707,2022-07-08T11:40:03Z,24.13808333333333,57.66773333333334,77.4047,1,23.0785,1,36.581646,1,1
sea057_20220707,2022-07-08T11:41:03Z,24.138199999999998,57.667633333333335,70.9323,1,23.2936,1,36.605667,1,1
sea057_20220707,2022-07-08T11:42:03Z,24.138299999999997,57.66751666666667,64.586,1,23.2941,1,36.561928,1,1
sea057_20220707,2022-07-08T11:43:03Z,24.138433333333335,57.667433333333335,58.236,1,23.4039,1,36.572567,1,1
sea057_20220707,2022-07-08T11:44:03Z,24.138550000000002,57.66733333333333,52.0983,1,23.5598,1,36.57284,1,1
sea057_20220707,2022-07-08T11:45:03Z,24.13865,57.66723333333333,46.1165,1,23.7114,1,36.569683,1,1
sea057_20220707,2022-07-08T11:46:03Z,24.138733333333334,57.667116666666665,40.1995,1,23.9493,1,36.558643,1,1
sea057_20220707,2022-07-08T11:47:03Z,24.13883333333333,57.66700000000001,34.3868,1,24.1062,1,36.546246,1,1
sea057_20220707,2022-07-08T11:48:03Z,24.138916666666667,57.666900000000005,28.4282,1,24.5702,1,36.55571,1,1
sea057_20220707,2022-07-08T11:49:03Z,24.139016666666667,57.666799999999995,23.2192,1,25.5636,1,36.577946,1,1
sea057_20220707,2022-07-08T11:50:03Z,24.1391,57.66671666666666,18.189,1,29.0095,1,36.775726,1,1
sea057_20220707,2022-07-08T11:51:03Z,24.139183333333335,57.66663333333333,13.5246,1,32.02,1,36.968086,1,1
sea057_20220707,2022-07-08T11:52:03Z,24.13923333333333,57.66655000000001,8.8679,1,32.2747,1,37.008347,1,1
sea057_20220707,2022-07-08T11:53:03Z,24.13928333333333,57.6665,2.1753,1,32.3245,1,37.04279,1,1
sea057_20220707,2022-07-08T11:54:03Z,24.134,57.67606666666667,2.3368,1,32.2923,1,37.026867,1,1
sea057_20220707,2022-07-08T11:55:03Z,24.13403333333333,57.67601666666666,2.1202,1,32.3025,1,37.015564,1,1
sea057_20220707,2022-07-08T11:56:03Z,24.134050000000002,57.67581666666667,2.1873,1,32.3071,1,37.024315,1,1
sea057_20220707,2022-07-08T11:57:03Z,24.134050000000002,57.67581666666667,2.1175,1,32.2808,1,37.053856,1,1
sea057_20220707,2022-07-08T11:58:03Z,24.134083333333333,57.67563333333332,2.0808,1,32.3228,1,37.027767,1,1
sea057_20220707,2022-07-08T11:59:03Z,24.134099999999997,57.67565,4.5527,1,32.3396,1,37.034653,1,1
sea057_20220707,2022-07-08T12:00:03Z,24.13426666666667,57.67573333333333,14.0823,1,32.0401,1,36.979984,1,1
sea057_20220707,2022-07-08T12:01:03Z,24.134416666666667,57.67568333333334,22.1265,1,25.9845,1,36.587082,1,1
sea057_20220707,2022-07-08T12:02:03Z,24.134483333333332,57.6756,28.5167,1,24.7571,1,36.537685,1,1
sea057_20220707,2022-07-08T12:03:03Z,24.134566666666668,57.67548333333334,35.5288,1,24.1799,1,36.54254,1,1
sea057_20220707,2022-07-08T12:04:03Z,24.134666666666664,57.675383333333336,42.1072,1,23.9288,1,36.5475,1,1
sea057_20220707,2022-07-08T12:05:03Z,24.134783333333335,57.67526666666666,48.9022,1,23.7113,1,36.552692,1,1
sea057_20220707,2022-07-08T12:06:03Z,24.13488333333333,57.67515,55.1604,1,23.5251,1,36.556263,1,1
sea057_20220707,2022-07-08T12:07:03Z,24.134966666666667,57.67501666666667,61.4016,1,23.4242,1,36.56391,1,1
sea057_20220707,2022-07-08T12:08:03Z,24.135033333333332,57.674899999999994,67.8616,1,23.3441,1,36.580353,1,1
sea057_20220707,2022-07-08T12:09:04Z,24.135116666666665,57.67476666666666,74.2946,1,23.2533,1,36.59058,1,1
sea057_20220707,2022-07-08T12:10:04Z,24.135216666666665,57.67463333333333,80.6215,1,23.063,1,36.57136,1,1
sea057_20220707,2022-07-08T12:11:04Z,24.135299999999997,57.67451666666666,86.9788,1,22.9825,1,36.61522,1,1
sea057_20220707,2022-07-08T12:12:04Z,24.135416666666668,57.6744,93.3208,1,22.6792,1,36.547955,1,1
sea057_20220707,2022-07-08T12:13:04Z,24.135516666666664,57.674299999999995,99.447,1,22.1257,1,36.442814,1,1
sea057_20220707,2022-07-08T12:14:04Z,24.13563333333333,57.674200000000006,105.2481,1,21.99,1,36.460575,1,1
sea057_20220707,2022-07-08T12:15:04Z,24.13573333333333,57.674099999999996,111.2332,1,21.7825,1,36.44951,1,1
sea057_20220707,2022-07-08T12:16:04Z,24.135833333333334,57.67399999999999,117.2665,1,21.5385,1,36.45055,1,1
sea057_20220707,2022-07-08T12:17:04Z,24.13595,57.6739,123.2001,1,21.6875,1,36.550095,1,1
sea057_20220707,2022-07-08T12:18:04Z,24.13605,57.6738,129.4029,1,21.7631,1,36.676422,1,1
sea057_20220707,2022-07-08T12:19:04Z,24.136149999999997,57.67369999999999,135.2162,1,22.4579,1,37.048473,1,1
sea057_20220707,2022-07-08T12:20:04Z,24.136250000000004,57.6736,140.8831,1,23.0047,1,37.356606,1,1
sea057_20220707,2022-07-08T12:21:04Z,24.13635,57.67346666666667,146.9596,1,23.3116,1,37.55643,1,1
sea057_20220707,2022-07-08T12:22:04Z,24.136416666666666,57.673333333333325,153.0683,1,22.4813,1,37.36548,1,1
sea057_20220707,2022-07-08T12:23:04Z,24.13651666666666,57.673199999999994,159.5141,1,23.715,1,37.94655,1,1
sea057_20220707,2022-07-08T12:24:04Z,24.136633333333332,57.673100000000005,165.6632,1,24.6788,1,38.50596,1,1
sea057_20220707,2022-07-08T12:25:04Z,24.136733333333336,57.673,171.7111,1,25.0273,1,38.604,1,1
sea057_20220707,2022-07-08T12:26:04Z,24.136833333333335,57.672883333333324,177.2508,1,22.725,1,38.02997,1,1
sea057_20220707,2022-07-08T12:27:04Z,24.1369,57.67276666666667,183.0516,1,22.4568,1,37.665207,1,1
sea057_20220707,2022-07-08T12:28:04Z,24.136983333333333,57.672650000000004,189.0537,1,21.1643,1,37.21449,1,1
sea057_20220707,2022-07-08T12:29:04Z,24.13705,57.672533333333334,195.078,1,20.6316,1,37.144287,1,1
sea057_20220707,2022-07-08T12:30:04Z,24.13715,57.67241666666667,201.1341,1,20.7151,1,37.20791,1,1
sea057_20220707,2022-07-08T12:31:04Z,24.13723333333333,57.67231666666667,207.1385,1,22.1458,1,37.75642,1,1
sea057_20220707,2022-07-08T12:32:04Z,24.137316666666667,57.672216666666664,212.863,1,21.7785,1,37.672733,1,1
sea057_20220707,2022-07-08T12:33:04Z,24.137416666666663,57.6721,218.4713,1,21.4499,1,37.569653,1,1
sea057_20220707,2022-07-08T12:34:04Z,24.1375,57.672,224.1403,1,21.0542,1,37.475677,1,1
sea057_20220707,2022-07-08T12:35:04Z,24.137583333333335,57.671883333333334,229.9876,1,21.1628,1,37.537632,1,1
sea057_20220707,2022-07-08T12:36:04Z,24.13768333333333,57.67178333333333,235.9251,1,21.2551,1,37.60218,1,1
sea057_20220707,2022-07-08T12:37:04Z,24.137766666666668,57.67165,241.7192,1,20.9563,1,37.54725,1,1
sea057_20220707,2022-07-08T12:38:04Z,24.137850000000004,57.671533333333336,247.4535,1,20.3346,1,37.363483,1,1
sea057_20220707,2022-07-08T12:39:04Z,24.13793333333333,57.67143333333333,253.1463,1,20.3318,1,37.421894,1,1
sea057_20220707,2022-07-08T12:40:04Z,24.138016666666665,57.67131666666668,258.8233,1,20.147,1,37.39872,1,1
sea057_20220707,2022-07-08T12:41:05Z,24.138116666666665,57.6712,264.7148,1,19.9638,1,37.365738,1,1
sea057_20220707,2022-07-08T12:42:05Z,24.13821666666667,57.671099999999996,270.7165,1,19.5841,1,37.253143,1,1
sea057_20220707,2022-07-08T12:43:05Z,24.138299999999997,57.670966666666665,276.6515,1,19.1983,1,37.169884,1,1
sea057_20220707,2022-07-08T12:44:05Z,24.1384,57.67085,282.855,1,18.9109,1,37.09334,1,1
sea057_20220707,2022-07-08T12:45:05Z,24.1385,57.67073333333333,288.8455,1,18.3056,1,36.953117,1,1
sea057_20220707,2022-07-08T12:46:05Z,24.138599999999997,57.67061666666667,294.8052,1,17.5795,1,36.76214,1,1
sea057_20220707,2022-07-08T12:47:05Z,24.138700000000004,57.67049999999999,301.0233,1,17.2701,1,36.71101,1,1
sea057_20220707,2022-07-08T12:48:05Z,24.1388,57.6704,307.2415,1,16.8669,1,36.607536,1,1
sea057_20220707,2022-07-08T12:49:05Z,24.138899999999996,57.6703,313.4526,1,16.6427,1,36.562607,1,1
sea057_20220707,2022-07-08T12:50:05Z,24.139000000000003,57.670183333333334,319.6136,1,16.4834,1,36.523907,1,1
sea057_20220707,2022-07-08T12:51:05Z,24.1391,57.670100000000005,325.68,1,16.0891,1,36.43764,1,1
sea057_20220707,2022-07-08T12:52:05Z,24.139216666666666,57.669999999999995,331.806,1,15.9256,1,36.397003,1,1
sea057_20220707,2022-07-08T12:53:05Z,24.139333333333337,57.669900000000005,337.9617,1,15.6764,1,36.33233,1,1
sea057_20220707,2022-07-08T12:54:05Z,24.139433333333333,57.6698,344.0924,1,15.525,1,36.306526,1,1
sea057_20220707,2022-07-08T12:55:05Z,24.13951666666667,57.66966666666667,350.212,1,15.2291,1,36.23722,1,1
sea057_20220707,2022-07-08T12:56:05Z,24.139583333333334,57.66953333333333,356.5249,1,15.1819,1,36.222603,1,1
sea057_20220707,2022-07-08T12:57:05Z,24.13968333333333,57.669399999999996,362.89,1,15.0596,1,36.202183,1,1
sea057_20220707,2022-07-08T12:58:05Z,24.139766666666667,57.669266666666665,369.2328,1,14.989,1,36.186127,1,1
sea057_20220707,2022-07-08T12:59:05Z,24.139850000000003,57.669133333333335,375.5647,1,14.7637,1,36.13718,1,1
sea057_20220707,2022-07-08T13:00:05Z,24.13995,57.66901666666666,381.6189,1,14.6571,1,36.124153,1,1
sea057_20220707,2022-07-08T13:01:05Z,24.140033333333335,57.6689,387.8313,1,14.6266,1,36.120342,1,1
sea057_20220707,2022-07-08T13:02:05Z,24.140116666666668,57.66876666666667,394.0154,1,14.4561,1,36.0865,1,1
sea057_20220707,2022-07-08T13:03:05Z,24.140216666666667,57.66864999999999,400.2426,1,14.3725,1,36.070465,1,1
sea057_20220707,2022-07-08T13:04:05Z,24.140316666666664,57.668533333333336,406.2239,1,14.1888,1,36.034798,1,1
sea057_20220707,2022-07-08T13:05:05Z,24.14041666666667,57.66841666666666,412.0803,1,14.0724,1,36.006634,1,1
sea057_20220707,2022-07-08T13:06:05Z,24.140516666666667,57.66833333333334,418.0327,1,13.9808,1,35.989124,1,1
sea057_20220707,2022-07-08T13:07:05Z,24.140616666666666,57.668216666666666,424.0457,1,13.8902,1,35.98335,1,1
sea057_20220707,2022-07-08T13:08:05Z,24.14071666666667,57.66811666666668,430.0266,1,13.8426,1,35.971188,1,1
sea057_20220707,2022-07-08T13:09:05Z,24.1408,57.668,436.0435,1,13.7851,1,35.963837,1,1
sea057_20220707,2022-07-08T13:10:05Z,24.140916666666666,57.667883333333336,442.0506,1,13.747,1,35.96334,1,1
sea057_20220707,2022-07-08T13:11:05Z,24.141016666666662,57.66778333333333,448.0517,1,13.6694,1,35.949303,1,1
sea057_20220707,2022-07-08T13:12:05Z,24.14111666666667,57.667699999999996,454.0944,1,13.6088,1,35.934753,1,1
sea057_20220707,2022-07-08T13:13:05Z,24.141233333333336,57.66758333333334,460.1578,1,13.56,1,35.936672,1,1
sea057_20220707,2022-07-08T13:14:05Z,24.141333333333332,57.66748333333333,466.2165,1,13.5398,1,35.927673,1,1
sea057_20220707,2022-07-08T13:15:06Z,24.141450000000003,57.667383333333326,472.2235,1,13.4806,1,35.921432,1,1
sea057_20220707,2022-07-08T13:16:06Z,24.14155,57.66728333333334,478.3902,1,13.3976,1,35.91249,1,1
sea057_20220707,2022-07-08T13:17:06Z,24.141633333333335,57.66715000000001,484.6396,1,13.3697,1,35.90463,1,1
sea057_20220707,2022-07-08T13:18:06Z,24.1417,57.66701666666666,490.8527,1,13.2959,1,35.894955,1,1
sea057_20220707,2022-07-08T13:19:06Z,24.141783333333333,57.66688333333333,497.0313,1,13.273,1,35.895645,1,1
sea057_20220707,2022-07-08T13:20:06Z,24.141883333333332,57.666766666666675,503.2124,1,13.2067,1,35.885017,1,1
sea057_20220707,2022-07-08T13:21:06Z,24.142,57.666666666666664,509.417,1,13.1774,1,35.875,1,1
sea057_20220707,2022-07-08T13:22:06Z,24.142099999999996,57.66655000000001,515.4003,1,13.1212,1,35.86522,1,1
sea057_20220707,2022-07-08T13:23:06Z,24.142200000000003,57.66643333333333,521.3674,1,13.0732,1,35.860046,1,1
sea057_20220707,2022-07-08T13:24:06Z,24.14228333333333,57.666316666666674,527.3537,1,13.0138,1,35.861214,1,1
sea057_20220707,2022-07-08T13:25:06Z,24.142350000000004,57.66616666666667,533.1313,1,12.9701,1,35.844868,1,1
sea057_20220707,2022-07-08T13:26:06Z,24.14243333333333,57.66605,538.7383,1,12.8815,1,35.837524,1,1
sea057_20220707,2022-07-08T13:27:06Z,24.142549999999996,57.66589999999999,544.5672,1,12.7805,1,35.83119,1,1
sea057_20220707,2022-07-08T13:28:06Z,24.142650000000003,57.66578333333334,550.4355,1,12.6982,1,35.817684,1,1
sea057_20220707,2022-07-08T13:29:06Z,24.14275,57.66566666666666,556.3561,1,12.6537,1,35.81504,1,1
sea057_20220707,2022-07-08T13:30:06Z,24.14286666666667,57.66556666666667,562.3656,1,12.6032,1,35.80572,1,1
sea057_20220707,2022-07-08T13:31:06Z,24.142966666666666,57.66544999999999,568.641,1,12.545,1,35.794205,1,1
sea057_20220707,2022-07-08T13:32:06Z,24.143050000000002,57.66531666666666,575.083,1,12.5079,1,35.795403,1,1
sea057_20220707,2022-07-08T13:33:06Z,24.143116666666668,57.66518333333333,581.4527,1,12.4205,1,35.788242,1,1
sea057_20220707,2022-07-08T13:34:06Z,24.143183333333333,57.6651,587.9262,1,12.3842,1,35.777916,1,1
sea057_20220707,2022-07-08T13:35:06Z,24.14331666666667,57.66495,594.2125,1,12.3657,1,35.77877,1,1
sea057_20220707,2022-07-08T13:36:06Z,24.143416666666667,57.66483333333334,600.4015,1,12.2802,1,35.773037,1,1
sea057_20220707,2022-07-08T13:37:06Z,24.143516666666663,57.66473333333333,606.3057,1,12.2191,1,35.76324,1,1
sea057_20220707,2022-07-08T13:38:06Z,24.14361666666667,57.66463333333333,611.9858,1,12.1044,1,35.750942,1,1
sea057_20220707,2022-07-08T13:39:06Z,24.143666666666665,57.66458333333333,609.4101,1,12.1442,1,35.759384,1,1
sea057_20220707,2022-07-08T13:40:06Z,24.14376666666667,57.66445,602.9155,1,12.2638,1,35.774208,1,1
sea057_20220707,2022-07-08T13:41:06Z,24.143866666666668,57.664333333333325,596.6474,1,12.3915,1,35.783375,1,1
sea057_20220707,2022-07-08T13:42:06Z,24.143966666666664,57.664233333333335,590.4932,1,12.3981,1,35.78603,1,1
sea057_20220707,2022-07-08T13:43:06Z,24.144066666666664,57.66413333333333,584.3831,1,12.4097,1,35.780827,1,1
sea057_20220707,2022-07-08T13:44:07Z,24.14418333333333,57.66403333333333,578.1619,1,12.5009,1,35.796673,1,1
sea057_20220707,2022-07-08T13:45:07Z,24.144283333333338,57.663916666666665,571.9508,1,12.5451,1,35.800667,1,1
sea057_20220707,2022-07-08T13:46:07Z,24.144383333333334,57.66380000000001,565.5694,1,12.5693,1,35.80473,1,1
sea057_20220707,2022-07-08T13:47:07Z,24.14446666666667,57.66368333333333,559.2417,1,12.6398,1,35.817078,1,1
sea057_20220707,2022-07-08T13:48:07Z,24.144566666666666,57.663566666666675,553.0288,1,12.6831,1,35.821667,1,1
sea057_20220707,2022-07-08T13:49:07Z,24.144650000000002,57.66343333333332,546.9276,1,12.6981,1,35.8265,1,1
sea057_20220707,2022-07-08T13:50:07Z,24.144716666666667,57.66331666666667,540.8972,1,12.7213,1,35.83063,1,1
sea057_20220707,2022-07-08T13:51:07Z,24.1448,57.663183333333336,534.9636,1,12.8348,1,35.838074,1,1
sea057_20220707,2022-07-08T13:52:07Z,24.144866666666665,57.66306666666666,529.1549,1,12.9109,1,35.847805,1,1
sea057_20220707,2022-07-08T13:53:07Z,24.144966666666665,57.66295,523.3033,1,12.9958,1,35.86405,1,1
sea057_20220707,2022-07-08T13:54:07Z,24.14506666666667,57.66285,517.4923,1,13.0336,1,35.861847,1,1
sea057_20220707,2022-07-08T13:55:07Z,24.145166666666668,57.66276666666666,511.6693,1,13.1071,1,35.87338,1,1
sea057_20220707,2022-07-08T13:56:07Z,24.145266666666664,57.66265,505.9776,1,13.2202,1,35.89058,1,1
sea057_20220707,2022-07-08T13:57:07Z,24.14535,57.66253333333334,500.0495,1,13.2391,1,35.89392,1,1
sea057_20220707,2022-07-08T13:58:07Z,24.145416666666666,57.6624,493.889,1,13.2875,1,35.90079,1,1
sea057_20220707,2022-07-08T13:59:07Z,24.145500000000002,57.66226666666667,487.7095,1,13.2923,1,35.897423,1,1
sea057_20220707,2022-07-08T14:00:07Z,24.145583333333335,57.662150000000004,481.558,1,13.3156,1,35.90638,1,1
sea057_20220707,2022-07-08T14:01:07Z,24.1457,57.662033333333326,475.422,1,13.3693,1,35.91313,1,1
sea057_20220707,2022-07-08T14:02:07Z,24.1458,57.66193333333334,469.2094,1,13.3907,1,35.91149,1,1
sea057_20220707,2022-07-08T14:03:07Z,24.145899999999997,57.66181666666667,463.0425,1,13.4202,1,35.91592,1,1
sea057_20220707,2022-07-08T14:04:07Z,24.146016666666664,57.66171666666667,456.9312,1,13.5278,1,35.933132,1,1
sea057_20220707,2022-07-08T14:05:07Z,24.1461,57.6616,450.9273,1,13.6116,1,35.943943,1,1
sea057_20220707,2022-07-08T14:06:07Z,24.1462,57.66148333333334,445.0652,1,13.6686,1,35.956318,1,1
sea057_20220707,2022-07-08T14:07:07Z,24.146283333333333,57.661366666666666,439.3238,1,13.7465,1,35.969757,1,1
sea057_20220707,2022-07-08T14:08:07Z,24.146349999999998,57.66125,433.5196,1,13.783,1,35.972965,1,1
sea057_20220707,2022-07-08T14:09:07Z,24.146433333333334,57.66111666666667,427.7007,1,13.8682,1,35.99054,1,1
sea057_20220707,2022-07-08T14:10:07Z,24.1465,57.660999999999994,421.7596,1,13.9054,1,35.996006,1,1
sea057_20220707,2022-07-08T14:11:07Z,24.146566666666665,57.660849999999996,415.8745,1,13.9703,1,35.999928,1,1
sea057_20220707,2022-07-08T14:12:08Z,24.14665,57.660716666666666,410.0238,1,14.0222,1,36.015007,1,1
sea057_20220707,2022-07-08T14:13:08Z,24.146733333333334,57.66060000000001,404.2072,1,14.1537,1,36.044933,1,1
sea057_20220707,2022-07-08T14:14:08Z,24.14681666666667,57.66048333333333,398.4346,1,14.2653,1,36.06628,1,1
sea057_20220707,2022-07-08T14:15:08Z,24.14693333333333,57.66038333333333,392.2927,1,14.3337,1,36.073555,1,1
sea057_20220707,2022-07-08T14:16:08Z,24.147033333333336,57.66028333333334,386.0204,1,14.4886,1,36.110584,1,1
sea057_20220707,2022-07-08T14:17:08Z,24.147133333333333,57.66016666666666,379.7489,1,14.6098,1,36.124355,1,1
sea057_20220707,2022-07-08T14:18:08Z,24.14723333333333,57.66006666666667,373.3583,1,14.7759,1,36.159756,1,1
sea057_20220707,2022-07-08T14:19:08Z,24.147333333333336,57.659949999999995,367.0015,1,14.9529,1,36.195415,1,1
sea057_20220707,2022-07-08T14:20:08Z,24.147433333333332,57.65983333333334,360.6643,1,15.053,1,36.212772,1,1
sea057_20220707,2022-07-08T14:21:08Z,24.147516666666668,57.65971666666666,354.3623,1,15.1248,1,36.2319,1,1
sea057_20220707,2022-07-08T14:22:08Z,24.147616666666668,57.6596,348.0516,1,15.1624,1,36.235107,1,1
sea057_20220707,2022-07-08T14:23:08Z,24.1477,57.65948333333334,341.7628,1,15.3435,1,36.282288,1,1
sea057_20220707,2022-07-08T14:24:08Z,24.147783333333336,57.659349999999996,335.5012,1,15.56,1,36.33684,1,1
sea057_20220707,2022-07-08T14:25:08Z,24.147866666666665,57.659216666666666,329.2386,1,15.9101,1,36.413296,1,1
sea057_20220707,2022-07-08T14:26:08Z,24.147933333333338,57.6591,323.0247,1,16.1012,1,36.456963,1,1
sea057_20220707,2022-07-08T14:27:08Z,24.148016666666663,57.65896666666666,316.8037,1,16.4238,1,36.542862,1,1
sea057_20220707,2022-07-08T14:28:08Z,24.14811666666667,57.65885,310.5413,1,16.7873,1,36.619724,1,1
sea057_20220707,2022-07-08T14:29:08Z,24.148216666666666,57.65874999999999,304.1913,1,16.9846,1,36.659573,1,1
sea057_20220707,2022-07-08T14:30:08Z,24.148316666666666,57.658633333333334,297.7599,1,17.547,1,36.793476,1,1
sea057_20220707,2022-07-08T14:31:08Z,24.14841666666667,57.658500000000004,291.3313,1,18.3214,1,36.98743,1,1
sea057_20220707,2022-07-08T14:32:08Z,24.14851666666667,57.658383333333326,284.8796,1,18.7909,1,37.11244,1,1
sea057_20220707,2022-07-08T14:33:08Z,24.148600000000002,57.658249999999995,278.6003,1,19.2346,1,37.210587,1,1
sea057_20220707,2022-07-08T14:34:08Z,24.1487,57.65813333333334,272.3194,1,19.5466,1,37.2683,1,1
sea057_20220707,2022-07-08T14:35:08Z,24.148783333333334,57.65801666666666,266.2539,1,19.9889,1,37.37385,1,1
sea057_20220707,2022-07-08T14:36:08Z,24.148866666666663,57.657900000000005,260.2172,1,19.9065,1,37.326763,1,1
sea057_20220707,2022-07-08T14:37:08Z,24.14895,57.65778333333333,254.3002,1,19.8212,1,37.29486,1,1
sea057_20220707,2022-07-08T14:38:08Z,24.149050000000003,57.657666666666664,248.3462,1,20.3356,1,37.411636,1,1
sea057_20220707,2022-07-08T14:39:08Z,24.14913333333333,57.65755000000001,242.4845,1,20.8573,1,37.555756,1,1
sea057_20220707,2022-07-08T14:40:08Z,24.149200000000004,57.65743333333333,236.7045,1,20.8257,1,37.49925,1,1
sea057_20220707,2022-07-08T14:41:08Z,24.1493,57.657316666666674,230.7513,1,21.1969,1,37.59822,1,1
sea057_20220707,2022-07-08T14:42:08Z,24.1494,57.65721666666666,224.7769,1,21.2771,1,37.618713,1,1
sea057_20220707,2022-07-08T14:43:09Z,24.149516666666667,57.657133333333334,218.7928,1,21.3746,1,37.638096,1,1
sea057_20220707,2022-07-08T14:44:09Z,24.149633333333334,57.657033333333324,212.9404,1,21.1158,1,37.458828,1,1
sea057_20220707,2022-07-08T14:45:09Z,24.149733333333334,57.65695000000001,207.3286,1,20.7967,1,37.244446,1,1
sea057_20220707,2022-07-08T14:46:09Z,24.14983333333333,57.65685,201.3537,1,21.4478,1,37.45912,1,1
sea057_20220707,2022-07-08T14:47:09Z,24.149949999999997,57.656749999999995,195.2633,1,21.5951,1,37.49883,1,1
sea057_20220707,2022-07-08T14:48:09Z,24.150050000000004,57.65666666666666,189.3046,1,22.0962,1,37.64033,1,1
sea057_20220707,2022-07-08T14:49:09Z,24.15015,57.65656666666667,183.4454,1,23.0614,1,37.93492,1,1
sea057_20220707,2022-07-08T14:50:09Z,24.150249999999996,57.65646666666667,177.6842,1,22.899,1,37.855026,1,1
sea057_20220707,2022-07-08T14:51:09Z,24.150350000000003,57.65638333333333,171.882,1,24.142,1,38.26351,1,1
sea057_20220707,2022-07-08T14:52:09Z,24.15045,57.65628333333334,166.1193,1,24.0472,1,38.235607,1,1
sea057_20220707,2022-07-08T14:53:09Z,24.15055,57.65618333333334,160.3624,1,23.6151,1,37.93797,1,1
sea057_20220707,2022-07-08T14:54:09Z,24.150633333333335,57.65608333333333,154.8255,1,22.6379,1,37.459373,1,1
sea057_20220707,2022-07-08T14:55:09Z,24.150716666666668,57.65596666666667,149.3321,1,22.5776,1,37.3538,1,1
sea057_20220707,2022-07-08T14:56:09Z,24.150799999999997,57.655849999999994,143.5922,1,22.7202,1,37.35335,1,1
sea057_20220707,2022-07-08T14:57:09Z,24.150883333333333,57.65573333333334,137.4003,1,23.0483,1,37.394947,1,1
sea057_20220707,2022-07-08T14:58:09Z,24.151,57.65563333333333,131.3996,1,21.9028,1,36.797993,1,1
sea057_20220707,2022-07-08T14:59:09Z,24.151099999999996,57.65553333333334,125.7506,1,21.8527,1,36.7768,1,1
sea057_20220707,2022-07-08T15:00:09Z,24.151216666666663,57.655433333333335,119.6504,1,21.5177,1,36.466396,1,1
sea057_20220707,2022-07-08T15:01:09Z,24.151333333333334,57.65533333333333,113.6514,1,21.6556,1,36.4606,1,1
sea057_20220707,2022-07-08T15:02:09Z,24.15143333333333,57.655233333333335,107.7089,1,21.869,1,36.496372,1,1
sea057_20220707,2022-07-08T15:03:09Z,24.151533333333337,57.655116666666665,101.6299,1,23.9498,1,37.127495,1,1
sea057_20220707,2022-07-08T15:04:09Z,24.151633333333333,57.655,95.3719,1,24.2938,1,37.16181,1,1
sea057_20220707,2022-07-08T15:05:09Z,24.15173333333333,57.6549,89.0771,1,23.8268,1,36.944973,1,1
sea057_20220707,2022-07-08T15:06:09Z,24.151833333333336,57.654799999999994,83.0157,1,23.7536,1,36.87101,1,1
sea057_20220707,2022-07-08T15:07:09Z,24.151950000000003,57.654700000000005,77.0654,1,23.6184,1,36.78424,1,1
sea057_20220707,2022-07-08T15:08:09Z,24.15205,57.65461666666667,71.1752,1,23.6288,1,36.780857,1,1
sea057_20220707,2022-07-08T15:09:09Z,24.15215,57.654500000000006,65.4949,1,23.7557,1,36.777573,1,1
sea057_20220707,2022-07-08T15:10:09Z,24.152233333333335,57.6544,59.7852,1,23.7217,1,36.73496,1,1
sea057_20220707,2022-07-08T15:11:09Z,24.15233333333333,57.6543,54.0299,1,23.7419,1,36.68865,1,1
sea057_20220707,2022-07-08T15:12:09Z,24.152416666666667,57.654183333333336,48.3149,1,23.6849,1,36.61381,1,1
sea057_20220707,2022-07-08T15:13:09Z,24.152516666666664,57.65408333333333,42.7462,1,23.7491,1,36.579536,1,1
sea057_20220707,2022-07-08T15:14:09Z,24.1526,57.65396666666667,36.7778,1,23.8681,1,36.573776,1,1
sea057_20220707,2022-07-08T15:15:09Z,24.152699999999996,57.65385,30.9018,1,24.0619,1,36.570045,1,1
sea057_20220707,2022-07-08T15:16:10Z,24.152783333333332,57.653733333333335,24.992,1,24.763,1,36.546173,1,1
sea057_20220707,2022-07-08T15:17:10Z,24.152866666666668,57.65361666666666,19.892,1,26.7966,1,36.626617,1,1
sea057_20220707,2022-07-08T15:18:10Z,24.152933333333333,57.65353333333334,15.4604,1,30.3155,1,36.899647,1,1
sea057_20220707,2022-07-08T15:19:10Z,24.152983333333335,57.65346666666666,11.4174,1,32.2229,1,37.0164,1,1
sea057_20220707,2022-07-08T15:20:10Z,24.15303333333333,57.65338333333334,9.7467,1,32.1537,1,37.04747,1,1
sea057_20220707,2022-07-08T15:21:10Z,24.15305,57.65336666666667,2.6201,1,32.2131,1,37.007545,1,1
sea057_20220707,2022-07-08T15:22:09Z,24.14711666666667,57.664783333333325,2.2645,1,32.1975,1,37.020325,1,1
sea057_20220707,2022-07-08T15:23:09Z,24.147150000000003,57.664783333333325,1.9708,1,32.2107,1,37.02138,1,1
sea057_20220707,2022-07-08T15:24:10Z,24.14723333333333,57.66473333333333,2.3171,1,32.2394,1,37.014954,1,1
sea057_20220707,2022-07-08T15:25:10Z,24.147316666666665,57.664699999999996,2.1239,1,32.2367,1,37.03009,1,1
sea057_20220707,2022-07-08T15:26:10Z,24.147316666666665,57.66471666666666,0.3673,1,32.2494,1,37.024628,1,1
sea057_20220707,2022-07-08T15:27:10Z,24.147316666666665,57.66471666666666,1.8921,1,32.2552,1,37.031116,1,1
sea057_20220707,2022-07-08T15:28:10Z,24.147499999999997,57.66471666666666,12.0961,1,32.2644,1,37.026646,1,1
sea057_20220707,2022-07-08T15:29:10Z,24.14765,57.6646,20.8906,1,26.0028,1,36.581955,1,1
sea057_20220707,2022-07-08T15:30:10Z,24.1477,57.66454999999999,26.3355,1,24.7372,1,36.55039,1,1
sea057_20220707,2022-07-08T15:31:10Z,24.147783333333336,57.66445,32.3517,1,24.1413,1,36.54921,1,1
sea057_20220707,2022-07-08T15:32:10Z,24.147850000000002,57.66431666666667,38.9808,1,23.8897,1,36.55936,1,1
sea057_20220707,2022-07-08T15:33:10Z,24.147933333333338,57.66418333333333,45.659,1,23.813,1,36.59202,1,1
sea057_20220707,2022-07-08T15:34:10Z,24.148033333333334,57.66406666666667,52.4138,1,23.7009,1,36.637516,1,1
sea057_20220707,2022-07-08T15:35:10Z,24.14813333333333,57.66393333333334,58.986,1,23.8111,1,36.752914,1,1
sea057_20220707,2022-07-08T15:36:10Z,24.14823333333333,57.66383333333333,65.2209,1,23.7066,1,36.74563,1,1
sea057_20220707,2022-07-08T15:37:10Z,24.148333333333333,57.6637,71.3208,1,23.5885,1,36.734337,1,1
sea057_20220707,2022-07-08T15:38:10Z,24.148433333333333,57.66358333333333,77.6115,1,23.6239,1,36.76501,1,1
sea057_20220707,2022-07-08T15:39:10Z,24.1485,57.66343333333332,83.9852,1,23.8401,1,36.90868,1,1
sea057_20220707,2022-07-08T15:40:10Z,24.14856666666667,57.663283333333325,90.4198,1,23.9203,1,37.01948,1,1
sea057_20220707,2022-07-08T15:41:10Z,24.148649999999996,57.66316666666667,96.4103,1,24.6046,1,37.36929,1,1
sea057_20220707,2022-07-08T15:42:10Z,24.14871666666666,57.663016666666664,102.3536,1,22.4479,1,36.676865,1,1
sea057_20220707,2022-07-08T15:43:10Z,24.148783333333334,57.66288333333333,108.6886,1,21.7894,1,36.46549,1,1
sea057_20220707,2022-07-08T15:44:10Z,24.148866666666663,57.66275,115.2656,1,21.5356,1,36.439316,1,1
sea057_20220707,2022-07-08T15:45:10Z,24.14895,57.66261666666666,121.8998,1,22.1654,1,36.86134,1,1
sea057_20220707,2022-07-08T15:46:10Z,24.149016666666665,57.66248333333333,128.0218,1,22.0056,1,36.79638,1,1
sea057_20220707,2022-07-08T15:47:10Z,24.149083333333337,57.662349999999996,133.8579,1,22.8081,1,37.2737,1,1
sea057_20220707,2022-07-08T15:48:10Z,24.149150000000002,57.66221666666667,139.9675,1,22.8406,1,37.369705,1,1
sea057_20220707,2022-07-08T15:49:10Z,24.149200000000004,57.66206666666667,145.9447,1,22.8315,1,37.416798,1,1
sea057_20220707,2022-07-08T15:50:10Z,24.14926666666667,57.66193333333334,151.9158,1,22.3587,1,37.281017,1,1
sea057_20220707,2022-07-08T15:51:10Z,24.149349999999995,57.66179999999999,157.8525,1,21.9346,1,37.17589,1,1
sea057_20220707,2022-07-08T15:52:10Z,24.14943333333333,57.661683333333336,163.8973,1,21.669,1,37.219055,1,1
sea057_20220707,2022-07-08T15:53:10Z,24.149516666666667,57.66156666666667,169.6689,1,22.8285,1,37.725727,1,1
sea057_20220707,2022-07-08T15:54:10Z,24.149600000000003,57.661449999999995,175.7863,1,21.8898,1,37.427906,1,1
sea057_20220707,2022-07-08T15:55:10Z,24.1497,57.66133333333334,182.0,1,21.5216,1,37.3059,1,1
sea057_20220707,2022-07-08T15:56:10Z,24.149799999999995,57.66121666666666,188.471,1,21.1766,1,37.24179,1,1
sea057_20220707,2022-07-08T15:57:11Z,24.149900000000002,57.661100000000005,194.772,1,21.0926,1,37.265026,1,1
sea057_20220707,2022-07-08T15:58:11Z,24.15001666666667,57.660999999999994,201.0653,1,21.0703,1,37.313763,1,1
sea057_20220707,2022-07-08T15:59:11Z,24.15011666666667,57.66088333333334,206.9219,1,20.7502,1,37.213764,1,1
sea057_20220707,2022-07-08T16:00:11Z,24.1502,57.660783333333335,212.5071,1,20.9264,1,37.354836,1,1
sea057_20220707,2022-07-08T16:01:11Z,24.150266666666667,57.66066666666667,217.9879,1,21.1467,1,37.46895,1,1
sea057_20220707,2022-07-08T16:02:11Z,24.150333333333332,57.660533333333326,223.7169,1,21.1921,1,37.544777,1,1
sea057_20220707,2022-07-08T16:03:11Z,24.150399999999998,57.66041666666667,229.3094,1,21.3381,1,37.6189,1,1
sea057_20220707,2022-07-08T16:04:11Z,24.150466666666663,57.66028333333334,235.0864,1,21.1403,1,37.560894,1,1
sea057_20220707,2022-07-08T16:05:11Z,24.150533333333335,57.66015000000001,240.8667,1,20.9215,1,37.503197,1,1
sea057_20220707,2022-07-08T16:06:11Z,24.150616666666664,57.66003333333333,246.5751,1,20.9411,1,37.53943,1,1
sea057_20220707,2022-07-08T16:07:11Z,24.150699999999997,57.65991666666667,252.5194,1,20.7407,1,37.50391,1,1
sea057_20220707,2022-07-08T16:08:11Z,24.150799999999997,57.659816666666664,258.498,1,20.1537,1,37.34859,1,1
sea057_20220707,2022-07-08T16:09:11Z,24.1509,57.65970000000001,264.3747,1,19.8125,1,37.27288,1,1
sea057_20220707,2022-07-08T16:10:11Z,24.151,57.65958333333333,270.7643,1,19.9363,1,37.341343,1,1
sea057_20220707,2022-07-08T16:11:11Z,24.151066666666665,57.65945,277.2346,1,19.6725,1,37.268307,1,1
sea057_20220707,2022-07-08T16:12:11Z,24.151133333333338,57.65931666666667,283.5767,1,19.1787,1,37.163334,1,1
sea057_20220707,2022-07-08T16:13:11Z,24.151216666666663,57.65916666666667,290.1,1,18.6098,1,37.025513,1,1
sea057_20220707,2022-07-08T16:14:11Z,24.1513,57.65903333333334,296.5437,1,17.9771,1,36.86907,1,1
sea057_20220707,2022-07-08T16:15:11Z,24.151383333333335,57.658899999999996,303.0227,1,17.0547,1,36.653473,1,1
sea057_20220707,2022-07-08T16:16:11Z,24.15146666666667,57.658766666666665,309.5468,1,16.8749,1,36.612846,1,1
sea057_20220707,2022-07-08T16:17:11Z,24.151566666666668,57.658633333333334,315.8749,1,16.6493,1,36.567337,1,1
sea057_20220707,2022-07-08T16:18:11Z,24.151633333333333,57.65851666666667,321.9311,1,16.4482,1,36.509987,1,1
sea057_20220707,2022-07-08T16:19:11Z,24.151699999999998,57.658383333333326,328.0364,1,16.0586,1,36.429504,1,1
sea057_20220707,2022-07-08T16:20:11Z,24.151783333333334,57.65823333333333,334.3393,1,15.972,1,36.415813,1,1
sea057_20220707,2022-07-08T16:21:11Z,24.15185,57.6581,340.6057,1,15.8178,1,36.37652,1,1
sea057_20220707,2022-07-08T16:22:11Z,24.15191666666666,57.65796666666667,346.7893,1,15.5582,1,36.314217,1,1
sea057_20220707,2022-07-08T16:23:11Z,24.151999999999997,57.657833333333336,352.8326,1,15.2644,1,36.244987,1,1
sea057_20220707,2022-07-08T16:24:11Z,24.152066666666663,57.657700000000006,358.9726,1,15.0124,1,36.183334,1,1
sea057_20220707,2022-07-08T16:25:11Z,24.152133333333335,57.65756666666666,364.9458,1,14.9393,1,36.18095,1,1
sea057_20220707,2022-07-08T16:26:11Z,24.152216666666664,57.657450000000004,370.7175,1,14.7617,1,36.144745,1,1
sea057_20220707,2022-07-08T16:27:12Z,24.152283333333337,57.657316666666674,376.4006,1,14.7606,1,36.1518,1,1
sea057_20220707,2022-07-08T16:28:12Z,24.152350000000002,57.65718333333333,382.1442,1,14.6868,1,36.137756,1,1
sea057_20220707,2022-07-08T16:29:12Z,24.152416666666667,57.65705,388.2668,1,14.6292,1,36.129333,1,1
sea057_20220707,2022-07-08T16:30:12Z,24.152483333333333,57.65691666666667,394.3091,1,14.3761,1,36.07299,1,1
sea057_20220707,2022-07-08T16:31:12Z,24.152583333333336,57.656800000000004,400.2792,1,14.1476,1,36.027866,1,1
sea057_20220707,2022-07-08T16:32:12Z,24.152666666666665,57.6567,406.2465,1,14.0011,1,36.00221,1,1
sea057_20220707,2022-07-08T16:33:12Z,24.15276666666667,57.65658333333334,412.1349,1,13.9528,1,35.989513,1,1
sea057_20220707,2022-07-08T16:34:12Z,24.152849999999997,57.65646666666667,418.0747,1,13.8826,1,35.985348,1,1
sea057_20220707,2022-07-08T16:35:12Z,24.152933333333333,57.656333333333336,424.093,1,13.8407,1,35.96887,1,1
sea057_20220707,2022-07-08T16:36:12Z,24.153016666666666,57.65621666666666,430.1402,1,13.749,1,35.954765,1,1
sea057_20220707,2022-07-08T16:37:12Z,24.15308333333333,57.65608333333333,436.317,1,13.6633,1,35.942577,1,1
sea057_20220707,2022-07-08T16:38:12Z,24.153166666666667,57.65595,442.3829,1,13.5918,1,35.938408,1,1
sea057_20220707,2022-07-08T16:39:12Z,24.153233333333333,57.65581666666667,448.3291,1,13.5603,1,35.931488,1,1
sea057_20220707,2022-07-08T16:40:12Z,24.153299999999998,57.655683333333336,454.3197,1,13.467,1,35.912262,1,1
sea057_20220707,2022-07-08T16:41:12Z,24.153383333333334,57.65554999999999,460.2156,1,13.4111,1,35.9047,1,1
sea057_20220707,2022-07-08T16:42:12Z,24.153433333333336,57.65541666666666,466.0269,1,13.3624,1,35.903526,1,1
sea057_20220707,2022-07-08T16:43:12Z,24.1535,57.65528333333334,471.9024,1,13.2858,1,35.890373,1,1
sea057_20220707,2022-07-08T16:44:12Z,24.153599999999997,57.655183333333326,477.6839,1,13.2596,1,35.88742,1,1
sea057_20220707,2022-07-08T16:45:12Z,24.153683333333333,57.65508333333334,483.2728,1,13.1922,1,35.884052,1,1
sea057_20220707,2022-07-08T16:46:12Z,24.15378333333333,57.65496666666666,489.1696,1,13.1405,1,35.871502,1,1
sea057_20220707,2022-07-08T16:47:12Z,24.153883333333336,57.65485,495.154,1,13.0458,1,35.86419,1,1
sea057_20220707,2022-07-08T16:48:12Z,24.153966666666665,57.654733333333326,501.3044,1,13.0184,1,35.853653,1,1
sea057_20220707,2022-07-08T16:49:12Z,24.154049999999998,57.654599999999995,507.3934,1,13.0083,1,35.861416,1,1
sea057_20220707,2022-07-08T16:50:12Z,24.154116666666663,57.654466666666664,513.635,1,12.9902,1,35.859688,1,1
sea057_20220707,2022-07-08T16:51:12Z,24.1542,57.654333333333334,520.0914,1,12.854,1,35.832924,1,1
sea057_20220707,2022-07-08T16:52:12Z,24.154299999999996,57.65420000000001,526.4081,1,12.7401,1,35.82012,1,1
sea057_20220707,2022-07-08T16:53:12Z,24.154400000000003,57.65408333333333,532.6477,1,12.7188,1,35.82512,1,1
sea057_20220707,2022-07-08T16:54:12Z,24.1545,57.65396666666667,538.7859,1,12.663,1,35.817818,1,1
sea057_20220707,2022-07-08T16:55:12Z,24.1546,57.65385,544.9461,1,12.5907,1,35.80995,1,1
sea057_20220707,2022-07-08T16:56:12Z,24.15468333333333,57.65371666666667,550.9843,1,12.5585,1,35.805645,1,1
sea057_20220707,2022-07-08T16:57:12Z,24.15478333333333,57.653600000000004,556.9695,1,12.509,1,35.796093,1,1
sea057_20220707,2022-07-08T16:58:13Z,24.154866666666667,57.65346666666666,562.9371,1,12.4678,1,35.793194,1,1
sea057_20220707,2022-07-08T16:59:13Z,24.15495,57.65333333333333,568.8951,1,12.3546,1,35.77842,1,1
sea057_20220707,2022-07-08T17:00:13Z,24.155016666666665,57.65321666666667,574.7451,1,12.1745,1,35.75525,1,1
sea057_20220707,2022-07-08T17:01:13Z,24.1551,57.65306666666667,581.1377,1,12.0777,1,35.74774,1,1
sea057_20220707,2022-07-08T17:02:13Z,24.155183333333337,57.65295,587.4204,1,12.0656,1,35.744587,1,1
sea057_20220707,2022-07-08T17:03:13Z,24.155266666666662,57.652833333333334,593.4403,1,11.9884,1,35.740753,1,1
sea057_20220707,2022-07-08T17:04:13Z,24.15535,57.652716666666656,599.6253,1,11.9961,1,35.73978,1,1
sea057_20220707,2022-07-08T17:05:13Z,24.155433333333335,57.652649999999994,598.4662,1,11.9987,1,35.74008,1,1
sea057_20220707,2022-07-08T17:06:13Z,24.15553333333333,57.65253333333333,592.3462,1,11.9996,1,35.743336,1,1
sea057_20220707,2022-07-08T17:07:13Z,24.155633333333338,57.65240000000001,585.8206,1,12.0287,1,35.749187,1,1
sea057_20220707,2022-07-08T17:08:13Z,24.155716666666663,57.65228333333333,579.3823,1,12.0483,1,35.74352,1,1
sea057_20220707,2022-07-08T17:09:13Z,24.1558,57.65215,573.2878,1,12.0895,1,35.760574,1,1
sea057_20220707,2022-07-08T17:10:13Z,24.155883333333335,57.652033333333335,567.2902,1,12.2564,1,35.7657,1,1
sea057_20220707,2022-07-08T17:11:13Z,24.155966666666668,57.651916666666665,561.3124,1,12.4258,1,35.79186,1,1
sea057_20220707,2022-07-08T17:12:13Z,24.156033333333333,57.6518,555.3639,1,12.5044,1,35.797348,1,1
sea057_20220707,2022-07-08T17:13:13Z,24.1561,57.65166666666667,549.3475,1,12.5362,1,35.803295,1,1
sea057_20220707,2022-07-08T17:14:13Z,24.156166666666664,57.651533333333326,543.4305,1,12.5699,1,35.807095,1,1
sea057_20220707,2022-07-08T17:15:13Z,24.15623333333333,57.65141666666667,537.6191,1,12.6526,1,35.81966,1,1
sea057_20220707,2022-07-08T17:16:13Z,24.156316666666665,57.651300000000006,531.835,1,12.7359,1,35.82753,1,1
sea057_20220707,2022-07-08T17:17:13Z,24.15638333333333,57.65118333333333,525.9748,1,12.7634,1,35.832783,1,1
sea057_20220707,2022-07-08T17:18:13Z,24.156483333333334,57.65106666666667,519.9305,1,12.8029,1,35.832603,1,1
sea057_20220707,2022-07-08T17:19:13Z,24.156566666666663,57.650949999999995,513.9322,1,12.934,1,35.8505,1,1
sea057_20220707,2022-07-08T17:20:13Z,24.15665,57.65083333333334,508.0977,1,13.014,1,35.861523,1,1
sea057_20220707,2022-07-08T17:21:13Z,24.156716666666664,57.65071666666666,502.314,1,13.0253,1,35.86964,1,1
sea057_20220707,2022-07-08T17:22:13Z,24.156799999999997,57.650600000000004,496.6034,1,13.0754,1,35.87626,1,1
sea057_20220707,2022-07-08T17:23:13Z,24.156866666666662,57.65048333333334,490.9715,1,13.1506,1,35.88073,1,1
sea057_20220707,2022-07-08T17:24:13Z,24.156933333333335,57.650349999999996,485.2719,1,13.2019,1,35.8907,1,1
sea057_20220707,2022-07-08T17:25:13Z,24.157016666666664,57.65023333333333,479.5624,1,13.2218,1,35.892727,1,1
sea057_20220707,2022-07-08T17:26:13Z,24.1571,57.65013333333333,473.8088,1,13.2584,1,35.896126,1,1
sea057_20220707,2022-07-08T17:27:13Z,24.157183333333332,57.65001666666667,467.9298,1,13.3539,1,35.909218,1,1
sea057_20220707,2022-07-08T17:28:14Z,24.15726666666667,57.649899999999995,462.053,1,13.4145,1,35.922867,1,1
sea057_20220707,2022-07-08T17:29:14Z,24.157349999999997,57.649766666666665,456.0916,1,13.4341,1,35.923836,1,1
sea057_20220707,2022-07-08T17:30:14Z,24.157433333333334,57.64965,450.0519,1,13.4718,1,35.92672,1,1
sea057_20220707,2022-07-08T17:31:14Z,24.157516666666666,57.64953333333333,444.0941,1,13.517,1,35.93355,1,1
sea057_20220707,2022-07-08T17:32:14Z,24.157600000000002,57.6494,437.987,1,13.53,1,35.93483,1,1
sea057_20220707,2022-07-08T17:33:14Z,24.15768333333333,57.64926666666667,431.7933,1,13.6326,1,35.955486,1,1
sea057_20220707,2022-07-08T17:34:14Z,24.157750000000004,57.64913333333334,425.8143,1,13.7018,1,35.960224,1,1
sea057_20220707,2022-07-08T17:35:14Z,24.15781666666667,57.648999999999994,419.964,1,13.7409,1,35.97344,1,1
sea057_20220707,2022-07-08T17:36:14Z,24.157883333333334,57.64886666666666,414.1036,1,13.8096,1,35.97822,1,1
sea057_20220707,2022-07-08T17:37:14Z,24.15798333333333,57.64875,408.0424,1,13.9455,1,35.999626,1,1
sea057_20220707,2022-07-08T17:38:14Z,24.158083333333334,57.648649999999996,402.0317,1,14.0368,1,36.01756,1,1
sea057_20220707,2022-07-08T17:39:14Z,24.158183333333334,57.64853333333334,395.8926,1,14.1024,1,36.039112,1,1
sea057_20220707,2022-07-08T17:40:14Z,24.15826666666667,57.64841666666666,389.8201,1,14.4384,1,36.103134,1,1
sea057_20220707,2022-07-08T17:41:14Z,24.158350000000002,57.64828333333333,383.6966,1,14.5635,1,36.122047,1,1
sea057_20220707,2022-07-08T17:42:14Z,24.158450000000002,57.648166666666675,377.7013,1,14.5738,1,36.11818,1,1
sea057_20220707,2022-07-08T17:43:14Z,24.158533333333335,57.64805,371.6893,1,14.6395,1,36.138977,1,1
sea057_20220707,2022-07-08T17:44:14Z,24.158616666666664,57.64791666666667,365.7674,1,14.8383,1,36.17576,1,1
sea057_20220707,2022-07-08T17:45:14Z,24.158683333333336,57.64778333333334,359.8942,1,14.9229,1,36.19836,1,1
sea057_20220707,2022-07-08T17:46:14Z,24.15875,57.647650000000006,353.9449,1,15.0037,1,36.210682,1,1
sea057_20220707,2022-07-08T17:47:14Z,24.158816666666667,57.64751666666666,347.9057,1,15.4086,1,36.31019,1,1
sea057_20220707,2022-07-08T17:48:14Z,24.158883333333332,57.64738333333333,341.9184,1,15.7811,1,36.38701,1,1
sea057_20220707,2022-07-08T17:49:14Z,24.158966666666668,57.64725,336.0993,1,16.0484,1,36.45114,1,1
sea057_20220707,2022-07-08T17:50:14Z,24.15905,57.64713333333334,330.1991,1,16.2343,1,36.485085,1,1
sea057_20220707,2022-07-08T17:51:14Z,24.15915,57.647016666666666,324.2209,1,16.5723,1,36.56601,1,1
sea057_20220707,2022-07-08T17:52:14Z,24.159249999999997,57.6469,318.1426,1,16.8333,1,36.623333,1,1
sea057_20220707,2022-07-08T17:53:14Z,24.159350000000003,57.64678333333333,311.9885,1,17.0069,1,36.671665,1,1
sea057_20220707,2022-07-08T17:54:14Z,24.15943333333333,57.64665,305.9004,1,17.439,1,36.789425,1,1
sea057_20220707,2022-07-08T17:55:14Z,24.159516666666665,57.64653333333334,299.9941,1,17.7392,1,36.841793,1,1
sea057_20220707,2022-07-08T17:56:14Z,24.1596,57.64639999999999,293.3233,1,18.2473,1,36.967342,1,1
sea057_20220707,2022-07-08T17:57:14Z,24.159683333333337,57.64626666666666,287.0616,1,19.1608,1,37.188164,1,1
sea057_20220707,2022-07-08T17:58:14Z,24.15975,57.646150000000006,281.0692,1,19.6039,1,37.29741,1,1
sea057_20220707,2022-07-08T17:59:14Z,24.159816666666664,57.646016666666675,275.0754,1,19.9773,1,37.39584,1,1
sea057_20220707,2022-07-08T18:00:15Z,24.15988333333333,57.6459,269.0984,1,19.9496,1,37.377804,1,1
sea057_20220707,2022-07-08T18:01:15Z,24.159966666666666,57.64576666666667,263.0735,1,19.8241,1,37.309147,1,1
sea057_20220707,2022-07-08T18:02:15Z,24.16003333333333,57.645649999999996,257.0379,1,20.0723,1,37.375828,1,1
sea057_20220707,2022-07-08T18:03:15Z,24.160100000000003,57.645516666666666,251.1175,1,20.6159,1,37.496143,1,1
sea057_20220707,2022-07-08T18:04:15Z,24.160183333333332,57.6454,245.1713,1,20.4769,1,37.41074,1,1
sea057_20220707,2022-07-08T18:05:15Z,24.160283333333336,57.6453,239.2336,1,20.9686,1,37.53861,1,1
sea057_20220707,2022-07-08T18:06:15Z,24.160383333333336,57.64520000000001,233.0729,1,21.0186,1,37.54026,1,1
sea057_20220707,2022-07-08T18:07:15Z,24.160500000000003,57.6451,226.9461,1,21.0673,1,37.500698,1,1
sea057_20220707,2022-07-08T18:08:15Z,24.1606,57.644999999999996,221.1309,1,20.9455,1,37.417305,1,1
sea057_20220707,2022-07-08T18:09:15Z,24.1607,57.64490000000001,215.3653,1,20.8291,1,37.335926,1,1
sea057_20220707,2022-07-08T18:10:15Z,24.16078333333333,57.64478333333333,209.5186,1,21.3228,1,37.46201,1,1
sea057_20220707,2022-07-08T18:11:15Z,24.160866666666667,57.64466666666667,203.8212,1,20.7397,1,37.13453,1,1
sea057_20220707,2022-07-08T18:12:15Z,24.160950000000003,57.644549999999995,198.3172,1,20.8642,1,37.128365,1,1
sea057_20220707,2022-07-08T18:13:15Z,24.16101666666667,57.644416666666665,192.2201,1,21.0834,1,37.195568,1,1
sea057_20220707,2022-07-08T18:14:15Z,24.161083333333334,57.644283333333334,185.9399,1,22.0177,1,37.453506,1,1
sea057_20220707,2022-07-08T18:15:15Z,24.16115,57.644133333333336,179.6792,1,22.0197,1,37.430344,1,1
sea057_20220707,2022-07-08T18:16:15Z,24.161233333333332,57.64401666666666,173.533,1,22.1846,1,37.46455,1,1
sea057_20220707,2022-07-08T18:17:15Z,24.161316666666668,57.64388333333333,167.3352,1,22.2655,1,37.47734,1,1
sea057_20220707,2022-07-08T18:18:15Z,24.161400000000004,57.64376666666667,161.6055,1,20.7179,1,36.804867,1,1
sea057_20220707,2022-07-08T18:19:15Z,24.16148333333333,57.643649999999994,156.137,1,20.6124,1,36.711647,1,1
sea057_20220707,2022-07-08T18:20:15Z,24.161566666666666,57.64353333333334,150.5665,1,21.0069,1,36.842407,1,1
sea057_20220707,2022-07-08T18:21:15Z,24.16163333333333,57.64340000000001,144.9382,1,21.7672,1,37.113693,1,1
sea057_20220707,2022-07-08T18:22:15Z,24.161716666666667,57.64328333333333,138.7555,1,22.1061,1,37.054718,1,1
sea057_20220707,2022-07-08T18:23:15Z,24.161816666666663,57.64315,132.2417,1,22.2871,1,37.10022,1,1
sea057_20220707,2022-07-08T18:24:15Z,24.16191666666667,57.643049999999995,125.9003,1,22.6561,1,37.03146,1,1
sea057_20220707,2022-07-08T18:25:15Z,24.162016666666666,57.642950000000006,120.1715,1,23.7268,1,37.356182,1,1
sea057_20220707,2022-07-08T18:26:15Z,24.162100000000002,57.64286666666667,114.701,1,22.8302,1,36.94287,1,1
sea057_20220707,2022-07-08T18:27:15Z,24.1622,57.64276666666667,108.8671,1,23.6941,1,37.24813,1,1
sea057_20220707,2022-07-08T18:28:15Z,24.162316666666666,57.64266666666667,102.6523,1,23.2208,1,36.869335,1,1
sea057_20220707,2022-07-08T18:29:15Z,24.162416666666665,57.64255,96.6768,1,23.285,1,36.86862,1,1
sea057_20220707,2022-07-08T18:30:15Z,24.16251666666667,57.64244999999999,91.1369,1,23.4211,1,36.887913,1,1
sea057_20220707,2022-07-08T18:31:15Z,24.162599999999998,57.64235,85.4442,1,23.8856,1,37.017723,1,1
sea057_20220707,2022-07-08T18:32:15Z,24.162683333333334,57.64223333333333,79.7791,1,23.7891,1,36.926666,1,1
sea057_20220707,2022-07-08T18:33:15Z,24.162766666666666,57.642116666666666,74.1301,1,23.6328,1,36.816315,1,1
sea057_20220707,2022-07-08T18:34:15Z,24.162850000000002,57.64201666666666,68.5125,1,23.5592,1,36.74693,1,1
sea057_20220707,2022-07-08T18:35:15Z,24.162950000000002,57.6419,62.7029,1,23.4966,1,36.697674,1,1
sea057_20220707,2022-07-08T18:36:15Z,24.16305,57.641799999999996,56.9297,1,23.5583,1,36.702564,1,1
sea057_20220707,2022-07-08T18:37:16Z,24.163150000000005,57.64170000000001,51.3722,1,23.7488,1,36.731125,1,1
sea057_20220707,2022-07-08T18:38:16Z,24.16325,57.64161666666667,45.8245,1,23.905,1,36.70241,1,1
sea057_20220707,2022-07-08T18:39:16Z,24.163349999999998,57.64151666666667,40.2237,1,23.8516,1,36.583897,1,1
sea057_20220707,2022-07-08T18:40:16Z,24.163449999999997,57.641416666666665,34.407,1,24.0621,1,36.55133,1,1
sea057_20220707,2022-07-08T18:41:16Z,24.16355,57.64131666666667,28.2858,1,24.5486,1,36.55439,1,1
sea057_20220707,2022-07-08T18:42:16Z,24.16365,57.641216666666665,22.7081,1,26.1762,1,36.576916,1,1
sea057_20220707,2022-07-08T18:43:16Z,24.163749999999997,57.64113333333333,17.0625,1,28.6604,1,36.712055,1,1
sea057_20220707,2022-07-08T18:44:16Z,24.16381666666667,57.64104999999999,12.6595,1,32.0548,1,36.988842,1,1
sea057_20220707,2022-07-08T18:45:16Z,24.163883333333334,57.640966666666664,7.429,1,32.093,1,37.00861,1,1
sea057_20220707,2022-07-08T18:46:16Z,24.163899999999998,57.640966666666664,1.4631,1,32.0986,1,37.001392,1,1
sea057_20220707,2022-07-08T18:47:16Z,24.15915,57.65426666666667,1.8939,1,32.0509,1,36.993584,1,1
sea057_20220707,2022-07-08T18:48:16Z,24.15916666666667,57.654250000000005,2.2365,1,32.0752,1,36.983135,1,1
sea057_20220707,2022-07-08T18:49:16Z,24.15928333333333,57.654316666666666,2.1831,1,32.0582,1,37.003777,1,1
sea057_20220707,2022-07-08T18:50:16Z,24.159399999999998,57.654383333333335,2.1949,1,32.0503,1,37.00472,1,1
sea057_20220707,2022-07-08T18:51:16Z,24.15941666666667,57.65441666666667,1.2679,1,32.0567,1,37.012463,1,1
sea057_20220707,2022-07-08T18:52:16Z,24.15931666666667,57.654466666666664,11.8336,1,32.0938,1,37.008205,1,1
sea057_20220707,2022-07-08T18:53:16Z,24.159116666666666,57.654383333333335,19.5469,1,26.8217,1,36.60804,1,1
sea057_20220707,2022-07-08T18:54:16Z,24.15913333333333,57.654250000000005,26.6229,1,24.8656,1,36.53454,1,1
sea057_20220707,2022-07-08T18:55:16Z,24.15918333333333,57.65413333333333,33.0724,1,24.164,1,36.55149,1,1
sea057_20220707,2022-07-08T18:56:16Z,24.159266666666667,57.654016666666664,39.2103,1,24.0391,1,36.591393,1,1
sea057_20220707,2022-07-08T18:57:16Z,24.159366666666664,57.65391666666666,45.3975,1,23.9094,1,36.682617,1,1
sea057_20220707,2022-07-08T18:58:16Z,24.15945,57.653800000000004,52.4504,1,23.7837,1,36.70928,1,1
sea057_20220707,2022-07-08T18:59:16Z,24.159566666666667,57.65366666666667,59.1735,1,23.6058,1,36.686962,1,1
sea057_20220707,2022-07-08T19:00:16Z,24.159666666666666,57.65356666666666,65.4926,1,23.5062,1,36.660477,1,1
sea057_20220707,2022-07-08T19:01:16Z,24.159766666666663,57.65345000000001,71.7825,1,23.5938,1,36.74073,1,1
sea057_20220707,2022-07-08T19:02:16Z,24.15986666666667,57.65333333333333,78.1088,1,23.6371,1,36.79905,1,1
sea057_20220707,2022-07-08T19:03:16Z,24.159966666666666,57.65321666666667,84.4194,1,23.7277,1,36.878265,1,1
sea057_20220707,2022-07-08T19:04:16Z,24.160066666666662,57.653099999999995,90.5404,1,23.9529,1,36.991676,1,1
sea057_20220707,2022-07-08T19:05:16Z,24.160183333333332,57.653000000000006,96.5081,1,23.5029,1,36.896942,1,1
sea057_20220707,2022-07-08T19:06:16Z,24.160283333333336,57.65288333333333,102.4769,1,23.3726,1,36.873116,1,1
sea057_20220707,2022-07-08T19:07:16Z,24.160366666666665,57.65276666666667,108.1994,1,23.4901,1,37.027374,1,1
sea057_20220707,2022-07-08T19:08:16Z,24.16045,57.65266666666666,113.5119,1,24.1221,1,37.386623,1,1
sea057_20220707,2022-07-08T19:09:16Z,24.160533333333333,57.652550000000005,119.6889,1,23.7158,1,37.27496,1,1
sea057_20220707,2022-07-08T19:10:16Z,24.160633333333333,57.652416666666674,126.3677,1,23.3418,1,37.185047,1,1
sea057_20220707,2022-07-08T19:11:16Z,24.160716666666666,57.65228333333333,132.2637,1,22.5642,1,37.111366,1,1
sea057_20220707,2022-07-08T19:12:16Z,24.16078333333333,57.65215,138.3775,1,21.845,1,36.91624,1,1
sea057_20220707,2022-07-08T19:13:16Z,24.160849999999996,57.652,144.729,1,22.1615,1,37.078808,1,1
sea057_20220707,2022-07-08T19:14:17Z,24.16091666666667,57.65186666666667,151.1662,1,21.2155,1,36.89012,1,1
sea057_20220707,2022-07-08T19:15:17Z,24.16101666666667,57.65173333333334,157.7508,1,20.6336,1,36.68423,1,1
sea057_20220707,2022-07-08T19:16:17Z,24.161116666666665,57.65161666666666,163.7168,1,21.2381,1,36.968594,1,1
sea057_20220707,2022-07-08T19:17:17Z,24.1612,57.65151666666667,169.6591,1,22.4664,1,37.513733,1,1
sea057_20220707,2022-07-08T19:18:17Z,24.161283333333337,57.65138333333333,175.5257,1,22.2983,1,37.43763,1,1
sea057_20220707,2022-07-08T19:19:17Z,24.161366666666662,57.651266666666665,181.1645,1,21.798,1,37.330994,1,1
sea057_20220707,2022-07-08T19:20:17Z,24.161433333333335,57.651133333333334,186.9913,1,21.9222,1,37.396797,1,1
sea057_20220707,2022-07-08T19:21:17Z,24.1615,57.651,192.8268,1,21.562,1,37.37736,1,1
sea057_20220707,2022-07-08T19:22:17Z,24.161566666666666,57.65088333333333,198.7637,1,21.1823,1,37.279415,1,1
sea057_20220707,2022-07-08T19:23:17Z,24.16165,57.65075,204.6897,1,21.3529,1,37.38409,1,1
sea057_20220707,2022-07-08T19:24:17Z,24.161716666666667,57.65061666666667,210.5956,1,22.0729,1,37.69903,1,1
sea057_20220707,2022-07-08T19:25:17Z,24.161783333333332,57.65048333333334,216.3228,1,20.964,1,37.38998,1,1
sea057_20220707,2022-07-08T19:26:17Z,24.161849999999998,57.65036666666666,222.0627,1,20.9671,1,37.425922,1,1
sea057_20220707,2022-07-08T19:27:17Z,24.16191666666667,57.65025000000001,227.8296,1,21.0459,1,37.471924,1,1
sea057_20220707,2022-07-08T19:28:17Z,24.161983333333335,57.65011666666666,233.381,1,21.0148,1,37.520058,1,1
sea057_20220707,2022-07-08T19:29:17Z,24.162033333333337,57.65,238.6531,1,20.9784,1,37.519768,1,1
sea057_20220707,2022-07-08T19:30:17Z,24.162116666666666,57.64988333333334,244.3254,1,20.7888,1,37.45864,1,1
sea057_20220707,2022-07-08T19:31:17Z,24.1622,57.64978333333333,250.2246,1,20.3101,1,37.34094,1,1
sea057_20220707,2022-07-08T19:32:17Z,24.1623,57.64966666666666,255.9952,1,20.1784,1,37.350178,1,1
sea057_20220707,2022-07-08T19:33:17Z,24.16238333333333,57.64955,262.0758,1,19.7655,1,37.278652,1,1
sea057_20220707,2022-07-08T19:34:17Z,24.16248333333333,57.64943333333334,268.3014,1,19.616,1,37.24359,1,1
sea057_20220707,2022-07-08T19:35:17Z,24.162583333333334,57.64933333333333,274.6381,1,19.8449,1,37.335743,1,1
sea057_20220707,2022-07-08T19:36:17Z,24.162683333333334,57.649216666666675,280.8333,1,19.4951,1,37.24942,1,1
sea057_20220707,2022-07-08T19:37:17Z,24.16278333333333,57.6491,286.8733,1,18.9587,1,37.10143,1,1
sea057_20220707,2022-07-08T19:38:17Z,24.162866666666666,57.64896666666667,292.9177,1,18.2113,1,36.926376,1,1
sea057_20220707,2022-07-08T19:39:17Z,24.162966666666662,57.648849999999996,298.8555,1,17.7571,1,36.829815,1,1
sea057_20220707,2022-07-08T19:40:17Z,24.16306666666667,57.64875,304.7211,1,17.257,1,36.707825,1,1
sea057_20220707,2022-07-08T19:41:17Z,24.163166666666665,57.64863333333333,310.6649,1,16.9277,1,36.632637,1,1
sea057_20220707,2022-07-08T19:42:17Z,24.163266666666665,57.648516666666666,316.806,1,16.7306,1,36.584984,1,1
sea057_20220707,2022-07-08T19:43:18Z,24.16336666666667,57.64841666666666,322.8543,1,16.5965,1,36.56265,1,1
sea057_20220707,2022-07-08T19:44:18Z,24.163449999999997,57.64828333333333,328.8818,1,16.3856,1,36.50907,1,1
sea057_20220707,2022-07-08T19:45:18Z,24.16355,57.648166666666675,334.905,1,16.1778,1,36.464306,1,1
sea057_20220707,2022-07-08T19:46:18Z,24.163633333333337,57.64803333333332,341.0277,1,15.9728,1,36.3894,1,1
sea057_20220707,2022-07-08T19:47:18Z,24.163716666666666,57.64791666666667,346.9225,1,15.4813,1,36.30209,1,1
sea057_20220707,2022-07-08T19:48:18Z,24.1638,57.647800000000004,352.8531,1,15.1099,1,36.21801,1,1
sea057_20220707,2022-07-08T19:49:18Z,24.163899999999998,57.64766666666666,358.6981,1,14.9672,1,36.186523,1,1
sea057_20220707,2022-07-08T19:50:18Z,24.16398333333333,57.64756666666667,364.5047,1,14.8638,1,36.166454,1,1
sea057_20220707,2022-07-08T19:51:18Z,24.164066666666667,57.64745,370.302,1,14.6436,1,36.115913,1,1
sea057_20220707,2022-07-08T19:52:18Z,24.164166666666667,57.647333333333336,376.0919,1,14.5407,1,36.097366,1,1
sea057_20220707,2022-07-08T19:53:18Z,24.16426666666667,57.64721666666666,382.0872,1,14.5255,1,36.097294,1,1
sea057_20220707,2022-07-08T19:54:18Z,24.16438333333333,57.6471,388.2704,1,14.3687,1,36.07228,1,1
sea057_20220707,2022-07-08T19:55:18Z,24.164483333333337,57.64698333333334,394.3831,1,14.2673,1,36.049667,1,1
sea057_20220707,2022-07-08T19:56:18Z,24.164583333333333,57.64686666666667,400.4525,1,14.1075,1,36.02219,1,1
sea057_20220707,2022-07-08T19:57:18Z,24.164683333333333,57.646750000000004,406.7846,1,13.9721,1,35.996372,1,1
sea057_20220707,2022-07-08T19:58:18Z,24.164783333333336,57.64663333333333,413.1123,1,13.8954,1,35.98269,1,1
sea057_20220707,2022-07-08T19:59:18Z,24.164899999999996,57.64651666666667,419.4473,1,13.8261,1,35.97315,1,1
sea057_20220707,2022-07-08T20:00:18Z,24.165000000000003,57.64639999999999,425.7922,1,13.7731,1,35.970608,1,1
sea057_20220707,2022-07-08T20:01:18Z,24.1651,57.64626666666666,432.4577,1,13.7043,1,35.95434,1,1
sea057_20220707,2022-07-08T20:02:18Z,24.165216666666666,57.64616666666667,438.6708,1,13.6144,1,35.94199,1,1
sea057_20220707,2022-07-08T20:03:18Z,24.165300000000002,57.646049999999995,444.7907,1,13.5251,1,35.931,1,1
sea057_20220707,2022-07-08T20:04:18Z,24.16538333333333,57.64591666666667,450.7765,1,13.4711,1,35.917698,1,1
sea057_20220707,2022-07-08T20:05:18Z,24.165450000000003,57.64578333333334,456.7664,1,13.4223,1,35.911747,1,1
sea057_20220707,2022-07-08T20:06:18Z,24.16551666666667,57.645649999999996,462.7259,1,13.3943,1,35.91186,1,1
sea057_20220707,2022-07-08T20:07:18Z,24.165583333333334,57.645516666666666,468.5541,1,13.3208,1,35.900112,1,1
sea057_20220707,2022-07-08T20:08:18Z,24.165649999999996,57.645383333333335,474.4007,1,13.3125,1,35.901615,1,1
sea057_20220707,2022-07-08T20:09:18Z,24.165716666666672,57.645250000000004,480.303,1,13.3056,1,35.897327,1,1
sea057_20220707,2022-07-08T20:10:18Z,24.165799999999997,57.64513333333333,486.2097,1,13.2944,1,35.90343,1,1
sea057_20220707,2022-07-08T20:11:19Z,24.165883333333333,57.644999999999996,492.0171,1,13.2261,1,35.8871,1,1
sea057_20220707,2022-07-08T20:12:19Z,24.16596666666667,57.64488333333334,497.724,1,13.1946,1,35.88907,1,1
sea057_20220707,2022-07-08T20:13:19Z,24.166050000000002,57.64478333333333,503.5781,1,13.1061,1,35.873108,1,1
sea057_20220707,2022-07-08T20:14:19Z,24.16613333333333,57.64466666666667,509.6159,1,13.0845,1,35.871468,1,1
sea057_20220707,2022-07-08T20:15:19Z,24.166233333333334,57.644549999999995,515.7203,1,13.079,1,35.867935,1,1
sea057_20220707,2022-07-08T20:16:19Z,24.166333333333334,57.644416666666665,521.9537,1,12.996,1,35.863438,1,1
sea057_20220707,2022-07-08T20:17:19Z,24.16641666666667,57.64430000000001,528.0177,1,12.9293,1,35.854443,1,1
sea057_20220707,2022-07-08T20:18:19Z,24.166499999999996,57.64418333333333,534.0766,1,12.8736,1,35.8415,1,1
sea057_20220707,2022-07-08T20:19:19Z,24.16658333333333,57.64405,540.1139,1,12.7835,1,35.832035,1,1
sea057_20220707,2022-07-08T20:20:19Z,24.166683333333335,57.643933333333344,546.1086,1,12.7092,1,35.82673,1,1
sea057_20220707,2022-07-08T20:21:19Z,24.166766666666664,57.643816666666666,552.083,1,12.6531,1,35.815952,1,1
sea057_20220707,2022-07-08T20:22:19Z,24.16686666666667,57.6437,558.0398,1,12.5712,1,35.803905,1,1
sea057_20220707,2022-07-08T20:23:19Z,24.166949999999996,57.6436,563.8901,1,12.5333,1,35.804607,1,1
sea057_20220707,2022-07-08T20:24:19Z,24.167050000000003,57.64348333333334,569.6755,1,12.462,1,35.792686,1,1
sea057_20220707,2022-07-08T20:25:19Z,24.16713333333333,57.643366666666665,575.3253,1,12.2726,1,35.77116,1,1
sea057_20220707,2022-07-08T20:26:19Z,24.1672,57.643233333333335,581.2547,1,12.2254,1,35.76817,1,1
sea057_20220707,2022-07-08T20:27:19Z,24.167266666666666,57.643100000000004,587.2034,1,12.1578,1,35.758568,1,1
sea057_20220707,2022-07-08T20:28:19Z,24.167333333333332,57.642950000000006,593.4246,1,12.0895,1,35.743618,1,1
sea057_20220707,2022-07-08T20:29:19Z,24.167416666666668,57.642816666666675,599.5936,1,12.0518,1,35.74615,1,1
sea057_20220707,2022-07-08T20:30:19Z,24.167483333333333,57.64268333333333,605.7049,1,12.0025,1,35.738644,1,1
sea057_20220707,2022-07-08T20:31:19Z,24.16758333333333,57.64256666666667,611.8617,1,11.9628,1,35.733032,1,1
sea057_20220707,2022-07-08T20:32:19Z,24.167683333333336,57.64243333333334,618.1559,1,11.9495,1,35.733932,1,1
sea057_20220707,2022-07-08T20:33:19Z,24.167783333333333,57.642316666666666,624.4181,1,11.8915,1,35.721523,1,1
sea057_20220707,2022-07-08T20:34:19Z,24.167883333333332,57.642183333333335,630.819,1,11.7525,1,35.71277,1,1
sea057_20220707,2022-07-08T20:35:19Z,24.167950000000005,57.64203333333333,637.1969,1,11.6952,1,35.705353,1,1
sea057_20220707,2022-07-08T20:36:19Z,24.16801666666667,57.6419,643.3758,1,11.6738,1,35.70002,1,1
sea057_20220707,2022-07-08T20:37:19Z,24.168083333333335,57.64175,649.7925,1,11.5733,1,35.69227,1,1
sea057_20220707,2022-07-08T20:38:20Z,24.168166666666668,57.64161666666667,656.1461,1,11.5345,1,35.685696,1,1
sea057_20220707,2022-07-08T20:39:20Z,24.168266666666668,57.641483333333326,662.4117,1,11.4889,1,35.679764,1,1
sea057_20220707,2022-07-08T20:40:20Z,24.16835,57.641400000000004,664.7296,1,11.4761,1,35.68102,1,1
sea057_20220707,2022-07-08T20:41:20Z,24.168433333333336,57.64131666666667,656.5669,1,11.537,1,35.690876,1,1
sea057_20220707,2022-07-08T20:42:20Z,24.168549999999996,57.64118333333332,648.7898,1,11.5871,1,35.694843,1,1
sea057_20220707,2022-07-08T20:43:20Z,24.168650000000003,57.641083333333334,642.9157,1,11.6806,1,35.70569,1,1
sea057_20220707,2022-07-08T20:44:20Z,24.16873333333333,57.640966666666664,637.1459,1,11.7372,1,35.71232,1,1
sea057_20220707,2022-07-08T20:45:20Z,24.1688,57.64085,631.523,1,11.8729,1,35.74215,1,1
sea057_20220707,2022-07-08T20:46:20Z,24.168866666666666,57.64071666666667,625.673,1,11.933,1,35.729813,1,1
sea057_20220707,2022-07-08T20:47:20Z,24.16893333333333,57.64059999999999,619.9394,1,11.951,1,35.7346,1,1
sea057_20220707,2022-07-08T20:48:20Z,24.168999999999997,57.64046666666666,614.0454,1,12.0124,1,35.754055,1,1
sea057_20220707,2022-07-08T20:49:20Z,24.169066666666662,57.64033333333334,608.1292,1,12.075,1,35.747112,1,1
sea057_20220707,2022-07-08T20:50:20Z,24.169133333333335,57.64020000000001,602.1615,1,12.1205,1,35.754242,1,1
sea057_20220707,2022-07-08T20:51:20Z,24.169216666666664,57.64006666666668,596.1996,1,12.1562,1,35.76524,1,1
sea057_20220707,2022-07-08T20:52:20Z,24.169283333333336,57.63993333333333,590.2157,1,12.1853,1,35.762234,1,1
sea057_20220707,2022-07-08T20:53:20Z,24.169366666666665,57.63981666666667,584.3272,1,12.2263,1,35.76298,1,1
sea057_20220707,2022-07-08T20:54:20Z,24.169449999999998,57.63969999999999,578.4932,1,12.2789,1,35.771732,1,1
sea057_20220707,2022-07-08T20:55:20Z,24.169549999999997,57.639583333333334,572.6071,1,12.4151,1,35.790512,1,1
sea057_20220707,2022-07-08T20:56:20Z,24.16963333333333,57.63946666666667,566.7578,1,12.4681,1,35.800396,1,1
sea057_20220707,2022-07-08T20:57:20Z,24.169733333333337,57.63936666666667,560.9695,1,12.508,1,35.806557,1,1
sea057_20220707,2022-07-08T20:58:20Z,24.169816666666666,57.639266666666664,555.2051,1,12.5972,1,35.810486,1,1
sea057_20220707,2022-07-08T20:59:20Z,24.16991666666667,57.63915,549.3961,1,12.6359,1,35.818405,1,1
sea057_20220707,2022-07-08T21:00:20Z,24.170016666666665,57.63903333333333,543.5399,1,12.7051,1,35.826427,1,1
sea057_20220707,2022-07-08T21:01:20Z,24.17008333333333,57.6389,537.6309,1,12.7769,1,35.835308,1,1
sea057_20220707,2022-07-08T21:02:20Z,24.170149999999996,57.63876666666667,531.8125,1,12.8958,1,35.84737,1,1
sea057_20220707,2022-07-08T21:03:20Z,24.170233333333332,57.63863333333334,525.9805,1,12.9479,1,35.855858,1,1
sea057_20220707,2022-07-08T21:04:20Z,24.170299999999997,57.63850000000001,520.1606,1,13.0123,1,35.864704,1,1
sea057_20220707,2022-07-08T21:05:20Z,24.170400000000004,57.638400000000004,514.4334,1,13.0645,1,35.874588,1,1
sea057_20220707,2022-07-08T21:06:20Z,24.17048333333333,57.638266666666674,508.5645,1,13.1339,1,35.884163,1,1
sea057_20220707,2022-07-08T21:07:20Z,24.170583333333337,57.63816666666666,502.7218,1,13.1807,1,35.889412,1,1
sea057_20220707,2022-07-08T21:08:20Z,24.170683333333333,57.63805000000001,496.3331,1,13.215,1,35.89793,1,1
sea057_20220707,2022-07-08T21:09:21Z,24.17078333333333,57.63793333333333,489.8288,1,13.2284,1,35.896095,1,1
sea057_20220707,2022-07-08T21:10:21Z,24.170866666666665,57.63781666666667,483.4795,1,13.2364,1,35.904114,1,1
sea057_20220707,2022-07-08T21:11:21Z,24.17093333333333,57.63768333333334,477.0826,1,13.3053,1,35.9045,1,1
sea057_20220707,2022-07-08T21:12:21Z,24.171000000000003,57.63755,470.7868,1,13.3717,1,35.91557,1,1
sea057_20220707,2022-07-08T21:13:21Z,24.171083333333332,57.63739999999999,464.4076,1,13.4239,1,35.924755,1,1
sea057_20220707,2022-07-08T21:14:21Z,24.171149999999997,57.63726666666666,458.0609,1,13.4879,1,35.934418,1,1
sea057_20220707,2022-07-08T21:15:21Z,24.17123333333333,57.637150000000005,451.7671,1,13.5058,1,35.930706,1,1
sea057_20220707,2022-07-08T21:16:21Z,24.171316666666666,57.63701666666666,445.3794,1,13.5799,1,35.947998,1,1
sea057_20220707,2022-07-08T21:17:21Z,24.171416666666666,57.6369,438.9779,1,13.678,1,35.96432,1,1
sea057_20220707,2022-07-08T21:18:21Z,24.171499999999998,57.63678333333334,432.6717,1,13.7592,1,35.976322,1,1
sea057_20220707,2022-07-08T21:19:21Z,24.17161666666667,57.63666666666666,426.3145,1,13.8475,1,35.986485,1,1
sea057_20220707,2022-07-08T21:20:21Z,24.1717,57.63655000000001,419.9538,1,13.9541,1,36.009544,1,1
sea057_20220707,2022-07-08T21:21:21Z,24.17178333333333,57.636416666666676,413.6639,1,14.0565,1,36.026527,1,1
sea057_20220707,2022-07-08T21:22:21Z,24.171866666666666,57.6363,407.4679,1,14.1486,1,36.04,1,1
sea057_20220707,2022-07-08T21:23:21Z,24.171916666666668,57.63615,401.2779,1,14.2252,1,36.049698,1,1
sea057_20220707,2022-07-08T21:24:21Z,24.171983333333333,57.63601666666667,395.1155,1,14.2945,1,36.069828,1,1
sea057_20220707,2022-07-08T21:25:21Z,24.17206666666667,57.63590000000001,388.854,1,14.4101,1,36.084213,1,1
sea057_20220707,2022-07-08T21:26:21Z,24.172150000000002,57.63576666666666,382.5979,1,14.4953,1,36.100754,1,1
sea057_20220707,2022-07-08T21:27:21Z,24.172250000000002,57.635650000000005,376.3828,1,14.5946,1,36.118637,1,1
sea057_20220707,2022-07-08T21:28:21Z,24.172333333333334,57.63553333333333,369.987,1,14.7548,1,36.159935,1,1
sea057_20220707,2022-07-08T21:29:21Z,24.172433333333334,57.635416666666664,363.5548,1,14.8395,1,36.17465,1,1
sea057_20220707,2022-07-08T21:30:21Z,24.17251666666667,57.635283333333334,357.074,1,15.1471,1,36.245495,1,1
sea057_20220707,2022-07-08T21:31:21Z,24.172583333333332,57.635133333333336,350.5991,1,15.4399,1,36.304913,1,1
sea057_20220707,2022-07-08T21:32:21Z,24.172649999999997,57.635000000000005,344.4074,1,15.9803,1,36.44171,1,1
sea057_20220707,2022-07-08T21:33:21Z,24.172716666666663,57.63486666666666,338.2789,1,16.2314,1,36.489983,1,1
sea057_20220707,2022-07-08T21:34:21Z,24.17281666666667,57.634750000000004,332.3249,1,16.3837,1,36.524895,1,1
sea057_20220707,2022-07-08T21:35:21Z,24.172899999999995,57.63464999999999,326.3304,1,16.4251,1,36.537563,1,1
sea057_20220707,2022-07-08T21:36:21Z,24.17298333333333,57.63453333333334,320.4332,1,16.7457,1,36.61403,1,1
sea057_20220707,2022-07-08T21:37:21Z,24.173066666666667,57.63441666666666,314.5597,1,16.9379,1,36.66816,1,1
sea057_20220707,2022-07-08T21:38:21Z,24.173133333333332,57.6343,308.6966,1,17.166,1,36.72964,1,1
sea057_20220707,2022-07-08T21:39:21Z,24.173199999999998,57.63416666666667,302.9886,1,17.619,1,36.82395,1,1
sea057_20220707,2022-07-08T21:40:21Z,24.17326666666667,57.63403333333334,297.2812,1,17.6832,1,36.84666,1,1
sea057_20220707,2022-07-08T21:41:21Z,24.173333333333336,57.633916666666664,291.4697,1,18.2701,1,36.969673,1,1
sea057_20220707,2022-07-08T21:42:21Z,24.1734,57.633783333333334,285.6586,1,18.6206,1,37.063942,1,1
sea057_20220707,2022-07-08T21:43:22Z,24.173483333333333,57.63368333333333,279.8258,1,19.3508,1,37.233112,1,1
sea057_20220707,2022-07-08T21:44:22Z,24.173583333333333,57.63356666666667,273.9822,1,19.4765,1,37.26731,1,1
sea057_20220707,2022-07-08T21:45:22Z,24.17366666666667,57.633449999999996,268.1329,1,19.5556,1,37.24416,1,1
sea057_20220707,2022-07-08T21:46:22Z,24.173750000000002,57.63333333333333,262.1825,1,19.8007,1,37.328197,1,1
sea057_20220707,2022-07-08T21:47:22Z,24.17383333333333,57.63321666666668,256.1437,1,20.3685,1,37.417747,1,1
sea057_20220707,2022-07-08T21:48:22Z,24.173900000000003,57.633083333333325,250.1852,1,20.2831,1,37.355633,1,1
sea057_20220707,2022-07-08T21:49:22Z,24.17396666666667,57.63295,244.1822,1,20.7995,1,37.491745,1,1
sea057_20220707,2022-07-08T21:50:22Z,24.174033333333334,57.632799999999996,238.113,1,20.9012,1,37.51461,1,1
sea057_20220707,2022-07-08T21:51:22Z,24.1741,57.632666666666665,232.0199,1,20.9801,1,37.52742,1,1
sea057_20220707,2022-07-08T21:52:22Z,24.174183333333335,57.63255000000001,226.0577,1,20.9055,1,37.467,1,1
sea057_20220707,2022-07-08T21:53:22Z,24.174266666666668,57.632416666666664,220.2225,1,21.2427,1,37.564636,1,1
sea057_20220707,2022-07-08T21:54:22Z,24.174333333333333,57.6323,214.5619,1,22.3286,1,37.839607,1,1
sea057_20220707,2022-07-08T21:55:22Z,24.1744,57.63216666666667,208.7507,1,22.5571,1,37.864857,1,1
sea057_20220707,2022-07-08T21:56:22Z,24.174466666666664,57.632033333333325,202.7804,1,22.3887,1,37.756977,1,1
sea057_20220707,2022-07-08T21:57:22Z,24.17456666666667,57.63191666666667,196.6759,1,22.21,1,37.629333,1,1
sea057_20220707,2022-07-08T21:58:22Z,24.174649999999996,57.631800000000005,190.4662,1,21.7479,1,37.370316,1,1
sea057_20220707,2022-07-08T21:59:22Z,24.174733333333332,57.63166666666666,184.4494,1,22.4044,1,37.589172,1,1
sea057_20220707,2022-07-08T22:00:22Z,24.174783333333334,57.63151666666666,178.6027,1,22.4122,1,37.49872,1,1
sea057_20220707,2022-07-08T22:01:22Z,24.17485,57.63138333333333,172.9585,1,22.3972,1,37.42675,1,1
sea057_20220707,2022-07-08T22:02:22Z,24.174916666666665,57.63126666666667,166.9731,1,21.8263,1,37.155575,1,1
sea057_20220707,2022-07-08T22:03:22Z,24.17498333333333,57.63113333333334,161.0127,1,21.2236,1,36.887173,1,1
sea057_20220707,2022-07-08T22:04:22Z,24.175066666666666,57.63101666666667,155.2613,1,21.0031,1,36.8196,1,1
sea057_20220707,2022-07-08T22:05:22Z,24.17513333333333,57.63088333333334,149.7605,1,22.004,1,37.040257,1,1
sea057_20220707,2022-07-08T22:06:22Z,24.175200000000004,57.63076666666666,144.3211,1,21.4498,1,36.781067,1,1
sea057_20220707,2022-07-08T22:07:22Z,24.17525,57.63063333333333,138.8564,1,21.3532,1,36.665253,1,1
sea057_20220707,2022-07-08T22:08:22Z,24.1753,57.6305,133.0448,1,21.4857,1,36.6688,1,1
sea057_20220707,2022-07-08T22:09:22Z,24.175383333333336,57.63036666666667,127.0695,1,23.2292,1,37.220272,1,1
sea057_20220707,2022-07-08T22:10:22Z,24.17545,57.63025,120.9544,1,24.2041,1,37.425823,1,1
sea057_20220707,2022-07-08T22:11:22Z,24.175533333333338,57.63013333333333,115.3735,1,23.0024,1,36.829094,1,1
sea057_20220707,2022-07-08T22:12:22Z,24.175616666666663,57.63003333333333,109.9083,1,23.2967,1,36.898594,1,1
sea057_20220707,2022-07-08T22:13:23Z,24.17571666666667,57.62991666666667,104.2747,1,23.6363,1,36.99085,1,1
sea057_20220707,2022-07-08T22:14:23Z,24.175799999999995,57.629799999999996,98.1379,1,23.5803,1,36.85901,1,1
sea057_20220707,2022-07-08T22:15:23Z,24.175866666666668,57.629666666666665,91.8345,1,23.604,1,36.846455,1,1
sea057_20220707,2022-07-08T22:16:23Z,24.175949999999997,57.629533333333335,85.5483,1,23.6019,1,36.838722,1,1
sea057_20220707,2022-07-08T22:17:23Z,24.176033333333333,57.629400000000004,79.0828,1,23.5676,1,36.77649,1,1
sea057_20220707,2022-07-08T22:18:23Z,24.176133333333336,57.62926666666667,72.7258,1,23.6422,1,36.767628,1,1
sea057_20220707,2022-07-08T22:19:23Z,24.176233333333336,57.629149999999996,66.3923,1,23.6895,1,36.728745,1,1
sea057_20220707,2022-07-08T22:20:23Z,24.176333333333332,57.62903333333334,60.2188,1,23.7126,1,36.709373,1,1
sea057_20220707,2022-07-08T22:21:23Z,24.176416666666668,57.62891666666666,54.2151,1,23.7055,1,36.661324,1,1
sea057_20220707,2022-07-08T22:22:23Z,24.176483333333334,57.6288,48.4535,1,23.7212,1,36.64496,1,1
sea057_20220707,2022-07-08T22:23:23Z,24.17655,57.62866666666667,42.8719,1,23.9845,1,36.61349,1,1
sea057_20220707,2022-07-08T22:24:23Z,24.1766,57.628533333333344,37.2875,1,24.2187,1,36.56822,1,1
sea057_20220707,2022-07-08T22:25:23Z,24.176666666666666,57.62839999999999,31.0705,1,24.6519,1,36.528664,1,1
sea057_20220707,2022-07-08T22:26:23Z,24.17676666666667,57.628283333333336,25.1558,1,25.6955,1,36.6131,1,1
sea057_20220707,2022-07-08T22:27:23Z,24.176833333333335,57.62816666666666,19.9502,1,27.6437,1,36.64368,1,1
sea057_20220707,2022-07-08T22:28:23Z,24.1769,57.62805,14.6051,1,32.1263,1,37.034504,1,1
sea057_20220707,2022-07-08T22:29:23Z,24.17695,57.62798333333333,9.3759,1,32.2014,1,37.05164,1,1
sea057_20220707,2022-07-08T22:30:23Z,24.177016666666667,57.6279,5.4424,1,32.1335,1,37.077747,1,1
sea057_20220707,2022-07-08T22:31:23Z,24.177016666666667,57.6279,1.7947,1,32.1622,1,37.042164,1,1
sea057_20220707,2022-07-08T22:32:23Z,24.17296666666667,57.641,1.9703,1,32.1613,1,37.03324,1,1
sea057_20220707,2022-07-08T22:33:23Z,24.17296666666667,57.641,2.2916,1,32.1802,1,37.03831,1,1
sea057_20220707,2022-07-08T22:34:23Z,24.172899999999995,57.64126666666666,2.1922,1,32.12,1,37.054455,1,1
sea057_20220707,2022-07-08T22:35:23Z,24.172866666666664,57.64156666666666,2.1072,1,32.1439,1,37.03221,1,1
sea057_20220707,2022-07-08T22:36:23Z,24.172883333333335,57.64156666666666,3.0502,1,32.1807,1,37.056652,1,1
sea057_20220707,2022-07-08T22:37:23Z,24.173000000000002,57.64151666666667,11.8663,1,32.1987,1,37.047436,1,1
sea057_20220707,2022-07-08T22:38:23Z,24.173083333333338,57.64133333333333,20.2186,1,27.4413,1,36.579784,1,1
sea057_20220707,2022-07-08T22:39:23Z,24.17311666666667,57.64123333333334,26.2924,1,25.5132,1,36.552116,1,1
sea057_20220707,2022-07-08T22:40:23Z,24.173166666666663,57.64110000000001,33.1255,1,24.4577,1,36.539017,1,1
sea057_20220707,2022-07-08T22:41:23Z,24.17321666666667,57.640966666666664,40.188,1,24.0148,1,36.555164,1,1
sea057_20220707,2022-07-08T22:42:23Z,24.173283333333334,57.640800000000006,47.2814,1,23.9532,1,36.666218,1,1
sea057_20220707,2022-07-08T22:43:23Z,24.173349999999996,57.64065000000001,53.5101,1,23.7207,1,36.636246,1,1
sea057_20220707,2022-07-08T22:44:23Z,24.1734,57.64051666666666,59.8429,1,23.7268,1,36.67425,1,1
sea057_20220707,2022-07-08T22:45:23Z,24.173450000000003,57.640350000000005,66.1487,1,23.7396,1,36.708626,1,1
sea057_20220707,2022-07-08T22:46:23Z,24.173499999999997,57.64020000000001,72.3681,1,23.6517,1,36.744614,1,1
sea057_20220707,2022-07-08T22:47:23Z,24.17356666666667,57.64005,78.3263,1,23.5954,1,36.76091,1,1
sea057_20220707,2022-07-08T22:48:23Z,24.173616666666664,57.63991666666667,84.6152,1,23.6122,1,36.810257,1,1
sea057_20220707,2022-07-08T22:49:23Z,24.17368333333333,57.639766666666674,90.9057,1,23.6166,1,36.82544,1,1
sea057_20220707,2022-07-08T22:50:23Z,24.173733333333335,57.639616666666676,97.3532,1,23.6119,1,36.848755,1,1
sea057_20220707,2022-07-08T22:51:23Z,24.173783333333336,57.63946666666667,104.111,1,23.769,1,36.966915,1,1
sea057_20220707,2022-07-08T22:52:23Z,24.17383333333333,57.63931666666667,110.0097,1,23.4196,1,36.892975,1,1
sea057_20220707,2022-07-08T22:53:23Z,24.173883333333333,57.639166666666675,115.7789,1,23.0875,1,36.86458,1,1
sea057_20220707,2022-07-08T22:54:23Z,24.173916666666667,57.63903333333333,121.3551,1,24.1333,1,37.38065,1,1
sea057_20220707,2022-07-08T22:55:23Z,24.17396666666667,57.6389,126.983,1,22.6363,1,36.919052,1,1
sea057_20220707,2022-07-08T22:56:24Z,24.174033333333334,57.63876666666667,132.81,1,21.615,1,36.667362,1,1
sea057_20220707,2022-07-08T22:57:24Z,24.174083333333336,57.638616666666664,138.7601,1,21.5932,1,36.719543,1,1
sea057_20220707,2022-07-08T22:58:24Z,24.17413333333333,57.63848333333333,144.6285,1,21.7545,1,36.887165,1,1
sea057_20220707,2022-07-08T22:59:24Z,24.174183333333335,57.63835000000001,150.5459,1,22.0163,1,37.029873,1,1
sea057_20220707,2022-07-08T23:00:24Z,24.174249999999997,57.63821666666666,156.5722,1,20.8862,1,36.688362,1,1
sea057_20220707,2022-07-08T23:01:24Z,24.174333333333333,57.638083333333334,162.7282,1,21.1715,1,36.8704,1,1
sea057_20220707,2022-07-08T23:02:24Z,24.17441666666667,57.637950000000004,168.7178,1,21.8832,1,37.19601,1,1
sea057_20220707,2022-07-08T23:03:24Z,24.174483333333335,57.63783333333334,174.2218,1,22.5438,1,37.445232,1,1
sea057_20220707,2022-07-08T23:04:24Z,24.17455,57.63771666666666,179.5595,1,21.7993,1,37.327595,1,1
sea057_20220707,2022-07-08T23:05:24Z,24.174616666666665,57.63758333333333,185.4795,1,21.7171,1,37.359524,1,1
sea057_20220707,2022-07-08T23:06:24Z,24.174699999999998,57.63746666666666,191.3716,1,22.2044,1,37.61694,1,1
sea057_20220707,2022-07-08T23:07:24Z,24.174783333333334,57.63735,196.8628,1,22.3287,1,37.714886,1,1
sea057_20220707,2022-07-08T23:08:24Z,24.17483333333333,57.63721666666667,202.6508,1,22.5289,1,37.836086,1,1
sea057_20220707,2022-07-08T23:09:24Z,24.174883333333334,57.63706666666667,208.6343,1,22.3236,1,37.79127,1,1
sea057_20220707,2022-07-08T23:10:24Z,24.174933333333335,57.63691666666667,214.4231,1,21.7529,1,37.67152,1,1
sea057_20220707,2022-07-08T23:11:24Z,24.175,57.636799999999994,220.342,1,21.1779,1,37.507313,1,1
sea057_20220707,2022-07-08T23:12:24Z,24.175083333333337,57.63666666666666,226.5047,1,20.9216,1,37.44226,1,1
sea057_20220707,2022-07-08T23:13:24Z,24.17516666666667,57.63653333333333,232.7277,1,20.9055,1,37.469433,1,1
sea057_20220707,2022-07-08T23:14:24Z,24.175233333333335,57.636416666666676,238.6269,1,20.8555,1,37.493717,1,1
sea057_20220707,2022-07-08T23:15:24Z,24.175316666666664,57.63628333333333,244.4817,1,20.4845,1,37.38738,1,1
sea057_20220707,2022-07-08T23:16:24Z,24.1754,57.63616666666667,250.2834,1,20.3176,1,37.385357,1,1
sea057_20220707,2022-07-08T23:17:24Z,24.17546666666666,57.63604999999999,256.0867,1,20.2797,1,37.405834,1,1
sea057_20220707,2022-07-08T23:18:24Z,24.175549999999998,57.635933333333334,261.7936,1,19.8349,1,37.307556,1,1
sea057_20220707,2022-07-08T23:19:24Z,24.1756,57.6358,267.75,1,19.7657,1,37.298775,1,1
sea057_20220707,2022-07-08T23:20:24Z,24.175666666666665,57.635650000000005,273.9329,1,19.3543,1,37.184834,1,1
sea057_20220707,2022-07-08T23:21:24Z,24.17573333333333,57.635516666666675,279.9907,1,19.2463,1,37.19038,1,1
sea057_20220707,2022-07-08T23:22:24Z,24.175799999999995,57.63538333333333,286.0464,1,19.0874,1,37.161915,1,1
sea057_20220707,2022-07-08T23:23:24Z,24.175866666666668,57.635233333333325,291.902,1,18.6838,1,37.06671,1,1
sea057_20220707,2022-07-08T23:24:24Z,24.175949999999997,57.63511666666667,297.8086,1,18.203,1,36.94352,1,1
sea057_20220707,2022-07-08T23:25:24Z,24.17601666666667,57.634966666666664,303.9757,1,18.0137,1,36.891304,1,1
sea057_20220707,2022-07-08T23:26:24Z,24.176083333333334,57.63483333333333,310.2168,1,17.4492,1,36.74662,1,1
sea057_20220707,2022-07-08T23:27:24Z,24.17616666666667,57.6347,316.3439,1,17.2232,1,36.69888,1,1
sea057_20220707,2022-07-08T23:28:24Z,24.176233333333336,57.634550000000004,322.3768,1,16.9772,1,36.654335,1,1
sea057_20220707,2022-07-08T23:29:24Z,24.1763,57.63441666666666,328.2522,1,16.623,1,36.573696,1,1
sea057_20220707,2022-07-08T23:30:24Z,24.176366666666663,57.63428333333333,334.2348,1,16.5431,1,36.55262,1,1
sea057_20220707,2022-07-08T23:31:24Z,24.17643333333333,57.63413333333333,340.2428,1,16.2363,1,36.47339,1,1
sea057_20220707,2022-07-08T23:32:25Z,24.1765,57.634,346.2474,1,16.1024,1,36.447624,1,1
sea057_20220707,2022-07-08T23:33:25Z,24.17655,57.63385,352.393,1,15.6542,1,36.323494,1,1
sea057_20220707,2022-07-08T23:34:25Z,24.17661666666667,57.6337,358.4796,1,15.2137,1,36.246582,1,1
sea057_20220707,2022-07-08T23:35:25Z,24.176666666666666,57.63356666666667,364.5513,1,14.9582,1,36.186596,1,1
sea057_20220707,2022-07-08T23:36:25Z,24.17673333333333,57.63341666666667,370.6023,1,14.872,1,36.16065,1,1
sea057_20220707,2022-07-08T23:37:25Z,24.176783333333333,57.63326666666667,376.7607,1,14.7437,1,36.14048,1,1
sea057_20220707,2022-07-08T23:38:25Z,24.176833333333335,57.633116666666666,382.9562,1,14.7261,1,36.144413,1,1
sea057_20220707,2022-07-08T23:39:25Z,24.17688333333333,57.63296666666667,389.0645,1,14.4331,1,36.07068,1,1
sea057_20220707,2022-07-08T23:40:25Z,24.176933333333334,57.63281666666667,395.0724,1,14.3256,1,36.052288,1,1
sea057_20220707,2022-07-08T23:41:25Z,24.176983333333336,57.632666666666665,400.9865,1,14.2,1,36.036247,1,1
sea057_20220707,2022-07-08T23:42:25Z,24.17703333333333,57.63251666666667,406.9399,1,14.188,1,36.034657,1,1
sea057_20220707,2022-07-08T23:43:25Z,24.177083333333332,57.63236666666667,412.8557,1,14.0968,1,36.01901,1,1
sea057_20220707,2022-07-08T23:44:25Z,24.177133333333337,57.63223333333334,418.7262,1,14.0186,1,36.0068,1,1
sea057_20220707,2022-07-08T23:45:25Z,24.177183333333332,57.632083333333334,424.5496,1,13.9137,1,35.98369,1,1
sea057_20220707,2022-07-08T23:46:25Z,24.177250000000004,57.63195,430.3567,1,13.8513,1,35.977226,1,1
sea057_20220707,2022-07-08T23:47:25Z,24.17731666666667,57.63181666666666,436.2629,1,13.7455,1,35.961315,1,1
sea057_20220707,2022-07-08T23:48:25Z,24.177416666666666,57.63168333333333,442.5305,1,13.7043,1,35.95974,1,1
sea057_20220707,2022-07-08T23:49:25Z,24.177500000000002,57.63156666666667,448.867,1,13.6383,1,35.944603,1,1
sea057_20220707,2022-07-08T23:50:25Z,24.177583333333338,57.63143333333334,455.1094,1,13.5802,1,35.93851,1,1
sea057_20220707,2022-07-08T23:51:25Z,24.177666666666664,57.631299999999996,461.4651,1,13.4457,1,35.92415,1,1
sea057_20220707,2022-07-08T23:52:25Z,24.17775,57.631166666666665,467.9105,1,13.3979,1,35.914494,1,1
sea057_20220707,2022-07-08T23:53:25Z,24.177816666666665,57.63101666666667,474.1686,1,13.3282,1,35.90135,1,1
sea057_20220707,2022-07-08T23:54:25Z,24.17788333333333,57.63088333333334,480.2682,1,13.2601,1,35.892487,1,1
sea057_20220707,2022-07-08T23:55:25Z,24.177950000000003,57.63073333333333,486.5952,1,13.2372,1,35.89272,1,1
sea057_20220707,2022-07-08T23:56:25Z,24.178016666666668,57.630583333333334,492.979,1,13.2499,1,35.890907,1,1
sea057_20220707,2022-07-08T23:57:25Z,24.17806666666667,57.630433333333336,499.4356,1,13.2567,1,35.895752,1,1
sea057_20220707,2022-07-08T23:58:25Z,24.178116666666664,57.63028333333333,505.8746,1,13.2395,1,35.88982,1,1
sea057_20220707,2022-07-08T23:59:25Z,24.1782,57.63015,512.2718,1,13.213,1,35.897118,1,1
Bellatrix_368,2016-07-06T00:00:04Z,7.9871921828454475,88.01661412291291,383.97256,NaN,11.474218,NaN,35.05831,NaN,NaN
Bellatrix_368,2016-07-06T00:00:14Z,7.9871981066519195,88.01659630631713,382.69424,NaN,11.48822,NaN,35.059002,NaN,NaN
Bellatrix_368,2016-07-06T00:00:19Z,7.987202538117855,88.01658555866948,381.9293,NaN,11.495873,NaN,35.06101,NaN,NaN
Bellatrix_368,2016-07-06T00:00:24Z,7.987207075713398,88.0165762292523,381.0536,NaN,11.493893,NaN,35.071873,NaN,NaN
Bellatrix_368,2016-07-06T00:00:29Z,7.98721221118951,88.01656719569255,380.4799,NaN,11.487877,NaN,35.081516,NaN,NaN
Bellatrix_368,2016-07-06T00:00:34Z,7.9872182310004485,88.01655821886203,379.68472,NaN,11.475284,NaN,35.09622,NaN,NaN
Bellatrix_368,2016-07-06T00:00:39Z,7.9872243249513275,88.01655025686547,379.07074,NaN,11.468364,NaN,35.11424,NaN,NaN
Bellatrix_368,2016-07-06T00:00:45Z,7.9872316818849205,88.01654182176372,378.33597,NaN,11.498732,NaN,35.116837,NaN,NaN
Bellatrix_368,2016-07-06T00:00:50Z,7.987239890501052,88.01653347544301,377.67166,NaN,11.524721,NaN,35.113155,NaN,NaN
Bellatrix_368,2016-07-06T00:00:55Z,7.987246712023408,88.01652728930537,377.08786,NaN,11.522399,NaN,35.11286,NaN,NaN
Bellatrix_368,2016-07-06T00:01:01Z,7.987256746852033,88.01651950336338,376.22223,NaN,11.532569,NaN,35.106556,NaN,NaN
Bellatrix_368,2016-07-06T00:01:09Z,7.987270520192356,88.0165089955297,375.02448,NaN,11.56409,NaN,35.079094,NaN,NaN
Bellatrix_368,2016-07-06T00:01:15Z,7.987279693477994,88.01650207495622,374.48093,NaN,11.576417,NaN,35.072315,NaN,NaN
Bellatrix_368,2016-07-06T00:01:20Z,7.987287800840995,88.0164960620279,373.77637,NaN,11.582336,NaN,35.077526,NaN,NaN
Bellatrix_368,2016-07-06T00:01:25Z,7.987296921372613,88.01648923548102,373.2127,NaN,11.602227,NaN,35.083286,NaN,NaN
Bellatrix_368,2016-07-06T00:01:30Z,7.987304957133261,88.01648309596659,372.63898,NaN,11.620596,NaN,35.078255,NaN,NaN
Bellatrix_368,2016-07-06T00:01:35Z,7.987312955470556,88.01647693088849,372.025,NaN,11.630142,NaN,35.07655,NaN,NaN
Bellatrix_368,2016-07-06T00:01:40Z,7.987320315124519,88.01647125750182,371.57205,NaN,11.634215,NaN,35.0779,NaN,NaN
Bellatrix_368,2016-07-06T00:01:46Z,7.987329312723846,88.01646438035912,370.8675,NaN,11.643859,NaN,35.075798,NaN,NaN
Bellatrix_368,2016-07-06T00:01:50Z,7.987336370897751,88.01645900065208,370.32394,NaN,11.652342,NaN,35.074913,NaN,NaN
Bellatrix_368,2016-07-06T00:01:56Z,7.987345371263612,88.01645217918468,369.6697,NaN,11.666057,NaN,35.07278,NaN,NaN
Bellatrix_368,2016-07-06T00:02:00Z,7.987352451104291,88.01644682815059,369.2369,NaN,11.666273,NaN,35.07123,NaN,NaN
Bellatrix_368,2016-07-06T00:02:06Z,7.98736130440312,88.01643997997682,368.50214,NaN,11.678086,NaN,35.07147,NaN,NaN
Bellatrix_368,2016-07-06T00:02:11Z,7.9873690955832295,88.01643365366289,368.0089,NaN,11.693273,NaN,35.06799,NaN,NaN
Bellatrix_368,2016-07-06T00:02:16Z,7.98737675075142,88.0164271506959,367.38486,NaN,11.698454,NaN,35.065865,NaN,NaN
Bellatrix_368,2016-07-06T00:02:21Z,7.9873842502611225,88.01642059896773,366.8011,NaN,11.699956,NaN,35.065437,NaN,NaN
Bellatrix_368,2016-07-06T00:02:26Z,7.987392658223045,88.01641306677561,366.0361,NaN,11.701201,NaN,35.06343,NaN,NaN
Bellatrix_368,2016-07-06T00:02:31Z,7.987400049403057,88.0164062587225,365.5429,NaN,11.703753,NaN,35.062737,NaN,NaN
Bellatrix_368,2016-07-06T00:02:36Z,7.987407358544076,88.01639931783056,364.9088,NaN,11.704008,NaN,35.06314,NaN,NaN
Bellatrix_368,2016-07-06T00:02:41Z,7.987414708836079,88.01639222102857,364.31494,NaN,11.707709,NaN,35.062214,NaN,NaN
Bellatrix_368,2016-07-06T00:02:46Z,7.987421711053773,88.01638527089482,363.85193,NaN,11.709445,NaN,35.061245,NaN,NaN
Bellatrix_368,2016-07-06T00:02:51Z,7.98742793634525,88.01637897133106,363.28827,NaN,11.711673,NaN,35.061287,NaN,NaN
Bellatrix_368,2016-07-06T00:02:56Z,7.987435526677944,88.01637114049355,362.71457,NaN,11.713892,NaN,35.05986,NaN,NaN
Bellatrix_368,2016-07-06T00:03:02Z,7.98744333222755,88.01636297558667,362.0603,NaN,11.713352,NaN,35.063366,NaN,NaN
Bellatrix_368,2016-07-06T00:03:07Z,7.987450183267384,88.01635562867266,361.44632,NaN,11.717572,NaN,35.06523,NaN,NaN
Bellatrix_368,2016-07-06T00:03:12Z,7.987456869140651,88.0163481341537,360.86252,NaN,11.730555,NaN,35.063797,NaN,NaN
Bellatrix_368,2016-07-06T00:03:17Z,7.987463423426672,88.0163405380297,360.28882,NaN,11.736288,NaN,35.06284,NaN,NaN
Bellatrix_368,2016-07-06T00:03:22Z,7.987469905359177,88.01633296271093,359.73523,NaN,11.741042,NaN,35.062325,NaN,NaN
Bellatrix_368,2016-07-06T00:03:27Z,7.9874772646527745,88.0163244097953,359.11118,NaN,11.74317,NaN,35.06416,NaN,NaN
Bellatrix_368,2016-07-06T00:03:32Z,7.98748389285047,88.016316855079,358.56763,NaN,11.743434,NaN,35.064766,NaN,NaN
Bellatrix_368,2016-07-06T00:03:37Z,7.987490589062702,88.0163093489186,357.9134,NaN,11.74669,NaN,35.064255,NaN,NaN
Bellatrix_368,2016-07-06T00:03:42Z,7.987497499691788,88.01630179325994,357.4202,NaN,11.748804,NaN,35.068787,NaN,NaN
Bellatrix_368,2016-07-06T00:03:47Z,7.987504187774898,88.01629450113658,356.76593,NaN,11.768077,NaN,35.074554,NaN,NaN
Bellatrix_368,2016-07-06T00:03:52Z,7.987510158336002,88.01628797327892,356.37338,NaN,11.783463,NaN,35.072132,NaN,NaN
Bellatrix_368,2016-07-06T00:03:57Z,7.987517697256398,88.01627956925898,355.7393,NaN,11.792806,NaN,35.068886,NaN,NaN
Bellatrix_368,2016-07-06T00:04:02Z,7.987523534072708,88.01627287949628,355.2058,NaN,11.800678,NaN,35.06812,NaN,NaN
Bellatrix_368,2016-07-06T00:04:07Z,7.987530807627309,88.01626435525024,354.58176,NaN,11.807563,NaN,35.06743,NaN,NaN
Bellatrix_368,2016-07-06T00:04:14Z,7.987538815762654,88.01625478474269,353.8973,NaN,11.812076,NaN,35.072838,NaN,NaN
Bellatrix_368,2016-07-06T00:04:20Z,7.987547234594217,88.01624461005031,353.01157,NaN,11.82675,NaN,35.07199,NaN,NaN
Bellatrix_368,2016-07-06T00:04:25Z,7.987553678052199,88.01623675695049,352.61902,NaN,11.8331785,NaN,35.071926,NaN,NaN
Bellatrix_368,2016-07-06T00:04:31Z,7.987560727313027,88.01622811717732,351.94464,NaN,11.839159,NaN,35.071632,NaN,NaN
Bellatrix_368,2016-07-06T00:04:36Z,7.987567091672211,88.01622036065145,351.3709,NaN,11.852055,NaN,35.069134,NaN,NaN
Bellatrix_368,2016-07-06T00:04:41Z,7.987573470150492,88.01621263056386,350.81732,NaN,11.853423,NaN,35.067642,NaN,NaN
Bellatrix_368,2016-07-06T00:04:46Z,7.98757964026646,88.01620515315882,350.25366,NaN,11.855815,NaN,35.066994,NaN,NaN
Bellatrix_368,2016-07-06T00:04:51Z,7.987586807639163,88.01619649177994,349.6095,NaN,11.861066,NaN,35.06661,NaN,NaN
Bellatrix_368,2016-07-06T00:04:56Z,7.987592418553352,88.01618973039197,349.11627,NaN,11.860596,NaN,35.06937,NaN,NaN
Bellatrix_368,2016-07-06T00:05:01Z,7.98759960910822,88.01618111398189,348.40164,NaN,11.87519,NaN,35.0718,NaN,NaN
Bellatrix_368,2016-07-06T00:05:06Z,7.987606359722006,88.01617324729105,347.87823,NaN,11.877247,NaN,35.07107,NaN,NaN
Bellatrix_368,2016-07-06T00:05:11Z,7.987612663369875,88.01616602296609,347.3448,NaN,11.887882,NaN,35.065304,NaN,NaN
Bellatrix_368,2016-07-06T00:05:16Z,7.987619367112557,88.0161585086227,346.65027,NaN,11.888977,NaN,35.064045,NaN,NaN
Bellatrix_368,2016-07-06T00:05:21Z,7.987625953562156,88.01615114616317,346.09668,NaN,11.891215,NaN,35.06542,NaN,NaN
Bellatrix_368,2016-07-06T00:05:26Z,7.9876323964732014,88.01614394415836,345.69406,NaN,11.889991,NaN,35.06472,NaN,NaN
Bellatrix_368,2016-07-06T00:05:32Z,7.987639845551808,88.01613557121716,345.03983,NaN,11.89573,NaN,35.061306,NaN,NaN
Bellatrix_368,2016-07-06T00:05:37Z,7.987646446327976,88.01612811058816,344.44595,NaN,11.896193,NaN,35.061092,NaN,NaN
Bellatrix_368,2016-07-06T00:05:42Z,7.987653035844797,88.01612064204821,343.8823,NaN,11.898989,NaN,35.061005,NaN,NaN
Bellatrix_368,2016-07-06T00:05:46Z,7.987658820860885,88.01611401221506,343.40924,NaN,11.899099,NaN,35.06168,NaN,NaN
Bellatrix_368,2016-07-06T00:05:52Z,7.9876660768057866,88.01610558038857,342.7248,NaN,11.900939,NaN,35.061665,NaN,NaN
Bellatrix_368,2016-07-06T00:05:56Z,7.987671709316993,88.01609886896972,342.3524,NaN,11.908468,NaN,35.06039,NaN,NaN
Bellatrix_368,2016-07-06T00:06:02Z,7.987678720675319,88.01609015605555,341.78873,NaN,11.9115505,NaN,35.06865,NaN,NaN
Bellatrix_368,2016-07-06T00:06:06Z,7.987684058228851,88.01608315679137,341.24518,NaN,11.925834,NaN,35.080353,NaN,NaN
Bellatrix_368,2016-07-06T00:06:12Z,7.987690537800633,88.01607415802626,340.601,NaN,11.968208,NaN,35.070293,NaN,NaN
Bellatrix_368,2016-07-06T00:06:17Z,7.987696175421785,88.01606597875066,340.05746,NaN,11.971779,NaN,35.06536,NaN,NaN
Bellatrix_368,2016-07-06T00:06:22Z,7.987701694901951,88.01605773143139,339.50388,NaN,11.973891,NaN,35.06376,NaN,NaN
Bellatrix_368,2016-07-06T00:06:27Z,7.987707034408604,88.01604946200095,338.94022,NaN,11.974832,NaN,35.06423,NaN,NaN
Bellatrix_368,2016-07-06T00:06:32Z,7.987712886707722,88.0160400048882,338.42688,NaN,11.983495,NaN,35.06463,NaN,NaN
Bellatrix_368,2016-07-06T00:06:37Z,7.98771796888628,88.01603153504688,337.91357,NaN,11.987248,NaN,35.062084,NaN,NaN
Bellatrix_368,2016-07-06T00:06:42Z,7.987723014820923,88.01602304683459,337.3197,NaN,11.9868555,NaN,35.062077,NaN,NaN
Bellatrix_368,2016-07-06T00:06:47Z,7.987728118090647,88.01601440870789,336.83658,NaN,11.991544,NaN,35.05989,NaN,NaN
Bellatrix_368,2016-07-06T00:06:53Z,7.987733460301565,88.01600501624698,336.21252,NaN,11.995792,NaN,35.059258,NaN,NaN
Bellatrix_368,2016-07-06T00:06:58Z,7.987738732494737,88.01599528546862,335.50793,NaN,12.001272,NaN,35.060986,NaN,NaN
Bellatrix_368,2016-07-06T00:07:03Z,7.98774322467493,88.01598653992913,335.0852,NaN,12.009313,NaN,35.061928,NaN,NaN
Bellatrix_368,2016-07-06T00:07:08Z,7.9877469788825834,88.01597870729219,334.58194,NaN,12.015716,NaN,35.062878,NaN,NaN
Bellatrix_368,2016-07-06T00:07:13Z,7.987751404482461,88.01596870566564,333.90756,NaN,12.024429,NaN,35.07092,NaN,NaN
Bellatrix_368,2016-07-06T00:07:18Z,7.987755142526852,88.0159596540613,333.49487,NaN,12.047683,NaN,35.07553,NaN,NaN
Bellatrix_368,2016-07-06T00:07:25Z,7.987759454108894,88.01594832855842,332.89096,NaN,12.076409,NaN,35.07567,NaN,NaN
Bellatrix_368,2016-07-06T00:07:34Z,7.987767672725329,88.01593230496556,331.76364,NaN,12.105787,NaN,35.078346,NaN,NaN
Bellatrix_368,2016-07-06T00:07:39Z,7.987773795907443,88.01592290016507,331.06912,NaN,12.07654,NaN,35.11213,NaN,NaN
Bellatrix_368,2016-07-06T00:07:44Z,7.987779946960881,88.01591501377784,330.65646,NaN,12.055985,NaN,35.127083,NaN,NaN
Bellatrix_368,2016-07-06T00:07:49Z,7.987786669335379,88.01590760259462,329.93173,NaN,12.062241,NaN,35.125893,NaN,NaN
Bellatrix_368,2016-07-06T00:07:54Z,7.987793016594814,88.01590143927426,329.63986,NaN,12.068622,NaN,35.123943,NaN,NaN
Bellatrix_368,2016-07-06T00:08:00Z,7.98780269610764,88.01589388479142,328.74405,NaN,12.06035,NaN,35.12764,NaN,NaN
Bellatrix_368,2016-07-06T00:08:08Z,7.987816534942063,88.01588351728665,327.94888,NaN,12.108258,NaN,35.09156,NaN,NaN
Bellatrix_368,2016-07-06T00:08:14Z,7.987825752201209,88.01587698708245,327.2745,NaN,12.138841,NaN,35.07071,NaN,NaN
Bellatrix_368,2016-07-06T00:08:19Z,7.987833098446487,88.01587199502255,326.80142,NaN,12.136649,NaN,35.069008,NaN,NaN
Bellatrix_368,2016-07-06T00:08:24Z,7.987842439028088,88.01586585394975,326.1975,NaN,12.134693,NaN,35.070522,NaN,NaN
Bellatrix_368,2016-07-06T00:08:29Z,7.987849862152063,88.0158610463037,325.7647,NaN,12.126211,NaN,35.072605,NaN,NaN
Bellatrix_368,2016-07-06T00:08:34Z,7.987859280740358,88.01585514783469,325.14066,NaN,12.135621,NaN,35.0703,NaN,NaN
Bellatrix_368,2016-07-06T00:08:39Z,7.98786784247508,88.01584986766916,324.52667,NaN,12.1317005,NaN,35.070984,NaN,NaN
Bellatrix_368,2016-07-06T00:08:45Z,7.987877341352416,88.01584400849856,323.963,NaN,12.140133,NaN,35.064957,NaN,NaN
Bellatrix_368,2016-07-06T00:08:49Z,7.987884808415905,88.0158394019959,323.4396,NaN,12.144388,NaN,35.064434,NaN,NaN
Bellatrix_368,2016-07-06T00:08:55Z,7.987894240640033,88.01583360085498,322.7451,NaN,12.142506,NaN,35.067165,NaN,NaN
Bellatrix_368,2016-07-06T00:08:59Z,7.9879017432634045,88.01582908690035,322.34247,NaN,12.15345,NaN,35.0661,NaN,NaN
Bellatrix_368,2016-07-06T00:09:05Z,7.987911289852431,88.01582350592571,321.8795,NaN,12.157713,NaN,35.06526,NaN,NaN
Bellatrix_368,2016-07-06T00:09:09Z,7.987918864399787,88.01581916315497,321.32587,NaN,12.161706,NaN,35.065292,NaN,NaN
Bellatrix_368,2016-07-06T00:09:15Z,7.987928615694446,88.01581384223677,320.6213,NaN,12.169209,NaN,35.071213,NaN,NaN
Bellatrix_368,2016-07-06T00:09:19Z,7.987936338008675,88.01580975462927,320.25894,NaN,12.180056,NaN,35.072018,NaN,NaN
Bellatrix_368,2016-07-06T00:09:25Z,7.987946143023328,88.01580473998628,319.6047,NaN,12.188151,NaN,35.071716,NaN,NaN
Bellatrix_368,2016-07-06T00:09:29Z,7.987953938906536,88.01580086306338,319.1115,NaN,12.184995,NaN,35.074684,NaN,NaN
Bellatrix_368,2016-07-06T00:09:35Z,7.987963844595608,88.01579609252359,318.5277,NaN,12.192485,NaN,35.078247,NaN,NaN
Bellatrix_368,2016-07-06T00:09:40Z,7.987972483483493,88.01579209561038,317.94394,NaN,12.201298,NaN,35.085423,NaN,NaN
Bellatrix_368,2016-07-06T00:09:45Z,7.987982518992567,88.01578753721601,317.38028,NaN,12.23198,NaN,35.08594,NaN,NaN
Bellatrix_368,2016-07-06T00:09:50Z,7.987991411869183,88.01578339023025,316.7864,NaN,12.255839,NaN,35.096985,NaN,NaN
Bellatrix_368,2016-07-06T00:09:55Z,7.988000229524311,88.01577907863489,316.40393,NaN,12.294918,NaN,35.100037,NaN,NaN
Bellatrix_368,2016-07-06T00:10:00Z,7.988007959232821,88.01577509395872,315.71948,NaN,12.321331,NaN,35.100357,NaN,NaN
Bellatrix_368,2016-07-06T00:10:05Z,7.988017615925006,88.01576987214852,315.12564,NaN,12.355551,NaN,35.10102,NaN,NaN
Bellatrix_368,2016-07-06T00:10:10Z,7.988025213491518,88.01576572156726,314.7331,NaN,12.361622,NaN,35.102383,NaN,NaN
Bellatrix_368,2016-07-06T00:10:15Z,7.9880348754841135,88.01576038868781,314.0688,NaN,12.38638,NaN,35.096596,NaN,NaN
Bellatrix_368,2016-07-06T00:10:22Z,7.988045702434927,88.01575446888442,313.3642,NaN,12.400883,NaN,35.09499,NaN,NaN
Bellatrix_368,2016-07-06T00:10:27Z,7.988055297503029,88.01574911506427,312.8408,NaN,12.422451,NaN,35.099907,NaN,NaN
Bellatrix_368,2016-07-06T00:10:32Z,7.988063802322169,88.01574432112746,312.2671,NaN,12.439373,NaN,35.099834,NaN,NaN
Bellatrix_368,2016-07-06T00:10:37Z,7.988072305568484,88.01573952717452,311.75375,NaN,12.457484,NaN,35.093708,NaN,NaN
Bellatrix_368,2016-07-06T00:10:42Z,7.988080580004189,88.0157349075741,311.20016,NaN,12.461622,NaN,35.09271,NaN,NaN
Bellatrix_368,2016-07-06T00:10:48Z,7.988090182482344,88.01572965149477,310.58615,NaN,12.461563,NaN,35.09894,NaN,NaN
Bellatrix_368,2016-07-06T00:10:53Z,7.988098765352502,88.01572506200294,310.0225,NaN,12.470955,NaN,35.10207,NaN,NaN
Bellatrix_368,2016-07-06T00:10:58Z,7.9881074216297705,88.01572066407893,309.48904,NaN,12.494412,NaN,35.094917,NaN,NaN
Bellatrix_368,2016-07-06T00:11:02Z,7.988115112334071,88.01571687781204,309.08643,NaN,12.505505,NaN,35.090195,NaN,NaN
Bellatrix_368,2016-07-06T00:11:08Z,7.9881248761956805,88.01571225730355,308.5127,NaN,12.517929,NaN,35.090054,NaN,NaN
Bellatrix_368,2016-07-06T00:11:15Z,7.9881376006409495,88.0157061501074,307.7578,NaN,12.533967,NaN,35.098103,NaN,NaN
Bellatrix_368,2016-07-06T00:11:22Z,7.988149999457167,88.01569824538136,306.89218,NaN,12.511134,NaN,35.128757,NaN,NaN
Bellatrix_368,2016-07-06T00:11:28Z,7.9881579783021035,88.0156923247832,306.4493,NaN,12.496522,NaN,35.15285,NaN,NaN
Bellatrix_368,2016-07-06T00:11:33Z,7.9881663330504695,88.01568513917753,305.8051,NaN,12.476241,NaN,35.178207,NaN,NaN
Bellatrix_368,2016-07-06T00:11:38Z,7.988172610614209,88.01567907427015,305.3723,NaN,12.479701,NaN,35.1807,NaN,NaN
Bellatrix_368,2016-07-06T00:11:43Z,7.988179947775872,88.01567082747609,304.85898,NaN,12.506045,NaN,35.1729,NaN,NaN
Bellatrix_368,2016-07-06T00:11:51Z,7.98818847999394,88.01565866944529,304.03363,NaN,12.512945,NaN,35.16942,NaN,NaN
Bellatrix_368,2016-07-06T00:11:59Z,7.988197622504484,88.01564517869649,303.21832,NaN,12.509779,NaN,35.170948,NaN,NaN
Bellatrix_368,2016-07-06T00:12:05Z,7.988203505675018,88.01563594323605,302.65466,NaN,12.576654,NaN,35.128952,NaN,NaN
Bellatrix_368,2016-07-06T00:12:10Z,7.988208511549872,88.01562770111022,302.23193,NaN,12.629905,NaN,35.09771,NaN,NaN
Bellatrix_368,2016-07-06T00:12:14Z,7.988212825880626,88.01562042755654,301.81924,NaN,12.63665,NaN,35.090584,NaN,NaN
Bellatrix_368,2016-07-06T00:12:20Z,7.9882180694963205,88.01561126055334,301.27573,NaN,12.644048,NaN,35.088722,NaN,NaN
Bellatrix_368,2016-07-06T00:12:24Z,7.988222115322491,88.01560403419924,300.9939,NaN,12.644162,NaN,35.087822,NaN,NaN
Bellatrix_368,2016-07-06T00:12:30Z,7.988227171291527,88.01559480543054,300.38998,NaN,12.657702,NaN,35.080784,NaN,NaN
Bellatrix_368,2016-07-06T00:12:35Z,7.988231542438978,88.01558664706477,300.01755,NaN,12.660976,NaN,35.07759,NaN,NaN
Bellatrix_368,2016-07-06T00:12:40Z,7.988235866554352,88.01557833607598,299.3935,NaN,12.66231,NaN,35.077293,NaN,NaN
Bellatrix_368,2016-07-06T00:12:45Z,7.98824049542832,88.01556894761318,298.91037,NaN,12.65718,NaN,35.08547,NaN,NaN
Bellatrix_368,2016-07-06T00:12:50Z,7.98824395998996,88.01556154352154,298.56815,NaN,12.654117,NaN,35.089508,NaN,NaN
Bellatrix_368,2016-07-06T00:12:55Z,7.988247776718895,88.01555296387843,298.19574,NaN,12.679865,NaN,35.087715,NaN,NaN
Bellatrix_368,2016-07-06T00:13:00Z,7.98825176263029,88.01554334065968,297.5113,NaN,12.686676,NaN,35.093018,NaN,NaN
Bellatrix_368,2016-07-06T00:13:05Z,7.988254989945458,88.0155351077125,297.11874,NaN,12.719799,NaN,35.09349,NaN,NaN
Bellatrix_368,2016-07-06T00:13:11Z,7.98825870183854,88.01552540477772,296.68594,NaN,12.7433195,NaN,35.093033,NaN,NaN
Bellatrix_368,2016-07-06T00:13:16Z,7.988261989697493,88.01551684446149,296.12228,NaN,12.758445,NaN,35.095406,NaN,NaN
Bellatrix_368,2016-07-06T00:13:21Z,7.988265830775499,88.01550715923494,295.57874,NaN,12.764624,NaN,35.100674,NaN,NaN
Bellatrix_368,2016-07-06T00:13:26Z,7.988268895763248,88.01549958152728,295.17612,NaN,12.748795,NaN,35.107834,NaN,NaN
Bellatrix_368,2016-07-06T00:13:31Z,7.988272844049256,88.01548993500333,294.67285,NaN,12.765127,NaN,35.11086,NaN,NaN
Bellatrix_368,2016-07-06T00:13:36Z,7.988276163349944,88.01548160188379,294.2803,NaN,12.765401,NaN,35.113876,NaN,NaN
Bellatrix_368,2016-07-06T00:13:41Z,7.988279488544679,88.01547291505206,293.83743,NaN,12.800705,NaN,35.11402,NaN,NaN
Bellatrix_368,2016-07-06T00:13:46Z,7.988282601568811,88.01546426054185,293.37442,NaN,12.841733,NaN,35.108166,NaN,NaN
Bellatrix_368,2016-07-06T00:13:51Z,7.988285442631782,88.01545555278832,292.90137,NaN,12.853535,NaN,35.104053,NaN,NaN
Bellatrix_368,2016-07-06T00:13:58Z,7.988288844440236,88.01544395695828,292.2773,NaN,12.84181,NaN,35.10488,NaN,NaN
Bellatrix_368,2016-07-06T00:14:03Z,7.988291268215729,88.01543511589577,291.80423,NaN,12.862071,NaN,35.099297,NaN,NaN
Bellatrix_368,2016-07-06T00:14:08Z,7.9882937140930395,88.01542529980014,291.28085,NaN,12.857022,NaN,35.09887,NaN,NaN
Bellatrix_368,2016-07-06T00:14:13Z,7.988295525022915,88.01541753082414,290.9487,NaN,12.871617,NaN,35.097183,NaN,NaN
Bellatrix_368,2016-07-06T00:14:18Z,7.988297480387774,88.01540858281147,290.43536,NaN,12.877751,NaN,35.098,NaN,NaN
Bellatrix_368,2016-07-06T00:14:23Z,7.988299499460159,88.01539875028575,289.82138,NaN,12.881188,NaN,35.106983,NaN,NaN
Bellatrix_368,2016-07-06T00:14:28Z,7.988301055150005,88.01539095038078,289.52948,NaN,12.876432,NaN,35.118904,NaN,NaN
Bellatrix_368,2016-07-06T00:14:33Z,7.988302998095507,88.01538098663718,288.9155,NaN,12.892743,NaN,35.12867,NaN,NaN
Bellatrix_368,2016-07-06T00:14:38Z,7.988304712260236,88.0153721923741,288.52295,NaN,12.921289,NaN,35.13558,NaN,NaN
Bellatrix_368,2016-07-06T00:14:43Z,7.988306455772231,88.01536324859667,288.1002,NaN,12.946472,NaN,35.140705,NaN,NaN
Bellatrix_368,2016-07-06T00:14:48Z,7.988308071543558,88.01535437626154,287.64725,NaN,12.959157,NaN,35.137165,NaN,NaN
Bellatrix_368,2016-07-06T00:14:53Z,7.98830953480087,88.01534550009642,287.03326,NaN,12.975356,NaN,35.14041,NaN,NaN
Bellatrix_368,2016-07-06T00:14:58Z,7.988310809195951,88.01533656174901,286.73132,NaN,12.986516,NaN,35.1405,NaN,NaN
Bellatrix_368,2016-07-06T00:15:06Z,7.9883121877154695,88.01532260794592,285.95627,NaN,13.019747,NaN,35.092403,NaN,NaN
Bellatrix_368,2016-07-06T00:15:12Z,7.988313146257143,88.01531069488999,285.21146,NaN,12.965892,NaN,35.08297,NaN,NaN
Bellatrix_368,2016-07-06T00:15:23Z,7.988316531228502,88.01529027695304,283.82242,NaN,12.911859,NaN,35.04894,NaN,NaN
Bellatrix_368,2016-07-06T00:15:28Z,7.988318999907383,88.01528016928937,283.0776,NaN,12.962497,NaN,35.051735,NaN,NaN
Bellatrix_368,2016-07-06T00:15:33Z,7.988322708338585,88.0152690714045,282.21198,NaN,12.9706745,NaN,35.089676,NaN,NaN
Bellatrix_368,2016-07-06T00:15:38Z,7.988326114934164,88.01526051181303,281.42688,NaN,12.969578,NaN,35.098396,NaN,NaN
Bellatrix_368,2016-07-06T00:15:43Z,7.9883306208826035,88.01525091799206,280.85315,NaN,13.016302,NaN,35.105038,NaN,NaN
Bellatrix_368,2016-07-06T00:15:48Z,7.988335735168658,88.01524153871826,279.9674,NaN,13.036963,NaN,35.12675,NaN,NaN
Bellatrix_368,2016-07-06T00:15:53Z,7.988342210913888,88.01523150598999,279.0716,NaN,13.056534,NaN,35.143116,NaN,NaN
Bellatrix_368,2016-07-06T00:15:58Z,7.98834776206369,88.01522394338468,278.55826,NaN,13.037354,NaN,35.164585,NaN,NaN
Bellatrix_368,2016-07-06T00:16:03Z,7.988355542798834,88.01521473756843,277.65237,NaN,13.093446,NaN,35.16572,NaN,NaN
Bellatrix_368,2016-07-06T00:16:08Z,7.988362815166947,88.01520700821847,276.9478,NaN,13.087782,NaN,35.187805,NaN,NaN
Bellatrix_368,2016-07-06T00:16:13Z,7.988370719131683,88.01519962609996,276.23315,NaN,13.115829,NaN,35.1938,NaN,NaN
Bellatrix_368,2016-07-06T00:16:20Z,7.988382314879077,88.01519075645756,275.1763,NaN,13.136285,NaN,35.19425,NaN,NaN
Bellatrix_368,2016-07-06T00:16:29Z,7.988397246380144,88.01517914785853,273.87787,NaN,13.280771,NaN,35.098576,NaN,NaN
Bellatrix_368,2016-07-06T00:16:35Z,7.988406158582316,88.01517231088995,273.2337,NaN,13.29881,NaN,35.077396,NaN,NaN
Bellatrix_368,2016-07-06T00:16:40Z,7.988414366155873,88.01516610004617,272.56937,NaN,13.299096,NaN,35.07803,NaN,NaN
Bellatrix_368,2016-07-06T00:16:45Z,7.98842343503048,88.01515931340307,271.90506,NaN,13.266152,NaN,35.10576,NaN,NaN
Bellatrix_368,2016-07-06T00:16:50Z,7.988430603650682,88.01515404085566,271.41187,NaN,13.294723,NaN,35.10826,NaN,NaN
Bellatrix_368,2016-07-06T00:16:55Z,7.988438900971859,88.0151480433447,270.72742,NaN,13.335155,NaN,35.09201,NaN,NaN
Bellatrix_368,2016-07-06T00:17:00Z,7.988447964796294,88.01514145140617,270.00272,NaN,13.348544,NaN,35.094795,NaN,NaN
Bellatrix_368,2016-07-06T00:17:05Z,7.988455038106815,88.01513609177248,269.46927,NaN,13.364007,NaN,35.100533,NaN,NaN
Bellatrix_368,2016-07-06T00:17:11Z,7.988463880229712,88.01512907447143,268.83514,NaN,13.411505,NaN,35.092445,NaN,NaN
Bellatrix_368,2016-07-06T00:17:15Z,7.988471611440351,88.01512283164364,268.23123,NaN,13.450096,NaN,35.081013,NaN,NaN
Bellatrix_368,2016-07-06T00:17:21Z,7.988479455037768,88.01511649704777,267.64743,NaN,13.433679,NaN,35.08582,NaN,NaN
Bellatrix_368,2016-07-06T00:17:25Z,7.988487268903572,88.01511027509899,267.09384,NaN,13.448318,NaN,35.08459,NaN,NaN
Bellatrix_368,2016-07-06T00:17:33Z,7.988498690651972,88.01510166315002,266.24835,NaN,13.462066,NaN,35.084602,NaN,NaN
Bellatrix_368,2016-07-06T00:17:41Z,7.9885128346484775,88.01509160383581,265.23175,NaN,13.483042,NaN,35.101315,NaN,NaN
Bellatrix_368,2016-07-06T00:17:46Z,7.988521107285121,88.01508592470256,264.58755,NaN,13.552793,NaN,35.109222,NaN,NaN
Bellatrix_368,2016-07-06T00:17:51Z,7.988529261863099,88.01508027384422,264.1145,NaN,13.595952,NaN,35.114197,NaN,NaN
Bellatrix_368,2016-07-06T00:17:56Z,7.988537378110425,88.01507464610152,263.48038,NaN,13.645336,NaN,35.10203,NaN,NaN
Bellatrix_368,2016-07-06T00:18:01Z,7.988545504471414,88.01506902449093,263.01736,NaN,13.695607,NaN,35.084053,NaN,NaN
Bellatrix_368,2016-07-06T00:18:06Z,7.988553546587173,88.0150635404384,262.4537,NaN,13.703302,NaN,35.079426,NaN,NaN
Bellatrix_368,2016-07-06T00:18:11Z,7.988561662039991,88.01505813517306,261.89005,NaN,13.709616,NaN,35.08592,NaN,NaN
Bellatrix_368,2016-07-06T00:18:16Z,7.9885697981516595,88.0150527951118,261.27606,NaN,13.748619,NaN,35.08821,NaN,NaN
Bellatrix_368,2016-07-06T00:18:21Z,7.988577929333107,88.01504739119467,260.81305,NaN,13.762499,NaN,35.09378,NaN,NaN
Bellatrix_368,2016-07-06T00:18:26Z,7.988585815890229,88.01504190815729,260.22928,NaN,13.808686,NaN,35.090504,NaN,NaN
Bellatrix_368,2016-07-06T00:18:31Z,7.98859363681153,88.01503622493091,259.68573,NaN,13.859439,NaN,35.070087,NaN,NaN
Bellatrix_368,2016-07-06T00:18:36Z,7.988601404245921,88.01503049734735,259.0919,NaN,13.869499,NaN,35.067307,NaN,NaN
Bellatrix_368,2016-07-06T00:18:44Z,7.988613195183966,88.01502167951664,258.44772,NaN,13.86049,NaN,35.07377,NaN,NaN
Bellatrix_368,2016-07-06T00:18:52Z,7.9886251246434385,88.01501067887386,257.51163,NaN,13.863254,NaN,35.097893,NaN,NaN
Bellatrix_368,2016-07-06T00:18:57Z,7.988632054295266,88.01500344885967,257.00836,NaN,13.759901,NaN,35.179386,NaN,NaN
Bellatrix_368,2016-07-06T00:19:04Z,7.98864044074089,88.0149926637584,256.35413,NaN,13.765008,NaN,35.22127,NaN,NaN
Bellatrix_368,2016-07-06T00:19:13Z,7.988651654722164,88.01497790577567,255.24693,NaN,13.82001,NaN,35.214256,NaN,NaN
Bellatrix_368,2016-07-06T00:19:18Z,7.9886576390532476,88.01496973255992,254.87451,NaN,13.986844,NaN,35.111523,NaN,NaN
Bellatrix_368,2016-07-06T00:19:23Z,7.9886634301376285,88.01496161827957,254.18001,NaN,14.0453825,NaN,35.074905,NaN,NaN
Bellatrix_368,2016-07-06T00:19:28Z,7.988669156462815,88.0149535520821,253.77739,NaN,14.068293,NaN,35.083115,NaN,NaN
Bellatrix_368,2016-07-06T00:19:33Z,7.988674906286718,88.01494543274801,253.1634,NaN,14.095562,NaN,35.100006,NaN,NaN
Bellatrix_368,2016-07-06T00:19:38Z,7.988680677981819,88.01493742507468,252.54942,NaN,14.143872,NaN,35.092804,NaN,NaN
Bellatrix_368,2016-07-06T00:19:43Z,7.988686417792248,88.01492955479614,252.13673,NaN,14.145447,NaN,35.097805,NaN,NaN
Bellatrix_368,2016-07-06T00:19:48Z,7.988692049103443,88.01492165609605,251.62341,NaN,14.209321,NaN,35.07776,NaN,NaN
Bellatrix_368,2016-07-06T00:19:53Z,7.988697574372027,88.01491368122693,251.05975,NaN,14.248894,NaN,35.059265,NaN,NaN
Bellatrix_368,2016-07-06T00:19:58Z,7.988702854603639,88.01490574363112,250.53635,NaN,14.264102,NaN,35.053196,NaN,NaN
Bellatrix_368,2016-07-06T00:20:03Z,7.988708048281352,88.01489770252083,249.98276,NaN,14.27373,NaN,35.04724,NaN,NaN
Bellatrix_368,2016-07-06T00:20:08Z,7.988713088127327,88.01488956306959,249.42917,NaN,14.289933,NaN,35.04837,NaN,NaN
Bellatrix_368,2016-07-06T00:20:17Z,7.988721616104314,88.01487448244913,248.45282,NaN,14.301215,NaN,35.086216,NaN,NaN
Bellatrix_368,2016-07-06T00:20:26Z,7.988730033005509,88.01486108680366,247.51675,NaN,14.4286995,NaN,35.061363,NaN,NaN
Bellatrix_368,2016-07-06T00:20:31Z,7.988736187788743,88.0148522323129,246.79205,NaN,14.469167,NaN,35.043797,NaN,NaN
Bellatrix_368,2016-07-06T00:20:36Z,7.988741248393544,88.01484547639723,246.29884,NaN,14.472795,NaN,35.041355,NaN,NaN
Bellatrix_368,2016-07-06T00:20:41Z,7.988747953177198,88.01483745032453,245.55402,NaN,14.492751,NaN,35.0367,NaN,NaN
Bellatrix_368,2016-07-06T00:20:46Z,7.988754463352349,88.01483038943253,244.92996,NaN,14.456838,NaN,35.058178,NaN,NaN
Bellatrix_368,2016-07-06T00:20:51Z,7.988761238014906,88.01482372717618,244.24551,NaN,14.434344,NaN,35.08267,NaN,NaN
Bellatrix_368,2016-07-06T00:20:58Z,7.988771083494795,88.01481546504581,243.50069,NaN,14.392624,NaN,35.109856,NaN,NaN
Bellatrix_368,2016-07-06T00:21:08Z,7.988785202898765,88.01480366658839,242.28278,NaN,14.53225,NaN,35.05181,NaN,NaN
Bellatrix_368,2016-07-06T00:21:14Z,7.988793303434,88.01479727363102,241.5782,NaN,14.574074,NaN,35.06133,NaN,NaN
Bellatrix_368,2016-07-06T00:21:18Z,7.988799760495268,88.0147925189221,241.10513,NaN,14.629324,NaN,35.07079,NaN,NaN
Bellatrix_368,2016-07-06T00:21:24Z,7.988808185858812,88.01478698535433,240.57167,NaN,14.715143,NaN,35.05608,NaN,NaN
Bellatrix_368,2016-07-06T00:21:29Z,7.988815881502639,88.01478224852765,240.0684,NaN,14.744582,NaN,35.04275,NaN,NaN
Bellatrix_368,2016-07-06T00:21:34Z,7.988824446126455,88.01477720984423,239.52487,NaN,14.7517605,NaN,35.03741,NaN,NaN
Bellatrix_368,2016-07-06T00:21:39Z,7.9888312077267996,88.01477336457039,238.99141,NaN,14.763672,NaN,35.03856,NaN,NaN
Bellatrix_368,2016-07-06T00:21:44Z,7.988839845977778,88.01476858903321,238.47807,NaN,14.749722,NaN,35.045532,NaN,NaN
Bellatrix_368,2016-07-06T00:21:49Z,7.9888475158106615,88.01476448310729,238.07545,NaN,14.772481,NaN,35.04848,NaN,NaN
Bellatrix_368,2016-07-06T00:21:54Z,7.9888553427796865,88.01476042785782,237.50174,NaN,14.800757,NaN,35.047325,NaN,NaN
Bellatrix_368,2016-07-06T00:21:59Z,7.988863095999829,88.01475640950186,236.92801,NaN,14.830351,NaN,35.04861,NaN,NaN
Bellatrix_368,2016-07-06T00:22:04Z,7.988870830127026,88.01475235992608,236.50526,NaN,14.829548,NaN,35.054646,NaN,NaN
Bellatrix_368,2016-07-06T00:22:13Z,7.988884584052174,88.0147445308538,235.5994,NaN,14.899205,NaN,35.051136,NaN,NaN
Bellatrix_368,2016-07-06T00:22:22Z,7.988896494196428,88.01473596179787,234.80423,NaN,14.892304,NaN,35.093674,NaN,NaN
Bellatrix_368,2016-07-06T00:22:27Z,7.988904297194298,88.0147295473839,234.31102,NaN,14.826279,NaN,35.17481,NaN,NaN
Bellatrix_368,2016-07-06T00:22:32Z,7.988910113479583,88.01472410298724,233.87822,NaN,14.785804,NaN,35.212063,NaN,NaN
Bellatrix_368,2016-07-06T00:22:37Z,7.988916271442945,88.01471725863247,233.39508,NaN,14.865773,NaN,35.21591,NaN,NaN
Bellatrix_368,2016-07-06T00:22:44Z,7.988923897401061,88.01470563324196,232.73077,NaN,14.945773,NaN,35.21439,NaN,NaN
Bellatrix_368,2016-07-06T00:22:51Z,7.988930586251379,88.01469514072808,232.06645,NaN,15.052774,NaN,35.20795,NaN,NaN
Bellatrix_368,2016-07-06T00:22:57Z,7.9889368324743755,88.01468496763465,231.4122,NaN,15.228057,NaN,35.11961,NaN,NaN
Bellatrix_368,2016-07-06T00:23:07Z,7.988946343142685,88.01466905128767,230.53653,NaN,15.349135,NaN,35.066757,NaN,NaN
Bellatrix_368,2016-07-06T00:23:12Z,7.988951609926556,88.01465991218406,230.03325,NaN,15.41447,NaN,35.081543,NaN,NaN
Bellatrix_368,2016-07-06T00:23:17Z,7.988955636644464,88.01465272908308,229.47966,NaN,15.503131,NaN,35.07829,NaN,NaN
Bellatrix_368,2016-07-06T00:23:22Z,7.988960509849333,88.01464349110965,228.9764,NaN,15.586271,NaN,35.084923,NaN,NaN
Bellatrix_368,2016-07-06T00:23:28Z,7.988964438419591,88.01463498610158,228.47313,NaN,15.606781,NaN,35.12588,NaN,NaN
Bellatrix_368,2016-07-06T00:23:33Z,7.988968231150213,88.01462541900901,227.93967,NaN,15.60763,NaN,35.14905,NaN,NaN
Bellatrix_368,2016-07-06T00:23:38Z,7.988970919778599,88.01461788295849,227.34581,NaN,15.700475,NaN,35.118248,NaN,NaN
Bellatrix_368,2016-07-06T00:23:43Z,7.988974082631154,88.01460831720159,226.73183,NaN,15.79848,NaN,35.054356,NaN,NaN
Bellatrix_368,2016-07-06T00:23:48Z,7.988976664346381,88.01459988815779,226.10777,NaN,15.83611,NaN,35.053665,NaN,NaN
Bellatrix_368,2016-07-06T00:23:53Z,7.988978924137391,88.01459134958625,225.48372,NaN,15.915639,NaN,35.077885,NaN,NaN
Bellatrix_368,2016-07-06T00:23:58Z,7.98898081358518,88.01458290098326,225.12137,NaN,15.951266,NaN,35.093803,NaN,NaN
Bellatrix_368,2016-07-06T00:24:03Z,7.988982560275651,88.01457446133661,224.36647,NaN,16.040277,NaN,35.09914,NaN,NaN
Bellatrix_368,2016-07-06T00:24:12Z,7.988986826291154,88.01455936513399,223.47066,NaN,16.184603,NaN,35.048843,NaN,NaN
Bellatrix_368,2016-07-06T00:24:20Z,7.988992791469071,88.01454568640378,222.45406,NaN,16.09291,NaN,35.14444,NaN,NaN
Bellatrix_368,2016-07-06T00:24:25Z,7.988997373688558,88.01453757526126,221.8602,NaN,16.045336,NaN,35.22165,NaN,NaN
Bellatrix_368,2016-07-06T00:24:30Z,7.989002721977706,88.01452989632683,221.17575,NaN,16.05433,NaN,35.26919,NaN,NaN
Bellatrix_368,2016-07-06T00:24:35Z,7.989008795497711,88.0145226884157,220.49132,NaN,16.06276,NaN,35.288692,NaN,NaN
Bellatrix_368,2016-07-06T00:24:40Z,7.989015407807313,88.01451619884782,220.01825,NaN,16.124228,NaN,35.2857,NaN,NaN
Bellatrix_368,2016-07-06T00:24:48Z,7.989027163514824,88.01450792791356,219.09224,NaN,16.355368,NaN,35.222168,NaN,NaN
Bellatrix_368,2016-07-06T00:24:57Z,7.989039304979517,88.01449980938708,218.19641,NaN,16.63967,NaN,35.108673,NaN,NaN
Bellatrix_368,2016-07-06T00:25:02Z,7.989046655657647,88.01449507715344,217.60257,NaN,16.781242,NaN,35.0643,NaN,NaN
Bellatrix_368,2016-07-06T00:25:07Z,7.989054611082763,88.01449002905123,216.97852,NaN,16.833738,NaN,35.039112,NaN,NaN
Bellatrix_368,2016-07-06T00:25:12Z,7.989060815912791,88.01448602603116,216.61617,NaN,16.872849,NaN,35.02501,NaN,NaN
Bellatrix_368,2016-07-06T00:25:17Z,7.989068685728365,88.01448094115986,215.96191,NaN,16.925043,NaN,35.020447,NaN,NaN
Bellatrix_368,2016-07-06T00:25:22Z,7.989075653969663,88.01447623624733,215.50897,NaN,16.986155,NaN,35.069195,NaN,NaN
Bellatrix_368,2016-07-06T00:25:27Z,7.98908235864003,88.01447122689704,215.10635,NaN,17.102242,NaN,35.076153,NaN,NaN
Bellatrix_368,2016-07-06T00:25:32Z,7.989088745720863,88.0144659633575,214.45212,NaN,17.162611,NaN,35.075516,NaN,NaN
Bellatrix_368,2016-07-06T00:25:37Z,7.989094847856548,88.01446042986004,213.95891,NaN,17.26399,NaN,35.08253,NaN,NaN
Bellatrix_368,2016-07-06T00:25:42Z,7.989100723595239,88.01445466621132,213.49591,NaN,17.374672,NaN,35.062016,NaN,NaN
Bellatrix_368,2016-07-06T00:25:47Z,7.989106257581887,88.01444869011958,213.12349,NaN,17.392124,NaN,35.094383,NaN,NaN
Bellatrix_368,2016-07-06T00:25:52Z,7.989111546154282,88.01444246587891,212.59003,NaN,17.433262,NaN,35.109383,NaN,NaN
Bellatrix_368,2016-07-06T00:26:00Z,7.989118757316855,88.01443299958058,211.99617,NaN,17.554888,NaN,35.08029,NaN,NaN
Bellatrix_368,2016-07-06T00:26:07Z,7.989125929407642,88.01442238252395,211.12048,NaN,17.612291,NaN,35.115566,NaN,NaN
Bellatrix_368,2016-07-06T00:26:17Z,7.989135378603417,88.01440871809722,210.12402,NaN,17.700977,NaN,35.12389,NaN,NaN
Bellatrix_368,2016-07-06T00:26:23Z,7.98914117156502,88.01440101159348,209.51003,NaN,17.876814,NaN,35.05056,NaN,NaN
Bellatrix_368,2016-07-06T00:26:27Z,7.989145779140499,88.01439508154314,209.08728,NaN,17.925241,NaN,35.030006,NaN,NaN
Bellatrix_368,2016-07-06T00:26:32Z,7.989151101593777,88.01438839885762,208.37265,NaN,17.9758,NaN,35.025005,NaN,NaN
Bellatrix_368,2016-07-06T00:26:37Z,7.989156427996904,88.01438200964242,207.84924,NaN,17.967445,NaN,35.025784,NaN,NaN
Bellatrix_368,2016-07-06T00:26:43Z,7.989162520918896,88.01437504090222,207.09435,NaN,18.011147,NaN,35.02544,NaN,NaN
Bellatrix_368,2016-07-06T00:26:47Z,7.989167362423339,88.01436963265996,206.6716,NaN,18.077644,NaN,35.020462,NaN,NaN
Bellatrix_368,2016-07-06T00:26:52Z,7.989172961105931,88.01436349177418,206.10794,NaN,18.155619,NaN,35.00236,NaN,NaN
Bellatrix_368,2016-07-06T00:26:58Z,7.989179233135802,88.01435682399577,205.30272,NaN,18.202257,NaN,35.000977,NaN,NaN
Bellatrix_368,2016-07-06T00:27:02Z,7.989184328231536,88.01435157480361,204.85985,NaN,18.190245,NaN,35.005978,NaN,NaN
Bellatrix_368,2016-07-06T00:27:08Z,7.9891912188866385,88.01434511713309,204.115,NaN,18.179688,NaN,35.067837,NaN,NaN
Bellatrix_368,2016-07-06T00:27:15Z,7.989200711871751,88.01433697353863,203.26952,NaN,18.195322,NaN,35.292248,NaN,NaN
Bellatrix_368,2016-07-06T00:27:23Z,7.989211526696219,88.0143276725914,202.38377,NaN,18.961884,NaN,35.29468,NaN,NaN
Bellatrix_368,2016-07-06T00:27:28Z,7.989218193855813,88.01432230951932,201.75972,NaN,19.099089,NaN,35.29441,NaN,NaN
Bellatrix_368,2016-07-06T00:27:33Z,7.98922499279137,88.01431733725627,201.19606,NaN,19.282152,NaN,35.419132,NaN,NaN
Bellatrix_368,2016-07-06T00:27:38Z,7.989231942392972,88.01431264698468,200.56195,NaN,19.600725,NaN,35.54424,NaN,NaN
Bellatrix_368,2016-07-06T00:27:43Z,7.9892387123494775,88.01430809278762,200.03854,NaN,19.870195,NaN,35.53129,NaN,NaN
Bellatrix_368,2016-07-06T00:27:48Z,7.989245343904198,88.0143035139026,199.56548,NaN,20.037,NaN,35.512684,NaN,NaN
Bellatrix_368,2016-07-06T00:27:53Z,7.989251775272379,88.01429899192149,199.06221,NaN,20.141792,NaN,35.508427,NaN,NaN
Bellatrix_368,2016-07-06T00:27:58Z,7.989258026043373,88.01429450393222,198.52875,NaN,20.281305,NaN,35.460728,NaN,NaN
Bellatrix_368,2016-07-06T00:28:03Z,7.98926401095373,88.01429009567421,197.96509,NaN,20.33818,NaN,35.424717,NaN,NaN
Bellatrix_368,2016-07-06T00:28:08Z,7.989269869585474,88.01428570782964,197.54234,NaN,20.400208,NaN,35.382153,NaN,NaN
Bellatrix_368,2016-07-06T00:28:13Z,7.989275638200371,88.01428139888138,197.0894,NaN,20.460506,NaN,35.36327,NaN,NaN
Bellatrix_368,2016-07-06T00:28:18Z,7.9892813918569,88.01427707421315,196.55594,NaN,20.49285,NaN,35.34805,NaN,NaN
Bellatrix_368,2016-07-06T00:28:26Z,7.989290486539414,88.01427020233322,195.91176,NaN,20.543127,NaN,35.35506,NaN,NaN
Bellatrix_368,2016-07-06T00:28:35Z,7.989301051602305,88.01426082552705,195.04614,NaN,20.45403,NaN,35.478943,NaN,NaN
Bellatrix_368,2016-07-06T00:28:40Z,7.989306977839274,88.0142552023149,194.49254,NaN,20.393633,NaN,35.62565,NaN,NaN
Bellatrix_368,2016-07-06T00:28:45Z,7.98931291683375,88.01424910262675,193.93895,NaN,20.123247,NaN,35.750263,NaN,NaN
Bellatrix_368,2016-07-06T00:28:53Z,7.989321577001114,88.01423832688477,193.22432,NaN,20.095203,NaN,35.817127,NaN,NaN
Bellatrix_368,2016-07-06T00:29:00Z,7.989328603599544,88.01422970113309,192.56,NaN,20.097363,NaN,35.801083,NaN,NaN
Bellatrix_368,2016-07-06T00:29:09Z,7.989338818704342,88.01421718288906,191.37228,NaN,20.836798,NaN,35.451763,NaN,NaN
Bellatrix_368,2016-07-06T00:29:14Z,7.9893440853243085,88.0142108367651,190.83882,NaN,20.86896,NaN,35.44105,NaN,NaN
Bellatrix_368,2016-07-06T00:29:19Z,7.989349308601053,88.0142047565464,190.05373,NaN,20.891598,NaN,35.44833,NaN,NaN
Bellatrix_368,2016-07-06T00:29:24Z,7.989354503145484,88.01419889529046,189.3693,NaN,20.980848,NaN,35.434517,NaN,NaN
Bellatrix_368,2016-07-06T00:29:29Z,7.989359741207171,88.01419317840464,188.67477,NaN,21.03117,NaN,35.433342,NaN,NaN
Bellatrix_368,2016-07-06T00:29:34Z,7.989365144318257,88.01418760149735,188.01047,NaN,21.080622,NaN,35.430744,NaN,NaN
Bellatrix_368,2016-07-06T00:29:39Z,7.989370601759721,88.01418219074932,187.25557,NaN,21.12202,NaN,35.41869,NaN,NaN
Bellatrix_368,2016-07-06T00:29:44Z,7.989376048106786,88.01417693739462,186.551,NaN,21.158466,NaN,35.42316,NaN,NaN
Bellatrix_368,2016-07-06T00:29:49Z,7.9893815501342225,88.0141717999662,185.80615,NaN,21.198196,NaN,35.425785,NaN,NaN
Bellatrix_368,2016-07-06T00:29:54Z,7.989387118120176,88.01416676707817,185.08145,NaN,21.229288,NaN,35.41475,NaN,NaN
Bellatrix_368,2016-07-06T00:29:59Z,7.989392659574908,88.01416185661667,184.36682,NaN,21.235348,NaN,35.409256,NaN,NaN
Bellatrix_368,2016-07-06T00:30:04Z,7.98939820782521,88.01415696274877,183.74277,NaN,21.2414,NaN,35.405933,NaN,NaN
Bellatrix_368,2016-07-06T00:30:13Z,7.989408128143942,88.01414848513335,182.41414,NaN,21.280737,NaN,35.398895,NaN,NaN
Bellatrix_368,2016-07-06T00:30:22Z,7.989418039426381,88.01414014690671,181.30695,NaN,21.292665,NaN,35.399685,NaN,NaN
Bellatrix_368,2016-07-06T00:30:27Z,7.989423549359771,88.0141356095135,180.58224,NaN,21.31633,NaN,35.39942,NaN,NaN
Bellatrix_368,2016-07-06T00:30:32Z,7.9894290262081515,88.0141312175689,180.04878,NaN,21.324324,NaN,35.395664,NaN,NaN
Bellatrix_368,2016-07-06T00:30:37Z,7.989434500642715,88.01412690109194,179.57571,NaN,21.338207,NaN,35.385014,NaN,NaN
Bellatrix_368,2016-07-06T00:30:42Z,7.9894400661988865,88.01412257759372,178.9114,NaN,21.344316,NaN,35.383156,NaN,NaN
Bellatrix_368,2016-07-06T00:30:47Z,7.989445608126127,88.01411828363442,178.30748,NaN,21.337484,NaN,35.388447,NaN,NaN
Bellatrix_368,2016-07-06T00:30:52Z,7.989451122330173,88.01411402319351,177.67337,NaN,21.319412,NaN,35.40689,NaN,NaN
Bellatrix_368,2016-07-06T00:30:57Z,7.989456621490609,88.01410972167493,177.18016,NaN,21.35642,NaN,35.39687,NaN,NaN
Bellatrix_368,2016-07-06T00:31:03Z,7.989462209283083,88.01410534203492,176.65677,NaN,21.376352,NaN,35.394188,NaN,NaN
Bellatrix_368,2016-07-06T00:31:08Z,7.989467777611511,88.01410092488439,176.06291,NaN,21.35806,NaN,35.401474,NaN,NaN
Bellatrix_368,2016-07-06T00:31:13Z,7.989473314916297,88.01409651280542,175.52945,NaN,21.376175,NaN,35.44549,NaN,NaN
Bellatrix_368,2016-07-06T00:31:18Z,7.989478834464923,88.01409204921094,175.01611,NaN,21.39653,NaN,35.45624,NaN,NaN
Bellatrix_368,2016-07-06T00:31:26Z,7.989488707317129,88.01408416564244,173.96931,NaN,21.518135,NaN,35.453716,NaN,NaN
Bellatrix_368,2016-07-06T00:31:34Z,7.98949702588811,88.0140776390603,173.08357,NaN,21.54622,NaN,35.463055,NaN,NaN
Bellatrix_368,2016-07-06T00:31:40Z,7.9895033688004355,88.01407285010644,172.49979,NaN,21.601175,NaN,35.4933,NaN,NaN
Bellatrix_368,2016-07-06T00:31:44Z,7.989508759162398,88.01406898585235,172.01665,NaN,21.67162,NaN,35.499924,NaN,NaN
Bellatrix_368,2016-07-06T00:31:49Z,7.9895146421481735,88.01406501571583,171.38252,NaN,21.703037,NaN,35.508953,NaN,NaN
Bellatrix_368,2016-07-06T00:31:54Z,7.989520492171565,88.01406129273307,170.74841,NaN,21.75756,NaN,35.510387,NaN,NaN
Bellatrix_368,2016-07-06T00:31:59Z,7.989526397944634,88.01405770280451,170.26527,NaN,21.80423,NaN,35.50716,NaN,NaN
Bellatrix_368,2016-07-06T00:32:04Z,7.989532331624089,88.01405423193007,169.61102,NaN,21.840498,NaN,35.5055,NaN,NaN
Bellatrix_368,2016-07-06T00:32:09Z,7.989538266494292,88.01405083619422,169.10776,NaN,21.865225,NaN,35.511375,NaN,NaN
Bellatrix_368,2016-07-06T00:32:14Z,7.989544207878603,88.01404748300695,168.5441,NaN,21.856176,NaN,35.52144,NaN,NaN
Bellatrix_368,2016-07-06T00:32:19Z,7.989550142597131,88.0140441786616,167.99051,NaN,21.891365,NaN,35.516697,NaN,NaN
Bellatrix_368,2016-07-06T00:32:24Z,7.989556061947289,88.0140408891313,167.40672,NaN,21.900108,NaN,35.506947,NaN,NaN
Bellatrix_368,2016-07-06T00:32:30Z,7.989562549086216,88.01403724084476,166.73235,NaN,21.942244,NaN,35.501812,NaN,NaN
Bellatrix_368,2016-07-06T00:32:37Z,7.9895707484171545,88.01403243799797,166.0479,NaN,21.958725,NaN,35.505966,NaN,NaN
Bellatrix_368,2016-07-06T00:32:45Z,7.989579895517948,88.0140254945992,165.15208,NaN,21.926374,NaN,35.56995,NaN,NaN
Bellatrix_368,2016-07-06T00:32:50Z,7.989585967989967,88.01402013846669,164.55823,NaN,21.809097,NaN,35.62836,NaN,NaN
Bellatrix_368,2016-07-06T00:32:55Z,7.989591089809055,88.01401505058051,163.99457,NaN,21.841555,NaN,35.63795,NaN,NaN
Bellatrix_368,2016-07-06T00:33:00Z,7.989596034206438,88.01400955763906,163.4611,NaN,21.832373,NaN,35.63668,NaN,NaN
Bellatrix_368,2016-07-06T00:33:08Z,7.989602572495289,88.01400088205558,162.71626,NaN,21.863426,NaN,35.627018,NaN,NaN
Bellatrix_368,2016-07-06T00:33:16Z,7.9896100061411905,88.01399104871653,161.86072,NaN,21.885674,NaN,35.60283,NaN,NaN
Bellatrix_368,2016-07-06T00:33:21Z,7.989614364749106,88.01398518367961,161.29706,NaN,21.960793,NaN,35.55171,NaN,NaN
Bellatrix_368,2016-07-06T00:33:26Z,7.989618563492327,88.01397939421874,160.69313,NaN,22.06502,NaN,35.50935,NaN,NaN
Bellatrix_368,2016-07-06T00:33:31Z,7.989622632950927,88.01397370361477,160.31065,NaN,22.064981,NaN,35.495926,NaN,NaN
Bellatrix_368,2016-07-06T00:33:36Z,7.9896266554028745,88.01396807069017,159.6564,NaN,22.093046,NaN,35.48092,NaN,NaN
Bellatrix_368,2016-07-06T00:33:41Z,7.989630701858741,88.01396239329266,159.05249,NaN,22.10226,NaN,35.482647,NaN,NaN
Bellatrix_368,2016-07-06T00:33:46Z,7.989634713278987,88.01395676673732,158.55928,NaN,22.100147,NaN,35.50143,NaN,NaN
Bellatrix_368,2016-07-06T00:33:51Z,7.989638673812098,88.01395118458821,158.00569,NaN,22.140263,NaN,35.491924,NaN,NaN
Bellatrix_368,2016-07-06T00:33:56Z,7.989642612015079,88.01394560660674,157.50243,NaN,22.1775,NaN,35.48218,NaN,NaN
Bellatrix_368,2016-07-06T00:34:01Z,7.989646487643429,88.01394000381147,156.97902,NaN,22.173239,NaN,35.48334,NaN,NaN
Bellatrix_368,2016-07-06T00:34:06Z,7.989650324565162,88.01393437003905,156.25432,NaN,22.191675,NaN,35.490086,NaN,NaN
Bellatrix_368,2016-07-06T00:34:11Z,7.989654134415476,88.0139287016618,155.77118,NaN,22.2098,NaN,35.507515,NaN,NaN
Bellatrix_368,2016-07-06T00:34:18Z,7.989659502579865,88.01392081434416,155.07668,NaN,22.2444,NaN,35.514286,NaN,NaN
Bellatrix_368,2016-07-06T00:34:27Z,7.98966758647099,88.01391149981664,153.92923,NaN,22.352137,NaN,35.52306,NaN,NaN
Bellatrix_368,2016-07-06T00:34:32Z,7.989672496148475,88.01390655172116,153.30518,NaN,22.343786,NaN,35.55963,NaN,NaN
Bellatrix_368,2016-07-06T00:34:39Z,7.98967964474588,88.01390044613836,152.53015,NaN,22.344337,NaN,35.56858,NaN,NaN
Bellatrix_368,2016-07-06T00:34:48Z,7.989688077921049,88.01389301673004,151.44308,NaN,22.462595,NaN,35.51706,NaN,NaN
Bellatrix_368,2016-07-06T00:34:53Z,7.989693188722327,88.01388856400678,150.99014,NaN,22.491184,NaN,35.509525,NaN,NaN
Bellatrix_368,2016-07-06T00:34:58Z,7.989698761481593,88.01388375127254,150.3963,NaN,22.50175,NaN,35.515244,NaN,NaN
Bellatrix_368,2016-07-06T00:35:03Z,7.9897031808798635,88.01387994208808,149.7521,NaN,22.525652,NaN,35.510532,NaN,NaN
Bellatrix_368,2016-07-06T00:35:08Z,7.9897087991247835,88.01387499266419,149.12807,NaN,22.533669,NaN,35.505505,NaN,NaN
Bellatrix_368,2016-07-06T00:35:13Z,7.98971363437269,88.01387057704068,148.5946,NaN,22.536734,NaN,35.504723,NaN,NaN
Bellatrix_368,2016-07-06T00:35:18Z,7.989718438962037,88.01386594150179,148.0108,NaN,22.558313,NaN,35.51389,NaN,NaN
Bellatrix_368,2016-07-06T00:35:23Z,7.989723121180011,88.01386125929754,147.45721,NaN,22.59862,NaN,35.56042,NaN,NaN
Bellatrix_368,2016-07-06T00:35:28Z,7.989727862236847,88.01385668350649,146.96402,NaN,22.667305,NaN,35.547077,NaN,NaN
Bellatrix_368,2016-07-06T00:35:33Z,7.989732692478575,88.0138522254975,146.35002,NaN,22.72285,NaN,35.52577,NaN,NaN
Bellatrix_368,2016-07-06T00:35:38Z,7.989737525991095,88.01384796899212,145.71591,NaN,22.739117,NaN,35.53369,NaN,NaN
Bellatrix_368,2016-07-06T00:35:43Z,7.989742494793733,88.0138439122998,145.14218,NaN,22.756615,NaN,35.534695,NaN,NaN
Bellatrix_368,2016-07-06T00:35:50Z,7.989749622328884,88.0138384790309,144.44768,NaN,22.80519,NaN,35.524788,NaN,NaN
Bellatrix_368,2016-07-06T00:35:59Z,7.9897578972998025,88.01383221996072,143.29016,NaN,22.82882,NaN,35.50876,NaN,NaN
Bellatrix_368,2016-07-06T00:36:04Z,7.989763456793502,88.01382795972414,142.68625,NaN,22.824999,NaN,35.505024,NaN,NaN
Bellatrix_368,2016-07-06T00:36:09Z,7.989767795270492,88.0138246014073,142.15279,NaN,22.825462,NaN,35.502354,NaN,NaN
Bellatrix_368,2016-07-06T00:36:14Z,7.98977327940551,88.01382028307644,141.63945,NaN,22.825724,NaN,35.500336,NaN,NaN
Bellatrix_368,2016-07-06T00:36:19Z,7.989778115332373,88.01381645675242,140.97514,NaN,22.822859,NaN,35.501835,NaN,NaN
Bellatrix_368,2016-07-06T00:36:24Z,7.989783033532441,88.01381258409609,140.40141,NaN,22.851974,NaN,35.49086,NaN,NaN
Bellatrix_368,2016-07-06T00:36:29Z,7.9897879246213535,88.01380873332135,139.82768,NaN,22.844069,NaN,35.50481,NaN,NaN
Bellatrix_368,2016-07-06T00:36:34Z,7.9897928814542984,88.01380494189526,139.22377,NaN,22.878424,NaN,35.517933,NaN,NaN
Bellatrix_368,2016-07-06T00:36:39Z,7.98979786991995,88.013801359387,138.70038,NaN,22.909164,NaN,35.525562,NaN,NaN
Bellatrix_368,2016-07-06T00:36:44Z,7.98980292499608,88.0137978757031,138.11658,NaN,22.94535,NaN,35.52063,NaN,NaN
Bellatrix_368,2016-07-06T00:36:49Z,7.989807964005938,88.01379445021057,137.40195,NaN,22.96669,NaN,35.518394,NaN,NaN
Bellatrix_368,2016-07-06T00:36:54Z,7.9898129982796915,88.01379104136007,136.89868,NaN,22.98495,NaN,35.511375,NaN,NaN
Bellatrix_368,2016-07-06T00:37:03Z,7.989822094897591,88.01378486355813,135.94247,NaN,23.007349,NaN,35.506786,NaN,NaN
Bellatrix_368,2016-07-06T00:37:12Z,7.989830185901809,88.01377820287838,134.98627,NaN,22.989006,NaN,35.533344,NaN,NaN
Bellatrix_368,2016-07-06T00:37:17Z,7.989835582052316,88.01377319963572,134.41254,NaN,22.833176,NaN,35.607594,NaN,NaN
Bellatrix_368,2016-07-06T00:37:22Z,7.989839692137618,88.01376901138138,133.88914,NaN,22.82313,NaN,35.630264,NaN,NaN
Bellatrix_368,2016-07-06T00:37:29Z,7.989846202805119,88.01376142207404,133.00339,NaN,22.81731,NaN,35.634575,NaN,NaN
Bellatrix_368,2016-07-06T00:37:37Z,7.989853341369034,88.0137533016858,132.08745,NaN,22.909157,NaN,35.596687,NaN,NaN
Bellatrix_368,2016-07-06T00:37:42Z,7.989857561275004,88.01374831652846,131.60431,NaN,23.007338,NaN,35.542576,NaN,NaN
Bellatrix_368,2016-07-06T00:37:47Z,7.98986153951731,88.01374336818526,130.95006,NaN,23.057163,NaN,35.511143,NaN,NaN
Bellatrix_368,2016-07-06T00:37:52Z,7.989865373953023,88.01373840683449,130.48706,NaN,23.07103,NaN,35.498997,NaN,NaN
Bellatrix_368,2016-07-06T00:37:57Z,7.989869058067035,88.01373347039846,129.79254,NaN,23.0712,NaN,35.492744,NaN,NaN
Bellatrix_368,2016-07-06T00:38:02Z,7.989872658534671,88.0137284953582,129.3396,NaN,23.068913,NaN,35.48796,NaN,NaN
Bellatrix_368,2016-07-06T00:38:07Z,7.989876205357299,88.01372348730497,128.76588,NaN,23.076532,NaN,35.482647,NaN,NaN
Bellatrix_368,2016-07-06T00:38:12Z,7.989879742847822,88.01371839419032,128.20222,NaN,23.060358,NaN,35.48607,NaN,NaN
Bellatrix_368,2016-07-06T00:38:17Z,7.989883168658984,88.01371326355203,127.55804,NaN,23.062082,NaN,35.4848,NaN,NaN
Bellatrix_368,2016-07-06T00:38:22Z,7.989886418680733,88.01370809420524,126.89373,NaN,23.067177,NaN,35.48273,NaN,NaN
Bellatrix_368,2016-07-06T00:38:27Z,7.9898895836425705,88.01370289130108,126.33007,NaN,23.083569,NaN,35.47525,NaN,NaN
Bellatrix_368,2016-07-06T00:38:32Z,7.989892677175715,88.01369763371274,125.84693,NaN,23.063541,NaN,35.476887,NaN,NaN
Bellatrix_368,2016-07-06T00:38:40Z,7.989897230639564,88.01368984235609,124.850464,NaN,23.093946,NaN,35.476753,NaN,NaN
Bellatrix_368,2016-07-06T00:38:49Z,7.989903627800044,88.01368112512672,123.7936,NaN,23.120445,NaN,35.47094,NaN,NaN
Bellatrix_368,2016-07-06T00:38:54Z,7.989907946838702,88.01367589235231,123.14942,NaN,23.095514,NaN,35.502342,NaN,NaN
Bellatrix_368,2016-07-06T00:38:59Z,7.989911975310792,88.0136714999998,122.515305,NaN,23.127888,NaN,35.48802,NaN,NaN
Bellatrix_368,2016-07-06T00:39:04Z,7.98991625442864,88.01366726692144,121.88119,NaN,23.102951,NaN,35.488277,NaN,NaN
Bellatrix_368,2016-07-06T00:39:13Z,7.989923702100156,88.0136610931982,121.00551,NaN,23.110662,NaN,35.48975,NaN,NaN
Bellatrix_368,2016-07-06T00:39:21Z,7.989931015890928,88.01365493891828,120.17008,NaN,23.154613,NaN,35.487442,NaN,NaN
Bellatrix_368,2016-07-06T00:39:26Z,7.989935560643808,88.01365119789845,119.66682,NaN,23.192205,NaN,35.474876,NaN,NaN
Bellatrix_368,2016-07-06T00:39:31Z,7.989940624143942,88.01364711219449,119.14342,NaN,23.200098,NaN,35.447556,NaN,NaN
Bellatrix_368,2016-07-06T00:39:36Z,7.989944616277916,88.0136439209204,118.811264,NaN,23.208551,NaN,35.450745,NaN,NaN
Bellatrix_368,2016-07-06T00:39:41Z,7.989949718468426,88.01363982682075,118.21741,NaN,23.214455,NaN,35.481762,NaN,NaN
Bellatrix_368,2016-07-06T00:39:47Z,7.98995430155363,88.01363607516804,117.81479,NaN,23.233797,NaN,35.501553,NaN,NaN
Bellatrix_368,2016-07-06T00:39:52Z,7.989959381803997,88.01363187050293,117.14041,NaN,23.267204,NaN,35.52767,NaN,NaN
Bellatrix_368,2016-07-06T00:39:57Z,7.9899633704941575,88.01362856117598,116.80826,NaN,23.332218,NaN,35.5079,NaN,NaN
Bellatrix_368,2016-07-06T00:40:02Z,7.989968487594777,88.0136244570249,116.2144,NaN,23.373213,NaN,35.508163,NaN,NaN
Bellatrix_368,2016-07-06T00:40:07Z,7.989973067040298,88.01362096314557,115.78159,NaN,23.407553,NaN,35.551243,NaN,NaN
Bellatrix_368,2016-07-06T00:40:12Z,7.989977749095162,88.0136175891121,115.389046,NaN,23.465773,NaN,35.558258,NaN,NaN
Bellatrix_368,2016-07-06T00:40:17Z,7.9899824436349105,88.0136143621463,114.91598,NaN,23.52921,NaN,35.538475,NaN,NaN
Bellatrix_368,2016-07-06T00:40:25Z,7.989989641196801,88.01360968807566,114.221466,NaN,23.564812,NaN,35.514244,NaN,NaN
Bellatrix_368,2016-07-06T00:40:35Z,7.990000816545816,88.01360177895381,113.33572,NaN,23.58526,NaN,35.511135,NaN,NaN
Bellatrix_368,2016-07-06T00:40:41Z,7.990006057426787,88.01359770308424,112.83245,NaN,23.559818,NaN,35.536346,NaN,NaN
Bellatrix_368,2016-07-06T00:40:46Z,7.9900112632467675,88.01359327727079,112.600945,NaN,23.424843,NaN,35.593376,NaN,NaN
Bellatrix_368,2016-07-06T00:40:51Z,7.990016391548329,88.01358851289928,112.087616,NaN,23.417114,NaN,35.622,NaN,NaN
Bellatrix_368,2016-07-06T00:40:56Z,7.990021782832713,88.01358308633725,111.56422,NaN,23.419043,NaN,35.69124,NaN,NaN
Bellatrix_368,2016-07-06T00:41:02Z,7.990027288418036,88.01357704574312,111.10121,NaN,23.53295,NaN,35.712826,NaN,NaN
Bellatrix_368,2016-07-06T00:41:09Z,7.990034364181587,88.0135679750253,110.6986,NaN,23.667452,NaN,35.705715,NaN,NaN
Bellatrix_368,2016-07-06T00:41:15Z,7.990040566841728,88.01356018975,110.03429,NaN,23.670452,NaN,35.715126,NaN,NaN
Bellatrix_368,2016-07-06T00:41:26Z,7.990050762027876,88.01354619889862,109.1888,NaN,23.893116,NaN,35.673794,NaN,NaN
Bellatrix_368,2016-07-06T00:41:31Z,7.990056016888896,88.01353830783624,108.72579,NaN,23.943277,NaN,35.665565,NaN,NaN
Bellatrix_368,2016-07-06T00:41:36Z,7.990059945284434,88.01353200669472,108.413765,NaN,23.975098,NaN,35.661285,NaN,NaN
Bellatrix_368,2016-07-06T00:41:41Z,7.990064591159105,88.01352389511493,107.90044,NaN,24.03971,NaN,35.65292,NaN,NaN
Bellatrix_368,2016-07-06T00:41:47Z,7.990068480185208,88.01351655130605,107.45756,NaN,24.087175,NaN,35.642757,NaN,NaN
Bellatrix_368,2016-07-06T00:41:52Z,7.990072154258894,88.01350924220866,107.09521,NaN,24.147974,NaN,35.616825,NaN,NaN
Bellatrix_368,2016-07-06T00:41:57Z,7.990075684244853,88.01350202455679,106.722786,NaN,24.166323,NaN,35.600063,NaN,NaN
Bellatrix_368,2016-07-06T00:42:02Z,7.990079143056928,88.01349482088624,106.20946,NaN,24.17542,NaN,35.592693,NaN,NaN
Bellatrix_368,2016-07-06T00:42:07Z,7.990082571822719,88.01348758965297,105.70619,NaN,24.17201,NaN,35.588226,NaN,NaN
Bellatrix_368,2016-07-06T00:42:12Z,7.990085901242375,88.0134804269786,105.29351,NaN,24.18258,NaN,35.58108,NaN,NaN
Bellatrix_368,2016-07-06T00:42:17Z,7.990089240486849,88.0134732181332,104.81037,NaN,24.196291,NaN,35.58177,NaN,NaN
Bellatrix_368,2016-07-06T00:42:22Z,7.990092602596979,88.01346597600974,104.3373,NaN,24.188316,NaN,35.581707,NaN,NaN
Bellatrix_368,2016-07-06T00:42:31Z,7.990099067565621,88.0134521980462,103.300575,NaN,24.209328,NaN,35.56668,NaN,NaN
Bellatrix_368,2016-07-06T00:42:41Z,7.990107167822216,88.0134376833027,102.28397,NaN,24.228062,NaN,35.590927,NaN,NaN
Bellatrix_368,2016-07-06T00:42:46Z,7.990112559592358,88.01342953803857,101.74045,NaN,24.286951,NaN,35.59524,NaN,NaN
Bellatrix_368,2016-07-06T00:42:51Z,7.9901171601746395,88.01342337651263,101.18685,NaN,24.302662,NaN,35.59391,NaN,NaN
Bellatrix_368,2016-07-06T00:42:56Z,7.990122941867573,88.01341663407435,100.58293,NaN,24.300674,NaN,35.601532,NaN,NaN
Bellatrix_368,2016-07-06T00:43:01Z,7.990130055296711,88.01340948801575,99.8381,NaN,24.265553,NaN,35.62918,NaN,NaN
Bellatrix_368,2016-07-06T00:43:08Z,7.9901395298378795,88.01340188925943,99.022804,NaN,24.244871,NaN,35.659473,NaN,NaN
Bellatrix_368,2016-07-06T00:43:16Z,7.990150793198513,88.01339340379067,98.177315,NaN,24.352596,NaN,35.620686,NaN,NaN
Bellatrix_368,2016-07-06T00:43:22Z,7.990157922596946,88.0133884202346,97.67405,NaN,24.459599,NaN,35.577175,NaN,NaN
Bellatrix_368,2016-07-06T00:43:27Z,7.990165949940796,88.01338322301338,96.99967,NaN,24.478876,NaN,35.562775,NaN,NaN
Bellatrix_368,2016-07-06T00:43:32Z,7.990172284820568,88.01337934221343,96.50647,NaN,24.469381,NaN,35.557323,NaN,NaN
Bellatrix_368,2016-07-06T00:43:37Z,7.990180444172187,88.01337454512799,95.85223,NaN,24.482365,NaN,35.536777,NaN,NaN
Bellatrix_368,2016-07-06T00:43:42Z,7.9901877295601675,88.01337027091505,95.25837,NaN,24.47825,NaN,35.51941,NaN,NaN
Bellatrix_368,2016-07-06T00:43:47Z,7.990194963013672,88.01336602406116,94.835625,NaN,24.459164,NaN,35.51207,NaN,NaN
Bellatrix_368,2016-07-06T00:43:52Z,7.990202098296237,88.01336178152225,94.24177,NaN,24.462456,NaN,35.505295,NaN,NaN
Bellatrix_368,2016-07-06T00:43:57Z,7.9902092054569875,88.01335749039691,93.75863,NaN,24.456196,NaN,35.505024,NaN,NaN
Bellatrix_368,2016-07-06T00:44:02Z,7.990216354494317,88.01335322481556,93.19498,NaN,24.462748,NaN,35.50585,NaN,NaN
Bellatrix_368,2016-07-06T00:44:07Z,7.990223463206505,88.01334905932755,92.76216,NaN,24.47216,NaN,35.500225,NaN,NaN
Bellatrix_368,2016-07-06T00:44:12Z,7.990230539694802,88.0133447345226,92.04752,NaN,24.47999,NaN,35.49297,NaN,NaN
Bellatrix_368,2016-07-06T00:44:19Z,7.990240126698491,88.01333789315797,91.35302,NaN,24.484106,NaN,35.48749,NaN,NaN
Bellatrix_368,2016-07-06T00:44:28Z,7.99025122649573,88.01332705092905,90.326355,NaN,24.431643,NaN,35.522724,NaN,NaN
Bellatrix_368,2016-07-06T00:44:33Z,7.99025698784595,88.01332061420071,89.7325,NaN,24.378817,NaN,35.554752,NaN,NaN
Bellatrix_368,2016-07-06T00:44:40Z,7.990264044515758,88.01331115016814,89.13864,NaN,24.3766,NaN,35.567894,NaN,NaN
Bellatrix_368,2016-07-06T00:44:49Z,7.990273207070048,88.0132987676048,88.07172,NaN,24.469723,NaN,35.530376,NaN,NaN
Bellatrix_368,2016-07-06T00:44:55Z,7.990278654623848,88.01329122533292,87.52819,NaN,24.543493,NaN,35.505165,NaN,NaN
Bellatrix_368,2016-07-06T00:45:01Z,7.990283881012243,88.01328340588776,87.02492,NaN,24.574402,NaN,35.504997,NaN,NaN
Bellatrix_368,2016-07-06T00:45:05Z,7.990287757813633,88.01327719537107,86.61224,NaN,24.605099,NaN,35.509655,NaN,NaN
Bellatrix_368,2016-07-06T00:45:10Z,7.990291997139968,88.01326999520147,86.14924,NaN,24.639696,NaN,35.51894,NaN,NaN
Bellatrix_368,2016-07-06T00:45:15Z,7.990296114145278,88.01326277005946,85.59564,NaN,24.687614,NaN,35.529854,NaN,NaN
Bellatrix_368,2016-07-06T00:45:20Z,7.990300155452505,88.0132556376808,85.1125,NaN,24.719126,NaN,35.531364,NaN,NaN
Bellatrix_368,2016-07-06T00:45:26Z,7.990304732532977,88.01324768546527,84.52872,NaN,24.74957,NaN,35.536716,NaN,NaN
Bellatrix_368,2016-07-06T00:45:30Z,7.990308414134043,88.01324142451033,84.09591,NaN,24.779417,NaN,35.555244,NaN,NaN
Bellatrix_368,2016-07-06T00:45:35Z,7.990312674127766,88.01323431156843,83.58257,NaN,24.832075,NaN,35.55822,NaN,NaN
Bellatrix_368,2016-07-06T00:45:40Z,7.990316835668218,88.01322736666953,83.12963,NaN,24.867659,NaN,35.550816,NaN,NaN
Bellatrix_368,2016-07-06T00:45:45Z,7.990320960523987,88.0132203628946,82.60624,NaN,24.883553,NaN,35.549843,NaN,NaN
Bellatrix_368,2016-07-06T00:45:52Z,7.990326828193451,88.01321045979806,81.901665,NaN,24.916346,NaN,35.550163,NaN,NaN
Bellatrix_368,2016-07-06T00:46:01Z,7.990336030081161,88.01319876611944,80.975655,NaN,24.96007,NaN,35.556057,NaN,NaN
Bellatrix_368,2016-07-06T00:46:06Z,7.990341573439009,88.01319260616295,80.401924,NaN,24.946024,NaN,35.57805,NaN,NaN
Bellatrix_368,2016-07-06T00:46:11Z,7.990347481198798,88.01318690137803,79.888596,NaN,24.937788,NaN,35.586403,NaN,NaN
Bellatrix_368,2016-07-06T00:46:18Z,7.990356440202983,88.0131801701566,79.234344,NaN,24.945862,NaN,35.58651,NaN,NaN
Bellatrix_368,2016-07-06T00:46:28Z,7.990368728669536,88.01317143870658,78.15736,NaN,24.958487,NaN,35.542492,NaN,NaN
Bellatrix_368,2016-07-06T00:46:33Z,7.990376132576185,88.01316646920793,77.55344,NaN,25.030989,NaN,35.50198,NaN,NaN
Bellatrix_368,2016-07-06T00:46:38Z,7.990381966456667,88.01316272227582,77.140755,NaN,25.023643,NaN,35.49579,NaN,NaN
Bellatrix_368,2016-07-06T00:46:43Z,7.990389409682537,88.01315812246698,76.60729,NaN,25.029455,NaN,35.47717,NaN,NaN
Bellatrix_368,2016-07-06T00:46:48Z,7.990395978138518,88.01315419729086,75.92285,NaN,25.022406,NaN,35.456985,NaN,NaN
Bellatrix_368,2016-07-06T00:46:53Z,7.990402662411853,88.01315031440268,75.39945,NaN,25.01551,NaN,35.449917,NaN,NaN
Bellatrix_368,2016-07-06T00:46:58Z,7.9904093158230545,88.01314662699427,74.84586,NaN,25.012934,NaN,35.438522,NaN,NaN
Bellatrix_368,2016-07-06T00:47:03Z,7.990416025454526,88.01314316107803,74.27213,NaN,25.00543,NaN,35.423912,NaN,NaN
Bellatrix_368,2016-07-06T00:47:08Z,7.990422823839951,88.01313995185252,73.67828,NaN,25.001385,NaN,35.409565,NaN,NaN
Bellatrix_368,2016-07-06T00:47:13Z,7.990429585220289,88.01313704093072,73.13475,NaN,24.997652,NaN,35.39761,NaN,NaN
Bellatrix_368,2016-07-06T00:47:18Z,7.990436407222899,88.01313434919537,72.52077,NaN,24.9929,NaN,35.37928,NaN,NaN
Bellatrix_368,2016-07-06T00:47:23Z,7.990443231818911,88.01313178667006,71.91685,NaN,24.994469,NaN,35.377857,NaN,NaN
Bellatrix_368,2016-07-06T00:47:31Z,7.990453658021798,88.01312716700085,71.061295,NaN,25.071352,NaN,35.405212,NaN,NaN
Bellatrix_368,2016-07-06T00:47:39Z,7.990464525826371,88.01312066095241,70.11515,NaN,25.14557,NaN,35.44548,NaN,NaN
Bellatrix_368,2016-07-06T00:47:44Z,7.990470933239157,88.01311611184508,69.68234,NaN,25.133347,NaN,35.579716,NaN,NaN
Bellatrix_368,2016-07-06T00:47:49Z,7.990476979312418,88.0131111273143,69.01803,NaN,25.218538,NaN,35.70383,NaN,NaN
Bellatrix_368,2016-07-06T00:47:54Z,7.990482685649727,88.01310570008744,68.524826,NaN,25.433187,NaN,35.667618,NaN,NaN
Bellatrix_368,2016-07-06T00:47:59Z,7.990487827142264,88.01310001657704,68.10208,NaN,25.514107,NaN,35.594795,NaN,NaN
Bellatrix_368,2016-07-06T00:48:06Z,7.990493503960529,88.01309189432085,67.49816,NaN,25.508415,NaN,35.535366,NaN,NaN
Bellatrix_368,2016-07-06T00:48:15Z,7.990500359676201,88.01308140187584,66.4715,NaN,25.508476,NaN,35.425434,NaN,NaN
Bellatrix_368,2016-07-06T00:48:20Z,7.990503940881444,88.01307563412472,66.08901,NaN,25.541082,NaN,35.371216,NaN,NaN
Bellatrix_368,2016-07-06T00:48:25Z,7.990507207782634,88.01306997909963,65.51529,NaN,25.608929,NaN,35.317883,NaN,NaN
Bellatrix_368,2016-07-06T00:48:30Z,7.990510183789602,88.01306445258713,65.21333,NaN,25.60869,NaN,35.286766,NaN,NaN
Bellatrix_368,2016-07-06T00:48:35Z,7.990512948087025,88.01305899770838,64.770454,NaN,25.621294,NaN,35.250732,NaN,NaN
Bellatrix_368,2016-07-06T00:48:40Z,7.9905155602056785,88.01305357020819,64.32758,NaN,25.631838,NaN,35.22696,NaN,NaN
Bellatrix_368,2016-07-06T00:48:45Z,7.990517988424197,88.0130482412039,63.96523,NaN,25.636152,NaN,35.211376,NaN,NaN
Bellatrix_368,2016-07-06T00:48:50Z,7.990520268720006,88.01304288912347,63.451897,NaN,25.64366,NaN,35.225964,NaN,NaN
Bellatrix_368,2016-07-06T00:48:55Z,7.990522415348188,88.01303755266764,63.109676,NaN,25.678846,NaN,35.227726,NaN,NaN
Bellatrix_368,2016-07-06T00:49:00Z,7.990524438155029,88.01303219472315,62.626537,NaN,25.716337,NaN,35.222652,NaN,NaN
Bellatrix_368,2016-07-06T00:49:05Z,7.990526320498757,88.01302688651587,62.19373,NaN,25.74074,NaN,35.21797,NaN,NaN
Bellatrix_368,2016-07-06T00:49:10Z,7.9905281228978335,88.01302144970995,61.821312,NaN,25.759918,NaN,35.219837,NaN,NaN
Bellatrix_368,2016-07-06T00:49:18Z,7.990530682290848,88.01301246407554,61.106674,NaN,25.791956,NaN,35.214478,NaN,NaN
Bellatrix_368,2016-07-06T00:49:25Z,7.990532948935688,88.01300283025031,60.301445,NaN,25.81518,NaN,35.199192,NaN,NaN
Bellatrix_368,2016-07-06T00:49:36Z,7.99053747037952,88.01298730595593,59.133865,NaN,25.82168,NaN,35.189716,NaN,NaN
Bellatrix_368,2016-07-06T00:49:41Z,7.9905406959622205,88.01297876973834,58.268246,NaN,25.797722,NaN,35.19263,NaN,NaN
Bellatrix_368,2016-07-06T00:49:46Z,7.990543670163595,88.01297208914228,57.624065,NaN,25.784588,NaN,35.206646,NaN,NaN
Bellatrix_368,2016-07-06T00:49:51Z,7.990547628391376,88.01296455484746,56.87923,NaN,25.763124,NaN,35.235664,NaN,NaN
Bellatrix_368,2016-07-06T00:49:56Z,7.990552719818103,88.01295644945047,56.01361,NaN,25.74977,NaN,35.25406,NaN,NaN
Bellatrix_368,2016-07-06T00:50:01Z,7.990557015635118,88.01295027721,55.510345,NaN,25.802187,NaN,35.253887,NaN,NaN
Bellatrix_368,2016-07-06T00:50:06Z,7.990562966638186,88.01294274056681,54.644726,NaN,25.847038,NaN,35.249603,NaN,NaN
Bellatrix_368,2016-07-06T00:50:11Z,7.990568518556457,88.01293633754507,53.930084,NaN,25.918076,NaN,35.25743,NaN,NaN
Bellatrix_368,2016-07-06T00:50:16Z,7.990574584823292,88.0129302381301,53.175186,NaN,25.951029,NaN,35.29786,NaN,NaN
Bellatrix_368,2016-07-06T00:50:23Z,7.990583708194541,88.01292291273509,52.16865,NaN,25.942125,NaN,35.331535,NaN,NaN
Bellatrix_368,2016-07-06T00:50:32Z,7.9905955440090795,88.01291409678136,50.850094,NaN,26.061874,NaN,35.293938,NaN,NaN
Bellatrix_368,2016-07-06T00:50:37Z,7.9906021161848075,88.01290937117982,50.175716,NaN,26.204138,NaN,35.23341,NaN,NaN
Bellatrix_368,2016-07-06T00:50:42Z,7.990608580641437,88.01290505783793,49.64225,NaN,26.209438,NaN,35.219788,NaN,NaN
Bellatrix_368,2016-07-06T00:50:47Z,7.990615131844397,88.01290097756961,48.99807,NaN,26.221058,NaN,35.214626,NaN,NaN
Bellatrix_368,2016-07-06T00:50:52Z,7.990621747743493,88.0128971541839,48.293495,NaN,26.237528,NaN,35.21355,NaN,NaN
Bellatrix_368,2016-07-06T00:50:57Z,7.990628569364183,88.012893677015,47.639248,NaN,26.256773,NaN,35.229168,NaN,NaN
Bellatrix_368,2016-07-06T00:51:02Z,7.990635413584432,88.01289060693144,47.005135,NaN,26.31596,NaN,35.24644,NaN,NaN
Bellatrix_368,2016-07-06T00:51:07Z,7.990642193129907,88.01288786426554,46.350887,NaN,26.42913,NaN,35.24208,NaN,NaN
Bellatrix_368,2016-07-06T00:51:13Z,7.990648930303401,88.01288548973037,45.79729,NaN,26.505962,NaN,35.232285,NaN,NaN
Bellatrix_368,2016-07-06T00:51:18Z,7.990655601821089,88.01288362258778,45.11285,NaN,26.591661,NaN,35.214188,NaN,NaN
Bellatrix_368,2016-07-06T00:51:22Z,7.99066217700349,88.01288216260996,44.408276,NaN,26.629236,NaN,35.19815,NaN,NaN
Bellatrix_368,2016-07-06T00:51:27Z,7.9906686593976755,88.01288107641948,43.874813,NaN,26.65114,NaN,35.1893,NaN,NaN
Bellatrix_368,2016-07-06T00:51:34Z,7.990677465494678,88.01288026156843,43.089718,NaN,26.692318,NaN,35.179256,NaN,NaN
Bellatrix_368,2016-07-06T00:51:43Z,7.990688833964748,88.01287877418221,41.902004,NaN,26.732666,NaN,35.183434,NaN,NaN
Bellatrix_368,2016-07-06T00:51:49Z,7.990695159984398,88.01287776593881,41.26789,NaN,26.732603,NaN,35.191288,NaN,NaN
Bellatrix_368,2016-07-06T00:51:54Z,7.99070142765755,88.01287655594639,40.885406,NaN,26.734182,NaN,35.197468,NaN,NaN
Bellatrix_368,2016-07-06T00:51:59Z,7.990707679191653,88.01287509695206,40.25129,NaN,26.736399,NaN,35.206726,NaN,NaN
Bellatrix_368,2016-07-06T00:52:04Z,7.9907139327954555,88.01287351266012,39.768154,NaN,26.749516,NaN,35.21113,NaN,NaN
Bellatrix_368,2016-07-06T00:52:09Z,7.990720925921043,88.01287146076079,39.164234,NaN,26.76901,NaN,35.206253,NaN,NaN
Bellatrix_368,2016-07-06T00:52:14Z,7.990726390604878,88.01286965387222,38.74149,NaN,26.790245,NaN,35.209057,NaN,NaN
Bellatrix_368,2016-07-06T00:52:19Z,7.990733365095269,88.01286709516289,38.067112,NaN,26.778248,NaN,35.221046,NaN,NaN
Bellatrix_368,2016-07-06T00:52:24Z,7.990739583167766,88.01286449641516,37.59404,NaN,26.7604,NaN,35.251698,NaN,NaN
Bellatrix_368,2016-07-06T00:52:29Z,7.9907456287625065,88.01286156758219,37.070644,NaN,26.79977,NaN,35.287,NaN,NaN
Bellatrix_368,2016-07-06T00:52:34Z,7.990751267151168,88.01285804455658,36.637833,NaN,26.89923,NaN,35.280807,NaN,NaN
Bellatrix_368,2016-07-06T00:52:39Z,7.990756418694819,88.01285397575941,36.08424,NaN,26.996166,NaN,35.249725,NaN,NaN
Bellatrix_368,2016-07-06T00:52:45Z,7.9907613201201935,88.01284912588895,35.570908,NaN,27.05529,NaN,35.2307,NaN,NaN
Bellatrix_368,2016-07-06T00:52:50Z,7.990765875068187,88.01284355145137,35.17836,NaN,27.105621,NaN,35.209408,NaN,NaN
Bellatrix_368,2016-07-06T00:52:58Z,7.990770914422713,88.01283494433427,34.57444,NaN,27.182974,NaN,35.178326,NaN,NaN
Bellatrix_368,2016-07-06T00:53:04Z,7.9907749386011515,88.01282755529216,33.930256,NaN,27.214802,NaN,35.153706,NaN,NaN
Bellatrix_368,2016-07-06T00:53:14Z,7.990780718133858,88.01281498453005,33.1049,NaN,27.302244,NaN,35.111504,NaN,NaN
Bellatrix_368,2016-07-06T00:53:19Z,7.990783416357838,88.01280867913536,32.76268,NaN,27.324581,NaN,35.098316,NaN,NaN
Bellatrix_368,2016-07-06T00:53:24Z,7.990785897052305,88.01280244870719,32.138626,NaN,27.338726,NaN,35.090324,NaN,NaN
Bellatrix_368,2016-07-06T00:53:29Z,7.990788219016858,88.01279625492633,31.78634,NaN,27.357426,NaN,35.082874,NaN,NaN
Bellatrix_368,2016-07-06T00:53:34Z,7.990790458736084,88.01279001437581,31.363596,NaN,27.376884,NaN,35.076004,NaN,NaN
Bellatrix_368,2016-07-06T00:53:39Z,7.990792536466446,88.0127838591479,30.820068,NaN,27.397457,NaN,35.068283,NaN,NaN
Bellatrix_368,2016-07-06T00:53:44Z,7.990794498642864,88.01277778808749,30.29667,NaN,27.416363,NaN,35.059414,NaN,NaN
Bellatrix_368,2016-07-06T00:53:49Z,7.99079642306946,88.01277176618797,29.904121,NaN,27.428915,NaN,35.052284,NaN,NaN
Bellatrix_368,2016-07-06T00:53:55Z,7.9907982676317255,88.0127656985928,29.259941,NaN,27.445747,NaN,35.044487,NaN,NaN
Bellatrix_368,2016-07-06T00:54:00Z,7.990800267773889,88.01275900998033,28.817066,NaN,27.457783,NaN,35.03803,NaN,NaN
Bellatrix_368,2016-07-06T00:54:05Z,7.990801797613515,88.01275377243554,28.394321,NaN,27.466295,NaN,35.03194,NaN,NaN
Bellatrix_368,2016-07-06T00:54:10Z,7.99080370108057,88.01274709617591,27.931316,NaN,27.474007,NaN,35.026814,NaN,NaN
Bellatrix_368,2016-07-06T00:54:21Z,7.990807350102668,88.0127331302298,26.874454,NaN,27.489065,NaN,35.019047,NaN,NaN
Bellatrix_368,2016-07-06T00:54:32Z,7.990812190825854,88.01271902146631,25.616287,NaN,27.50217,NaN,35.019848,NaN,NaN
Bellatrix_368,2016-07-06T00:54:37Z,7.990815156265353,88.01271129336212,24.94191,NaN,27.565285,NaN,35.010536,NaN,NaN
Bellatrix_368,2016-07-06T00:54:42Z,7.990817542951732,88.0127051963006,24.22727,NaN,27.621502,NaN,35.005665,NaN,NaN
Bellatrix_368,2016-07-06T00:54:47Z,7.990820338232455,88.01269824832087,23.482435,NaN,27.688694,NaN,34.9891,NaN,NaN
Bellatrix_368,2016-07-06T00:54:52Z,7.99082343441924,88.01269151024391,22.496033,NaN,27.932903,NaN,34.89332,NaN,NaN
Bellatrix_368,2016-07-06T00:54:57Z,7.990825012193217,88.01268976784708,21.338518,NaN,28.24085,NaN,34.341892,NaN,NaN
Bellatrix_368,2016-07-06T00:55:02Z,7.99082625750664,88.0126883925993,20.34205,NaN,28.537617,NaN,34.124905,NaN,NaN
Bellatrix_368,2016-07-06T00:55:07Z,7.990827686295347,88.01268681473267,19.144274,NaN,28.757227,NaN,33.888527,NaN,NaN
Bellatrix_368,2016-07-06T00:55:13Z,7.990829275094744,88.01268506016005,17.825716,NaN,28.843578,NaN,33.78436,NaN,NaN
Bellatrix_368,2016-07-06T00:55:17Z,7.99083052351796,88.01268368147801,17.040619,NaN,28.899872,NaN,33.740067,NaN,NaN
Bellatrix_368,2016-07-06T00:55:23Z,7.9908321126000414,88.0126819265932,16.074347,NaN,28.995312,NaN,33.61681,NaN,NaN
Bellatrix_368,2016-07-06T00:55:28Z,7.990833543933039,88.01268034591682,15.087943,NaN,29.016954,NaN,33.578648,NaN,NaN
Bellatrix_368,2016-07-06T00:55:33Z,7.990835133015187,88.01267859103194,14.151867,NaN,29.06971,NaN,33.51509,NaN,NaN
Bellatrix_368,2016-07-06T00:55:38Z,7.990836378894046,88.01267721515973,13.356705,NaN,29.110098,NaN,33.475887,NaN,NaN
Bellatrix_368,2016-07-06T00:55:43Z,7.990837967128074,88.01267546121147,12.621935,NaN,29.121973,NaN,33.458336,NaN,NaN
Bellatrix_368,2016-07-06T00:55:48Z,7.9908393973302685,88.01267388178387,11.826774,NaN,29.125267,NaN,33.45071,NaN,NaN
Bellatrix_368,2016-07-06T00:55:53Z,7.990840822161062,88.01267230828812,11.222853,NaN,29.11425,NaN,33.45799,NaN,NaN
Bellatrix_368,2016-07-06T00:55:58Z,7.99084223511825,88.01267074790485,10.659194,NaN,29.119986,NaN,33.459167,NaN,NaN
Bellatrix_368,2016-07-06T00:56:04Z,7.990843951700131,88.01266885221708,9.894228,NaN,29.1146,NaN,33.455044,NaN,NaN
Bellatrix_368,2016-07-06T00:56:10Z,7.990845459646097,88.01266718693402,9.411092,NaN,29.11117,NaN,33.456738,NaN,NaN
Bellatrix_368,2016-07-06T00:56:15Z,7.990847047880125,88.01266543298576,8.857498,NaN,29.121101,NaN,33.45454,NaN,NaN
Bellatrix_368,2016-07-06T00:56:20Z,7.990848288952951,88.01266406242104,8.384427,NaN,29.096672,NaN,33.467285,NaN,NaN
Bellatrix_368,2016-07-06T00:56:25Z,7.990849878317783,88.01266230722399,7.871095,NaN,29.099392,NaN,33.46448,NaN,NaN
Bellatrix_368,2016-07-06T00:56:31Z,7.990851417926652,88.01266060697436,7.387959,NaN,29.146152,NaN,33.439903,NaN,NaN
Bellatrix_368,2016-07-06T00:56:36Z,7.99085300616068,88.0126588530261,6.914888,NaN,29.13681,NaN,33.444622,NaN,NaN
Bellatrix_368,2016-07-06T00:56:41Z,7.990854250908668,88.01265747840276,6.4518824,NaN,29.13766,NaN,33.4449,NaN,NaN
Bellatrix_368,2016-07-06T00:56:46Z,7.99085583942538,88.0126557241423,5.8982887,NaN,29.086946,NaN,33.47314,NaN,NaN
Bellatrix_368,2016-07-06T00:56:52Z,7.990857267648652,88.01265414690012,5.314499,NaN,29.092188,NaN,33.473064,NaN,NaN
Bellatrix_368,2016-07-06T00:56:57Z,7.990858859557842,88.01265238889323,4.730709,NaN,29.083406,NaN,33.480183,NaN,NaN
Bellatrix_368,2016-07-06T00:57:04Z,7.990860779969673,88.01265026810816,4.006005,NaN,29.073503,NaN,33.48589,NaN,NaN
Bellatrix_368,2016-07-06T00:57:13Z,7.990863415341259,88.01264735776539,3.120255,NaN,29.059912,NaN,33.49544,NaN,NaN
Bellatrix_368,2016-07-06T00:57:18Z,7.990864844695334,88.01264577927441,2.818295,NaN,29.052542,NaN,33.500427,NaN,NaN
Bellatrix_368,2016-07-06T00:57:23Z,7.990866252846557,88.01264422419855,2.3653545,NaN,29.04528,NaN,33.512035,NaN,NaN
Bellatrix_368,2016-07-06T00:57:28Z,7.990867667499984,88.01264266194205,2.0734599,NaN,29.023119,NaN,33.528706,NaN,NaN
Bellatrix_368,2016-07-06T00:57:33Z,7.990869081022607,88.01264110093435,1.630585,NaN,28.76908,NaN,33.685406,NaN,NaN
Bellatrix_368,2016-07-06T00:57:38Z,7.990870504722597,88.01263952868739,1.1474487,NaN,28.79626,NaN,NaN,NaN,NaN
Bellatrix_368,2016-07-06T00:57:43Z,7.990871928988023,88.01263795581599,1.097122,NaN,28.824036,NaN,NaN,NaN,NaN
Bellatrix_368,2016-07-06T00:57:48Z,7.990873342510646,88.0126363948083,1.0467952,NaN,28.850628,NaN,NaN,NaN,NaN
Bellatrix_368,2016-07-06T00:57:53Z,7.9908747557505855,88.01263483411277,1.0266646,NaN,28.875692,NaN,NaN,NaN,NaN
Bellatrix_368,2016-07-06T00:57:59Z,7.990876277549012,88.01263315353191,1.0568606,NaN,28.876549,NaN,NaN,NaN,NaN
Bellatrix_368,2016-07-06T00:58:04Z,7.990877702662558,88.0126315797239,1.1776446,NaN,28.879179,NaN,NaN,NaN,NaN
Bellatrix_368,2016-07-06T00:58:09Z,7.990879280153783,88.01262983763932,1.0669259,NaN,28.89093,NaN,NaN,NaN,NaN
Bellatrix_368,2016-07-06T00:58:17Z,7.990881432948742,88.01262746022459,1.1071873,NaN,28.906343,NaN,NaN,NaN,NaN
Bellatrix_368,2016-07-06T00:58:24Z,7.990883382479118,88.01262530728279,1.2380366,NaN,28.920301,NaN,NaN,NaN,NaN
Bellatrix_368,2016-07-06T00:58:30Z,7.990885162386806,88.0126233416619,1.0870566,NaN,28.93507,NaN,NaN,NaN,NaN
Bellatrix_368,2016-07-06T00:58:37Z,7.990886947383212,88.01262137042133,0.9159458,NaN,28.990734,NaN,NaN,NaN,NaN
Bellatrix_368,2016-07-06T00:58:47Z,7.990889858391683,88.01261815568209,0.96627253,NaN,29.032183,NaN,NaN,NaN,NaN
Bellatrix_368,2016-07-06T00:58:52Z,7.990891283787912,88.0126165815619,1.0467952,NaN,29.052998,NaN,NaN,NaN,NaN
Bellatrix_368,2016-07-06T00:58:57Z,7.990892860996454,88.0126148397895,1.097122,NaN,29.07395,NaN,NaN,NaN,NaN
Bellatrix_368,2016-07-06T00:59:02Z,7.990894104613638,88.01261346641495,1.0266646,NaN,29.054886,NaN,NaN,NaN,NaN
Bellatrix_368,2016-07-06T00:59:07Z,7.9908956931303505,88.01261171215451,1.0467952,NaN,29.033905,NaN,NaN,NaN,NaN
Bellatrix_368,2016-07-06T00:59:12Z,7.990897030605441,88.01261023512903,1.0266646,NaN,29.01624,NaN,NaN,NaN,NaN
Bellatrix_368,2016-07-06T00:59:17Z,7.9908984554363025,88.01260866163321,0.97633785,NaN,28.997421,NaN,NaN,NaN,NaN
Bellatrix_368,2016-07-06T00:59:22Z,7.990899868958926,88.0126071006255,1.0669259,NaN,28.97875,NaN,NaN,NaN,NaN
Bellatrix_368,2016-07-06T00:59:27Z,7.9909012816334295,88.01260554055442,1.0266646,NaN,28.959534,NaN,NaN,NaN,NaN
Bellatrix_368,2016-07-06T00:59:32Z,7.990902695438737,88.01260397923453,1.0769913,NaN,28.933247,NaN,NaN,NaN,NaN
Bellatrix_368,2016-07-06T00:59:37Z,7.9909041092440445,88.01260241791465,1.0769913,NaN,28.945211,NaN,NaN,NaN,NaN
Bellatrix_368,2016-07-06T00:59:42Z,7.9909055222013,88.0126008575313,1.0467952,NaN,28.954908,NaN,NaN,NaN,NaN
Bellatrix_368,2016-07-06T00:59:47Z,7.990906936572042,88.01259929558698,0.99646854,NaN,28.964617,NaN,NaN,NaN,NaN
Bellatrix_368,2016-07-06T00:59:52Z,7.990908349811914,88.01259773489154,1.0367299,NaN,28.974316,NaN,NaN,NaN,NaN
Bellatrix_368,2016-07-06T00:59:57Z,7.990909764182657,88.01259617294723,1.0165992,NaN,28.984024,NaN,NaN,NaN,NaN
Bellatrix_368,2016-07-06T01:00:02Z,7.990911176009042,88.01259461381274,1.0367299,NaN,28.993713,NaN,NaN,NaN,NaN
Bellatrix_368,2016-07-06T01:23:10Z,7.991766666666666,88.01901666666666,2.1036558,NaN,29.128963,NaN,NaN,NaN,NaN
Bellatrix_368,2016-07-06T01:23:21Z,7.991775190876707,88.01902488683568,2.0935905,NaN,29.12636,NaN,NaN,NaN,NaN
Bellatrix_368,2016-07-06T01:23:28Z,7.991780805006624,88.01903030072116,2.2143745,NaN,29.132034,NaN,NaN,NaN,NaN
Bellatrix_368,2016-07-06T01:23:35Z,7.991785617562325,88.0190349416229,1.9325451,NaN,29.135103,NaN,NaN,NaN,NaN
Bellatrix_368,2016-07-06T01:23:41Z,7.991790469769037,88.01903962076139,1.5802583,NaN,29.138268,NaN,NaN,NaN,NaN
Bellatrix_368,2016-07-06T01:23:47Z,7.991795328195636,88.01904430589792,1.0669259,NaN,29.141273,NaN,NaN,NaN,NaN
Bellatrix_368,2016-07-06T01:23:54Z,7.9918006523283305,88.01904944012976,1.0769913,NaN,29.144886,NaN,NaN,NaN,NaN
Bellatrix_368,2016-07-06T01:24:00Z,7.991805509199911,88.01905412376675,0.97633785,NaN,29.154577,NaN,NaN,NaN,NaN
Bellatrix_368,2016-07-06T01:24:06Z,7.991810385508382,88.01905882614733,1.157514,NaN,29.154257,NaN,NaN,NaN,NaN
Bellatrix_368,2016-07-06T01:24:13Z,7.991815255596967,88.01906352252989,1.0568606,NaN,29.150763,NaN,NaN,NaN,NaN
Bellatrix_368,2016-07-06T01:24:20Z,7.991820575842208,88.01906865301294,1.1977754,NaN,29.147793,NaN,NaN,NaN,NaN
Bellatrix_368,2016-07-06T01:24:26Z,7.991825453705512,88.0190733568929,0.9058805,NaN,29.159054,NaN,NaN,NaN,NaN
Bellatrix_368,2016-07-06T01:24:32Z,7.991830325349115,88.01907805477502,1.0467952,NaN,29.158691,NaN,NaN,NaN,NaN
Bellatrix_368,2016-07-06T01:24:38Z,7.991835196992717,88.01908275265713,1.0065339,NaN,29.158045,NaN,NaN,NaN,NaN
Bellatrix_368,2016-07-06T01:24:45Z,7.991840519570393,88.01908788538942,0.9864032,NaN,29.140774,NaN,33.442444,NaN,NaN
Bellatrix_368,2016-07-06T01:24:51Z,7.991845410650886,88.01909260201515,0.96627253,NaN,29.144394,NaN,33.440495,NaN,NaN
Bellatrix_368,2016-07-06T01:24:58Z,7.991831802731037,88.01906789546392,1.2279713,NaN,29.146402,NaN,33.4415,NaN,NaN
Bellatrix_368,2016-07-06T01:25:04Z,7.991817235372813,88.01904067979528,1.8822184,NaN,29.136318,NaN,33.45006,NaN,NaN
Bellatrix_368,2016-07-06T01:25:12Z,7.991804691581367,88.018998028766,3.532934,NaN,29.169266,NaN,33.43207,NaN,NaN
Bellatrix_368,2016-07-06T01:25:18Z,7.9918034612339195,88.01895992858456,5.4453483,NaN,29.173416,NaN,33.42791,NaN,NaN
Bellatrix_368,2016-07-06T01:25:25Z,7.991810728844382,88.0189176409664,7.8509645,NaN,29.175034,NaN,33.427547,NaN,NaN
Bellatrix_368,2016-07-06T01:25:34Z,7.991830172151866,88.01886183047175,11.0416765,NaN,29.166862,NaN,33.4376,NaN,NaN
Bellatrix_368,2016-07-06T01:25:39Z,7.991845059058068,88.01883115591015,13.04468,NaN,29.177555,NaN,33.435074,NaN,NaN
Bellatrix_368,2016-07-06T01:25:44Z,7.991866648595609,88.01880006594062,15.067812,NaN,29.153364,NaN,33.47784,NaN,NaN
Bellatrix_368,2016-07-06T01:25:49Z,7.991886924641787,88.0187777486875,16.597744,NaN,29.116863,NaN,33.530582,NaN,NaN
Bellatrix_368,2016-07-06T01:25:54Z,7.991916695387156,88.0187525962884,18.500093,NaN,29.02293,NaN,33.661736,NaN,NaN
Bellatrix_368,2016-07-06T01:25:59Z,7.991945127568122,88.01873308117064,19.838783,NaN,28.8694,NaN,33.869267,NaN,NaN
Bellatrix_368,2016-07-06T01:26:04Z,7.991975809343847,88.01871559251947,21.237865,NaN,28.607859,NaN,34.16944,NaN,NaN
Bellatrix_368,2016-07-06T01:26:09Z,7.992006884647052,88.01869961034362,22.69734,NaN,28.225082,NaN,34.50085,NaN,NaN
Bellatrix_368,2016-07-06T01:26:15Z,7.992045702984551,88.0186854236406,24.609755,NaN,27.845335,NaN,34.819965,NaN,NaN
Bellatrix_368,2016-07-06T01:26:20Z,7.992080878293871,88.0186795800869,26.290665,NaN,27.923576,NaN,34.714195,NaN,NaN
Bellatrix_368,2016-07-06T01:26:25Z,7.992115485678004,88.01867778078173,27.709879,NaN,27.865414,NaN,34.734722,NaN,NaN
Bellatrix_368,2016-07-06T01:26:30Z,7.992149767770852,88.01867975576617,29.259941,NaN,27.866217,NaN,34.7222,NaN,NaN
Bellatrix_368,2016-07-06T01:26:37Z,7.992194866501113,88.01869068867994,31.192486,NaN,27.844387,NaN,34.707115,NaN,NaN
Bellatrix_368,2016-07-06T01:26:45Z,7.992245253688634,88.0187104284933,33.16529,NaN,27.763857,NaN,34.723396,NaN,NaN
Bellatrix_368,2016-07-06T01:26:50Z,7.9922744418320715,88.0187255683992,34.433525,NaN,27.719177,NaN,34.72242,NaN,NaN
Bellatrix_368,2016-07-06T01:26:55Z,7.99230109882715,88.01874402181117,35.560844,NaN,27.654678,NaN,34.73262,NaN,NaN
Bellatrix_368,2016-07-06T01:27:00Z,7.9923251956018335,88.01876557346985,36.567375,NaN,27.477856,NaN,34.73377,NaN,NaN
Bellatrix_368,2016-07-06T01:27:06Z,7.9923464701901885,88.01879009498964,37.57391,NaN,27.4716,NaN,34.698284,NaN,NaN
Bellatrix_368,2016-07-06T01:27:11Z,7.992364838276079,88.01881713393306,38.600574,NaN,27.456156,NaN,34.681164,NaN,NaN
Bellatrix_368,2016-07-06T01:27:16Z,7.99238020651102,88.01884586069113,39.597042,NaN,27.449709,NaN,34.653572,NaN,NaN
Bellatrix_368,2016-07-06T01:27:21Z,7.99239276518024,88.0188760895868,40.75456,NaN,27.406528,NaN,34.64222,NaN,NaN
Bellatrix_368,2016-07-06T01:27:26Z,7.992402543531263,88.01890754330323,41.91207,NaN,27.303726,NaN,34.687363,NaN,NaN
Bellatrix_368,2016-07-06T01:27:31Z,7.992409462573194,88.01893955070925,43.029324,NaN,27.210527,NaN,34.726147,NaN,NaN
Bellatrix_368,2016-07-06T01:27:36Z,7.992413648249113,88.01897199048209,44.317688,NaN,27.11722,NaN,34.737335,NaN,NaN
Bellatrix_368,2016-07-06T01:27:41Z,7.992414998377155,88.01900442827605,45.575855,NaN,26.966146,NaN,34.786415,NaN,NaN
Bellatrix_368,2016-07-06T01:27:50Z,7.992406367008024,88.01906096584561,47.800293,NaN,26.762407,NaN,34.781635,NaN,NaN
Bellatrix_368,2016-07-06T01:27:57Z,7.992394556863417,88.01910582925606,49.52147,NaN,26.624924,NaN,34.860504,NaN,NaN
Bellatrix_368,2016-07-06T01:28:03Z,7.992382308297309,88.01913819535935,51.07153,NaN,26.603386,NaN,34.841366,NaN,NaN
Bellatrix_368,2016-07-06T01:28:07Z,7.992369956273746,88.01916377607101,52.339764,NaN,26.499176,NaN,34.81081,NaN,NaN
Bellatrix_368,2016-07-06T01:28:12Z,7.992354454843596,88.01918948139539,53.66839,NaN,26.354198,NaN,34.843086,NaN,NaN
Bellatrix_368,2016-07-06T01:28:17Z,7.992336766447665,88.01921304720359,54.93662,NaN,26.338251,NaN,34.83473,NaN,NaN
Bellatrix_368,2016-07-06T01:28:22Z,7.992317286253506,88.01923393478127,56.245113,NaN,26.367771,NaN,34.811024,NaN,NaN
Bellatrix_368,2016-07-06T01:28:27Z,7.992296161656264,88.01925226948858,57.362366,NaN,26.451054,NaN,34.745617,NaN,NaN
Bellatrix_368,2016-07-06T01:28:32Z,7.992273707537652,88.019268109932,58.680927,NaN,26.391008,NaN,34.73985,NaN,NaN
Bellatrix_368,2016-07-06T01:28:37Z,7.992250430162845,88.01928100970494,59.848507,NaN,26.36398,NaN,34.696606,NaN,NaN
Bellatrix_368,2016-07-06T01:28:42Z,7.992226455488289,88.01929203569865,61.167065,NaN,26.06394,NaN,34.912594,NaN,NaN
Bellatrix_368,2016-07-06T01:28:47Z,7.992201917060171,88.01930064298696,62.314514,NaN,25.86099,NaN,35.09427,NaN,NaN
Bellatrix_368,2016-07-06T01:28:52Z,7.9921771684417235,88.01930643547759,63.542484,NaN,25.925407,NaN,35.089603,NaN,NaN
Bellatrix_368,2016-07-06T01:28:59Z,7.992142858915237,88.01930731915643,65.464966,NaN,26.034477,NaN,35.036873,NaN,NaN
Bellatrix_368,2016-07-06T01:29:07Z,7.992104990051668,88.01930376844682,67.30692,NaN,26.119738,NaN,34.986687,NaN,NaN
Bellatrix_368,2016-07-06T01:29:13Z,7.992078129399273,88.01929828059289,68.7362,NaN,25.414524,NaN,35.206116,NaN,NaN
Bellatrix_368,2016-07-06T01:29:18Z,7.992054748816358,88.01929104418323,70.14535,NaN,25.475637,NaN,35.045177,NaN,NaN
Bellatrix_368,2016-07-06T01:29:23Z,7.9920330457206505,88.01928077497858,71.48404,NaN,25.608149,NaN,34.926765,NaN,NaN
Bellatrix_368,2016-07-06T01:29:28Z,7.9920133676459155,88.01926798453648,72.78246,NaN,25.72468,NaN,34.8863,NaN,NaN
Bellatrix_368,2016-07-06T01:29:33Z,7.99199564632597,88.01925303066861,73.97018,NaN,25.70218,NaN,34.938206,NaN,NaN
Bellatrix_368,2016-07-06T01:29:38Z,7.991979664704836,88.01923628920076,75.248474,NaN,25.686512,NaN,34.95447,NaN,NaN
Bellatrix_368,2016-07-06T01:29:43Z,7.991965751545216,88.01921816048814,76.305336,NaN,25.647131,NaN,35.014523,NaN,NaN
Bellatrix_368,2016-07-06T01:29:48Z,7.991953899245421,88.0191983464095,77.392395,NaN,25.609,NaN,35.0714,NaN,NaN
Bellatrix_368,2016-07-06T01:29:53Z,7.991944203510048,88.01917714506273,78.5801,NaN,25.564678,NaN,35.093964,NaN,NaN
Bellatrix_368,2016-07-06T01:29:58Z,7.991936788817793,88.0191544518041,79.77788,NaN,25.415474,NaN,35.147095,NaN,NaN
Bellatrix_368,2016-07-06T01:30:03Z,7.9919317709280575,88.01913094914711,81.03604,NaN,25.268053,NaN,35.222107,NaN,NaN
Bellatrix_368,2016-07-06T01:30:10Z,7.991931229536959,88.01909700780946,82.85787,NaN,25.296106,NaN,35.137283,NaN,NaN
Bellatrix_368,2016-07-06T01:30:17Z,7.991935591956379,88.01906035441785,84.558914,NaN,25.227013,NaN,35.05535,NaN,NaN
Bellatrix_368,2016-07-06T01:30:22Z,7.991941925081189,88.01903537822727,85.82715,NaN,25.259512,NaN,34.96506,NaN,NaN
Bellatrix_368,2016-07-06T01:30:28Z,7.991952033599561,88.0190085916114,87.105446,NaN,25.059534,NaN,35.05547,NaN,NaN
Bellatrix_368,2016-07-06T01:30:32Z,7.991962341100881,88.01898798499646,88.15224,NaN,25.028051,NaN,35.062397,NaN,NaN
Bellatrix_368,2016-07-06T01:30:37Z,7.991976990337208,88.01896560041195,89.30975,NaN,25.054195,NaN,35.04193,NaN,NaN
Bellatrix_368,2016-07-06T01:30:42Z,7.991994068295296,88.01894494966581,90.50753,NaN,25.076181,NaN,35.026974,NaN,NaN
Bellatrix_368,2016-07-06T01:30:48Z,7.992016602951218,88.01892382077133,91.75563,NaN,25.103619,NaN,34.999817,NaN,NaN
Bellatrix_368,2016-07-06T01:30:52Z,7.9920360755258075,88.01890870520674,92.77223,NaN,25.108284,NaN,34.991177,NaN,NaN
Bellatrix_368,2016-07-06T01:30:58Z,7.992063703493061,88.01889264117612,94.02033,NaN,25.112349,NaN,34.995438,NaN,NaN
Bellatrix_368,2016-07-06T01:31:03Z,7.99209269995519,88.01887988607614,95.26843,NaN,25.057007,NaN,35.068333,NaN,NaN
Bellatrix_368,2016-07-06T01:31:08Z,7.992121042106303,88.01887077338439,96.31523,NaN,25.077322,NaN,35.059772,NaN,NaN
Bellatrix_368,2016-07-06T01:31:13Z,7.992150498793641,88.0188644042964,97.372086,NaN,24.947151,NaN,35.142933,NaN,NaN
Bellatrix_368,2016-07-06T01:31:20Z,7.992194257600098,88.01886201921809,98.95235,NaN,24.851662,NaN,35.185234,NaN,NaN
Bellatrix_368,2016-07-06T01:31:29Z,7.992247262043605,88.01886593431618,100.69365,NaN,24.77316,NaN,35.21822,NaN,NaN
Bellatrix_368,2016-07-06T01:31:34Z,7.9922796352450405,88.01887126777865,101.98202,NaN,24.73691,NaN,35.2411,NaN,NaN
Bellatrix_368,2016-07-06T01:31:39Z,7.992311567733432,88.01887945133963,103.06907,NaN,24.639782,NaN,35.26271,NaN,NaN
Bellatrix_368,2016-07-06T01:31:44Z,7.992342916450992,88.01889057866323,104.226585,NaN,24.66792,NaN,35.215973,NaN,NaN
Bellatrix_368,2016-07-06T01:31:49Z,7.992373418996231,88.0189045994684,105.53508,NaN,24.646593,NaN,35.239937,NaN,NaN
Bellatrix_368,2016-07-06T01:31:54Z,7.992402654165051,88.01892145983274,106.682526,NaN,24.672092,NaN,35.196503,NaN,NaN
Bellatrix_368,2016-07-06T01:31:59Z,7.992429978026483,88.01894075523806,107.9105,NaN,24.577936,NaN,35.23838,NaN,NaN
Bellatrix_368,2016-07-06T01:32:04Z,7.9924552799040836,88.01896232965494,109.00762,NaN,24.631857,NaN,35.169613,NaN,NaN
Bellatrix_368,2016-07-06T01:32:09Z,7.992478399182329,88.01898604820873,110.13494,NaN,24.62176,NaN,35.133884,NaN,NaN
Bellatrix_368,2016-07-06T01:32:14Z,7.992498836010472,88.01901142276792,111.22199,NaN,24.566404,NaN,35.160538,NaN,NaN
Bellatrix_368,2016-07-06T01:32:19Z,7.992516613939377,88.01903824058141,112.29899,NaN,24.546785,NaN,35.15023,NaN,NaN
Bellatrix_368,2016-07-06T01:32:24Z,7.992531495595244,88.01906601664304,113.295456,NaN,24.58388,NaN,35.099777,NaN,NaN
Bellatrix_368,2016-07-06T01:32:31Z,7.992544900358265,88.01910966647135,114.88578,NaN,24.474705,NaN,35.05331,NaN,NaN
Bellatrix_368,2016-07-06T01:32:39Z,7.992551747590989,88.0191519207625,116.2144,NaN,24.247332,NaN,35.02421,NaN,NaN
Bellatrix_368,2016-07-06T01:32:44Z,7.992553037949454,88.01918012102209,117.039764,NaN,24.170021,NaN,34.98898,NaN,NaN
Bellatrix_368,2016-07-06T01:32:49Z,7.992550595467671,88.01920723483431,117.85506,NaN,24.139145,NaN,34.981476,NaN,NaN
Bellatrix_368,2016-07-06T01:32:54Z,7.992544896482325,88.01923346908528,118.55963,NaN,24.12497,NaN,34.978287,NaN,NaN
Bellatrix_368,2016-07-06T01:32:59Z,7.992534338934225,88.01926063364955,119.455444,NaN,24.008099,NaN,34.987263,NaN,NaN
Bellatrix_368,2016-07-06T01:33:04Z,7.992523704545487,88.01928024340855,120.0493,NaN,23.928797,NaN,35.007,NaN,NaN
Bellatrix_368,2016-07-06T01:33:09Z,7.99250684938034,88.01930250793049,120.93505,NaN,23.902267,NaN,34.922222,NaN,NaN
Bellatrix_368,2016-07-06T01:33:14Z,7.992489851032951,88.01931947221746,121.8208,NaN,23.863625,NaN,34.9239,NaN,NaN
Bellatrix_368,2016-07-06T01:33:19Z,7.992470844090934,88.01933385221693,122.515305,NaN,23.880703,NaN,34.94549,NaN,NaN
Bellatrix_368,2016-07-06T01:33:24Z,7.992450826225117,88.01934479339133,123.3306,NaN,23.8371,NaN,34.971134,NaN,NaN
Bellatrix_368,2016-07-06T01:33:29Z,7.992430297480442,88.0193528931249,124.20628,NaN,23.831753,NaN,34.967884,NaN,NaN
Bellatrix_368,2016-07-06T01:33:34Z,7.992409411886228,88.01935708816342,125.11216,NaN,23.783157,NaN,34.987617,NaN,NaN
Bellatrix_368,2016-07-06T01:33:41Z,7.992381938406506,88.01935609116099,126.138824,NaN,23.772606,NaN,34.989155,NaN,NaN
Bellatrix_368,2016-07-06T01:33:49Z,7.992354829987286,88.01934906263793,127.22588,NaN,23.705751,NaN,35.034634,NaN,NaN
Bellatrix_368,2016-07-06T01:33:55Z,7.992336587480226,88.0193398263223,128.11163,NaN,23.6025,NaN,35.105488,NaN,NaN
Bellatrix_368,2016-07-06T01:34:00Z,7.992322230296257,88.01932866284086,128.83633,NaN,23.587038,NaN,35.111256,NaN,NaN
Bellatrix_368,2016-07-06T01:34:05Z,7.9923102550733,88.0193149877555,129.59123,NaN,23.567078,NaN,35.118073,NaN,NaN
Bellatrix_368,2016-07-06T01:34:10Z,7.992301100132782,88.01929906331812,130.31595,NaN,23.546062,NaN,35.137726,NaN,NaN
Bellatrix_368,2016-07-06T01:34:15Z,7.992295072020219,88.01928114426121,131.0809,NaN,23.507265,NaN,35.161526,NaN,NaN
Bellatrix_368,2016-07-06T01:34:20Z,7.992292436434168,88.01926148958299,131.83582,NaN,23.508318,NaN,35.15224,NaN,NaN
Bellatrix_368,2016-07-06T01:34:25Z,7.992293617240978,88.01924099822509,132.56052,NaN,23.484575,NaN,35.15552,NaN,NaN
Bellatrix_368,2016-07-06T01:34:30Z,7.992298684684298,88.019220415237,133.29529,NaN,23.466253,NaN,35.162647,NaN,NaN
Bellatrix_368,2016-07-06T01:34:35Z,7.992307521261838,88.01920022285245,134.04012,NaN,23.498957,NaN,35.133614,NaN,NaN
Bellatrix_368,2016-07-06T01:34:40Z,7.992320544054105,88.01918084654042,134.82521,NaN,23.477352,NaN,35.139217,NaN,NaN
Bellatrix_368,2016-07-06T01:34:45Z,7.992339538072417,88.01916143211979,135.71097,NaN,23.467127,NaN,35.123367,NaN,NaN
Bellatrix_368,2016-07-06T01:34:52Z,7.99237054599318,88.01914330951821,136.72757,NaN,23.440456,NaN,35.128494,NaN,NaN
Bellatrix_368,2016-07-06T01:35:00Z,7.9924112210488065,88.01912919058164,137.95554,NaN,23.422146,NaN,35.133904,NaN,NaN
Bellatrix_368,2016-07-06T01:35:05Z,7.992438876282295,88.01912383816894,138.70038,NaN,23.45491,NaN,35.101788,NaN,NaN
Bellatrix_368,2016-07-06T01:35:10Z,7.992467657540712,88.01912241567243,139.51567,NaN,23.424225,NaN,35.11186,NaN,NaN
Bellatrix_368,2016-07-06T01:35:15Z,7.992496784170423,88.0191248286656,140.43161,NaN,23.42242,NaN,35.09766,NaN,NaN
Bellatrix_368,2016-07-06T01:35:20Z,7.992525865414615,88.01913107459166,141.25697,NaN,23.367393,NaN,35.102715,NaN,NaN
Bellatrix_368,2016-07-06T01:35:25Z,7.992554267886625,88.0191411362003,142.0622,NaN,23.351192,NaN,35.09888,NaN,NaN
Bellatrix_368,2016-07-06T01:35:31Z,7.992581605476675,88.01915490378042,142.85736,NaN,23.29918,NaN,35.1256,NaN,NaN
Bellatrix_368,2016-07-06T01:35:36Z,7.992607111777394,88.01917177022493,143.68271,NaN,23.277681,NaN,35.10297,NaN,NaN
Bellatrix_368,2016-07-06T01:35:41Z,7.9926306924407,88.01919139393534,144.44768,NaN,23.2818,NaN,35.076057,NaN,NaN
Bellatrix_368,2016-07-06T01:35:46Z,7.992652082161152,88.01921363577274,145.40388,NaN,23.263987,NaN,35.068787,NaN,NaN
Bellatrix_368,2016-07-06T01:35:51Z,7.992670820707426,88.01923765884098,146.2091,NaN,23.226713,NaN,35.090256,NaN,NaN
Bellatrix_368,2016-07-06T01:35:56Z,7.992686901418195,88.01926344106764,146.96402,NaN,23.240417,NaN,35.059113,NaN,NaN
Bellatrix_368,2016-07-06T01:36:03Z,7.992702479460778,88.01930252329043,148.21211,NaN,23.142435,NaN,35.02046,NaN,NaN
Bellatrix_368,2016-07-06T01:36:11Z,7.992714353446915,88.01935158553573,149.55081,NaN,23.087746,NaN,35.035053,NaN,NaN
Bellatrix_368,2016-07-06T01:36:17Z,7.992718240371214,88.01938366543324,150.5976,NaN,23.018469,NaN,35.047768,NaN,NaN
Bellatrix_368,2016-07-06T01:36:21Z,7.992718704972649,88.01940849736252,151.30217,NaN,22.97719,NaN,35.0539,NaN,NaN
Bellatrix_368,2016-07-06T01:36:27Z,7.992715413232481,88.01943916021487,152.1376,NaN,22.911734,NaN,35.05888,NaN,NaN
Bellatrix_368,2016-07-06T01:36:32Z,7.992709873900285,88.01946507357387,152.99315,NaN,22.889263,NaN,35.0614,NaN,NaN
Bellatrix_368,2016-07-06T01:36:37Z,7.992701459504257,88.01949008151652,153.81851,NaN,22.881735,NaN,35.039185,NaN,NaN
Bellatrix_368,2016-07-06T01:36:42Z,7.992690525881873,88.01951319630848,154.61368,NaN,22.808678,NaN,35.035786,NaN,NaN
Bellatrix_368,2016-07-06T01:36:47Z,7.992677154885111,88.01953424386578,155.4189,NaN,22.765612,NaN,35.025074,NaN,NaN
Bellatrix_368,2016-07-06T01:36:52Z,7.992661598361616,88.0195531444931,156.29459,NaN,22.683031,NaN,35.06848,NaN,NaN
Bellatrix_368,2016-07-06T01:36:57Z,7.992644385706206,88.01956931748094,157.07968,NaN,22.689545,NaN,35.049355,NaN,NaN
Bellatrix_368,2016-07-06T01:37:02Z,7.992625770385082,88.01958289845227,157.8547,NaN,22.643518,NaN,35.06102,NaN,NaN
Bellatrix_368,2016-07-06T01:37:07Z,7.992606154593435,88.01959345467598,158.7304,NaN,22.60985,NaN,35.066406,NaN,NaN
Bellatrix_368,2016-07-06T01:37:14Z,7.992575131120942,88.01960093194452,160.09929,NaN,22.579811,NaN,35.050907,NaN,NaN
Bellatrix_368,2016-07-06T01:37:22Z,7.992545162881707,88.01960260054987,161.27693,NaN,22.516045,NaN,35.086514,NaN,NaN
Bellatrix_368,2016-07-06T01:37:27Z,7.992523322558262,88.01960001854,162.29352,NaN,22.49638,NaN,35.094376,NaN,NaN
Bellatrix_368,2016-07-06T01:37:32Z,7.992506957961571,88.01959561280954,163.00816,NaN,22.476566,NaN,35.11236,NaN,NaN
Bellatrix_368,2016-07-06T01:37:37Z,7.99248951935124,88.01958769081324,163.9543,NaN,22.465252,NaN,35.124096,NaN,NaN
Bellatrix_368,2016-07-06T01:37:42Z,7.99247412719546,88.019577340883,164.61862,NaN,22.446129,NaN,35.15058,NaN,NaN
Bellatrix_368,2016-07-06T01:37:48Z,7.992459559080013,88.01956263128291,165.65535,NaN,22.443247,NaN,35.15504,NaN,NaN
Bellatrix_368,2016-07-06T01:37:52Z,7.992449982850998,88.01954936973277,166.2794,NaN,22.420788,NaN,35.17269,NaN,NaN
Bellatrix_368,2016-07-06T01:37:57Z,7.992441798204618,88.01953221654033,167.20541,NaN,22.415348,NaN,35.178715,NaN,NaN
Bellatrix_368,2016-07-06T01:38:03Z,7.992436549895204,88.01951160832171,168.18175,NaN,22.415312,NaN,35.16353,NaN,NaN
Bellatrix_368,2016-07-06T01:38:07Z,7.992434845894612,88.01949444096343,168.87625,NaN,22.398706,NaN,35.158405,NaN,NaN
Bellatrix_368,2016-07-06T01:38:13Z,7.992436889308828,88.01947181571248,169.83246,NaN,22.387526,NaN,35.145596,NaN,NaN
Bellatrix_368,2016-07-06T01:38:18Z,7.992441944644978,88.01945176208253,170.59743,NaN,22.350464,NaN,35.156185,NaN,NaN
Bellatrix_368,2016-07-06T01:38:25Z,7.9924571426588455,88.01942513279884,171.92606,NaN,22.322287,NaN,35.14448,NaN,NaN
Bellatrix_368,2016-07-06T01:38:32Z,7.99247928296032,88.01939929437339,173.17416,NaN,22.28414,NaN,35.145798,NaN,NaN
Bellatrix_368,2016-07-06T01:38:38Z,7.9924998185223926,88.01938230970151,174.0599,NaN,22.251646,NaN,35.14424,NaN,NaN
Bellatrix_368,2016-07-06T01:38:43Z,7.992520699288415,88.01936971421318,174.845,NaN,22.225294,NaN,35.12606,NaN,NaN
Bellatrix_368,2016-07-06T01:38:48Z,7.992544394988585,88.0193597168979,175.80121,NaN,22.201756,NaN,35.067066,NaN,NaN
Bellatrix_368,2016-07-06T01:38:53Z,7.992569822306131,88.01935271541659,176.52591,NaN,22.150684,NaN,35.0297,NaN,NaN
Bellatrix_368,2016-07-06T01:38:58Z,7.992596744107734,88.01934899699498,177.53246,NaN,22.091597,NaN,35.04018,NaN,NaN
Bellatrix_368,2016-07-06T01:39:03Z,7.992624715417072,88.01934865870619,178.21689,NaN,22.089853,NaN,35.016876,NaN,NaN
Bellatrix_368,2016-07-06T01:39:08Z,7.992652553141928,88.0193517894238,179.12277,NaN,22.046783,NaN,34.9821,NaN,NaN
Bellatrix_368,2016-07-06T01:39:13Z,7.9926801336644955,88.01935847910532,179.99846,NaN,21.960564,NaN,35.034725,NaN,NaN
Bellatrix_368,2016-07-06T01:39:18Z,7.992706475314858,88.0193687286203,180.98486,NaN,21.940325,NaN,35.039852,NaN,NaN
Bellatrix_368,2016-07-06T01:39:23Z,7.992731156313664,88.01938223184962,181.80016,NaN,21.80754,NaN,35.03453,NaN,NaN
Bellatrix_368,2016-07-06T01:39:28Z,7.992753455053362,88.01939856375705,182.5953,NaN,21.698214,NaN,35.04981,NaN,NaN
Bellatrix_368,2016-07-06T01:39:35Z,7.992779133770443,88.019427895246,183.79309,NaN,21.684605,NaN,35.020634,NaN,NaN
Bellatrix_368,2016-07-06T01:39:42Z,7.9928011346013985,88.01946264129711,184.88014,NaN,21.639326,NaN,35.017944,NaN,NaN
Bellatrix_368,2016-07-06T01:39:47Z,7.992812931518451,88.01948780699156,185.7357,NaN,21.611834,NaN,35.021046,NaN,NaN
Bellatrix_368,2016-07-06T01:39:53Z,7.992821664139081,88.01951726980042,186.7825,NaN,21.586195,NaN,35.023434,NaN,NaN
Bellatrix_368,2016-07-06T01:39:57Z,7.992826103235126,88.01954073308738,187.43674,NaN,21.573706,NaN,35.002907,NaN,NaN
Bellatrix_368,2016-07-06T01:40:03Z,7.992827495460109,88.01957052395359,188.37282,NaN,21.55866,NaN,34.986008,NaN,NaN
Bellatrix_368,2016-07-06T01:40:08Z,7.992825414677693,88.01959612527916,189.26863,NaN,21.506165,NaN,34.9789,NaN,NaN
Bellatrix_368,2016-07-06T01:40:13Z,7.992818945697719,88.01962371792004,190.07387,NaN,21.460184,NaN,34.96998,NaN,NaN
Bellatrix_368,2016-07-06T01:40:18Z,7.992811542208097,88.01964413815432,190.86902,NaN,21.46119,NaN,34.938187,NaN,NaN
Bellatrix_368,2016-07-06T01:40:23Z,7.992798645089261,88.01966758252172,191.79503,NaN,21.458153,NaN,34.92263,NaN,NaN
Bellatrix_368,2016-07-06T01:40:28Z,7.9927849905352,88.01968585257052,192.60027,NaN,21.422514,NaN,34.934994,NaN,NaN
Bellatrix_368,2016-07-06T01:40:33Z,7.992768958426236,88.019701594527,193.38536,NaN,21.369295,NaN,34.8835,NaN,NaN
Bellatrix_368,2016-07-06T01:40:38Z,7.992751439143203,88.01971420783579,194.17046,NaN,21.251068,NaN,34.865463,NaN,NaN
Bellatrix_368,2016-07-06T01:40:45Z,7.992724308725505,88.019724114913,195.29778,NaN,21.13454,NaN,34.828457,NaN,NaN
Bellatrix_368,2016-07-06T01:40:54Z,7.992690052212811,88.0197294839904,196.58614,NaN,20.780718,NaN,34.372726,NaN,NaN
Bellatrix_368,2016-07-06T01:40:59Z,7.992668914152139,88.01972970666331,197.40143,NaN,20.009653,NaN,34.120934,NaN,NaN
Bellatrix_368,2016-07-06T01:41:04Z,7.992647932593334,88.01972756347526,198.28717,NaN,19.609846,NaN,33.87758,NaN,NaN
Bellatrix_368,2016-07-06T01:41:09Z,7.992627222803475,88.01972348162049,199.07228,NaN,19.190105,NaN,34.027287,NaN,NaN
Bellatrix_368,2016-07-06T01:41:14Z,7.992606719269061,88.01971785643568,200.06874,NaN,18.765465,NaN,34.10096,NaN,NaN
Bellatrix_368,2016-07-06T01:41:19Z,7.992584771633719,88.01971007037278,201.05515,NaN,18.309063,NaN,34.23925,NaN,NaN
Bellatrix_368,2016-07-06T01:41:24Z,7.992568141789445,88.01970296585334,201.96103,NaN,17.950533,NaN,34.4207,NaN,NaN
Bellatrix_368,2016-07-06T01:41:29Z,7.992547711485687,88.01969266154371,202.98769,NaN,17.50732,NaN,34.592678,NaN,NaN
Bellatrix_368,2016-07-06T01:41:34Z,7.992529999479053,88.01968220493336,203.8835,NaN,17.362194,NaN,34.619484,NaN,NaN
Bellatrix_368,2016-07-06T01:41:40Z,7.992513076628885,88.01967052339306,204.80952,NaN,17.306875,NaN,34.547874,NaN,NaN
Bellatrix_368,2016-07-06T01:41:45Z,7.992497089271968,88.01965761014384,205.77579,NaN,17.267979,NaN,34.456333,NaN,NaN
Bellatrix_368,2016-07-06T01:41:50Z,7.992482268608731,88.01964317901427,206.66154,NaN,17.580656,NaN,34.13653,NaN,NaN
Bellatrix_368,2016-07-06T01:41:59Z,7.9924607664347205,88.01961212424287,208.21161,NaN,17.681421,NaN,33.913876,NaN,NaN
Bellatrix_368,2016-07-06T01:42:06Z,7.992446538742228,88.01958469635538,209.2282,NaN,17.790699,NaN,33.75637,NaN,NaN
Bellatrix_368,2016-07-06T01:42:12Z,7.992438599722762,88.01956319971015,210.02336,NaN,17.739435,NaN,33.739967,NaN,NaN
Bellatrix_368,2016-07-06T01:42:16Z,7.992434148447942,88.0195446889742,210.70781,NaN,17.694963,NaN,33.7415,NaN,NaN
Bellatrix_368,2016-07-06T01:42:22Z,7.992432344228883,88.01952450841678,211.30167,NaN,17.508238,NaN,33.790245,NaN,NaN
Bellatrix_368,2016-07-06T01:42:27Z,7.992434072749397,88.01950444857378,211.90558,NaN,17.186548,NaN,33.956375,NaN,NaN
Bellatrix_368,2016-07-06T01:42:32Z,7.992439257358177,88.01948506153516,212.59003,NaN,17.044819,NaN,34.011593,NaN,NaN
Bellatrix_368,2016-07-06T01:42:37Z,7.992447403368692,88.01946602882303,213.13354,NaN,16.96595,NaN,34.0429,NaN,NaN
Bellatrix_368,2016-07-06T01:42:42Z,7.992458891409659,88.01944782385122,213.65695,NaN,16.917042,NaN,34.066402,NaN,NaN
Bellatrix_368,2016-07-06T01:42:47Z,7.99247350665087,88.01943102148935,214.25081,NaN,16.870218,NaN,34.065594,NaN,NaN
Bellatrix_368,2016-07-06T01:42:52Z,7.992490918327687,88.01941597837643,214.81447,NaN,16.823484,NaN,34.04922,NaN,NaN
Bellatrix_368,2016-07-06T01:42:57Z,7.992511016763694,88.01940312827415,215.38818,NaN,16.778933,NaN,34.038628,NaN,NaN
Bellatrix_368,2016-07-06T01:43:02Z,7.992533453584484,88.01939283975196,215.91159,NaN,16.761913,NaN,34.013306,NaN,NaN
Bellatrix_368,2016-07-06T01:43:09Z,7.992569119982838,88.01938609196417,216.70674,NaN,16.575089,NaN,34.007763,NaN,NaN
Bellatrix_368,2016-07-06T01:43:17Z,7.992609605582806,88.01938495397941,217.6529,NaN,16.461275,NaN,34.03879,NaN,NaN
Bellatrix_368,2016-07-06T01:43:22Z,7.992635692076277,88.01938779444347,218.22661,NaN,16.452349,NaN,34.02002,NaN,NaN
Bellatrix_368,2016-07-06T01:43:27Z,7.992661184083789,88.0193940081507,218.82047,NaN,16.399052,NaN,33.96984,NaN,NaN
Bellatrix_368,2016-07-06T01:43:32Z,7.992685519178009,88.0194033120923,219.3036,NaN,16.210073,NaN,34.03958,NaN,NaN
Bellatrix_368,2016-07-06T01:43:37Z,7.992708968112586,88.01941561138888,219.79681,NaN,16.208813,NaN,33.99131,NaN,NaN
Bellatrix_368,2016-07-06T01:43:42Z,7.992731126096396,88.0194306203642,220.3806,NaN,16.172033,NaN,33.987114,NaN,NaN
Bellatrix_368,2016-07-06T01:43:47Z,7.992752245005714,88.01944872496995,220.89394,NaN,16.13588,NaN,33.99951,NaN,NaN
Bellatrix_368,2016-07-06T01:43:52Z,7.992773171740771,88.01947157120594,221.49785,NaN,16.092203,NaN,34.0011,NaN,NaN
Bellatrix_368,2016-07-06T01:43:57Z,7.992787807624758,88.0194908675583,221.9206,NaN,15.997502,NaN,34.04364,NaN,NaN
Bellatrix_368,2016-07-06T01:44:02Z,7.992803380466824,88.01951747783542,222.6151,NaN,15.974704,NaN,34.03841,NaN,NaN
Bellatrix_368,2016-07-06T01:44:07Z,7.992814599715864,88.01954241977435,223.1083,NaN,15.95025,NaN,34.03111,NaN,NaN
Bellatrix_368,2016-07-06T01:44:13Z,7.992822938259995,88.01956793969303,223.81288,NaN,15.926979,NaN,34.019054,NaN,NaN
Bellatrix_368,2016-07-06T01:44:19Z,7.992827689390396,88.01960314396825,224.47719,NaN,15.914669,NaN,33.99351,NaN,NaN
Bellatrix_368,2016-07-06T01:44:27Z,7.992827851347036,88.01964034852212,225.28241,NaN,15.836469,NaN,33.948338,NaN,NaN
Bellatrix_368,2016-07-06T01:44:32Z,7.992825256577376,88.01966488039034,225.94673,NaN,15.861373,NaN,33.916824,NaN,NaN
Bellatrix_368,2016-07-06T01:44:37Z,7.992819281978286,88.01969088561044,226.67143,NaN,15.790142,NaN,33.952732,NaN,NaN
Bellatrix_368,2016-07-06T01:44:42Z,7.992812642677245,88.01971043812573,227.13445,NaN,15.735853,NaN,33.991894,NaN,NaN
Bellatrix_368,2016-07-06T01:44:48Z,7.992801190211835,88.01973364369006,227.73836,NaN,15.703405,NaN,34.007317,NaN,NaN
Bellatrix_368,2016-07-06T01:44:53Z,7.992788992958345,88.01975234200044,228.28189,NaN,15.729284,NaN,33.983807,NaN,NaN
Bellatrix_368,2016-07-06T01:44:58Z,7.992775132967568,88.01976883339366,228.9764,NaN,15.653379,NaN,34.0326,NaN,NaN
Bellatrix_368,2016-07-06T01:45:03Z,7.992760013274146,88.01978274342558,229.59038,NaN,15.598717,NaN,34.078297,NaN,NaN
Bellatrix_368,2016-07-06T01:45:08Z,7.992743847589921,88.01979406533252,230.2547,NaN,15.612655,NaN,34.072655,NaN,NaN
Bellatrix_368,2016-07-06T01:45:13Z,7.992726869650006,88.01980274797431,230.92908,NaN,15.630381,NaN,34.056416,NaN,NaN
Bellatrix_368,2016-07-06T01:45:18Z,7.99270974319586,88.01980862393523,231.61351,NaN,15.580272,NaN,34.087498,NaN,NaN
Bellatrix_368,2016-07-06T01:45:23Z,7.9926924331785685,88.0198118465848,232.26776,NaN,15.565664,NaN,34.09174,NaN,NaN
Bellatrix_368,2016-07-06T01:45:30Z,7.992669255303595,88.01981020756592,233.13338,NaN,15.551467,NaN,34.079857,NaN,NaN
Bellatrix_368,2016-07-06T01:45:38Z,7.992643013918809,88.0198026189872,234.27077,NaN,15.546722,NaN,34.032997,NaN,NaN
Bellatrix_368,2016-07-06T01:45:43Z,7.9926265151324785,88.0197946654454,235.09612,NaN,15.478941,NaN,34.022594,NaN,NaN
Bellatrix_368,2016-07-06T01:45:48Z,7.992614508738,88.0197867728584,235.68997,NaN,15.400045,NaN,34.055138,NaN,NaN
Bellatrix_368,2016-07-06T01:45:53Z,7.992601184847586,88.01977414946795,236.48514,NaN,15.405579,NaN,34.030754,NaN,NaN
Bellatrix_368,2016-07-06T01:45:58Z,7.992591180391884,88.01976118620243,237.21991,NaN,15.3470335,NaN,34.051086,NaN,NaN
Bellatrix_368,2016-07-06T01:46:04Z,7.992583108948573,88.01974639191127,237.85402,NaN,15.308344,NaN,34.04878,NaN,NaN
Bellatrix_368,2016-07-06T01:46:09Z,7.992577401244933,88.0197303615735,238.65926,NaN,15.2296095,NaN,34.07673,NaN,NaN
Bellatrix_368,2016-07-06T01:46:14Z,7.9925740813647295,88.01971332913054,239.38396,NaN,15.259861,NaN,34.026463,NaN,NaN
Bellatrix_368,2016-07-06T01:46:19Z,7.99257350883334,88.01969529738913,240.02814,NaN,15.130272,NaN,34.08008,NaN,NaN
Bellatrix_368,2016-07-06T01:46:24Z,7.9925757110598425,88.01967702754688,240.86356,NaN,15.053797,NaN,34.134895,NaN,NaN
Bellatrix_368,2016-07-06T01:46:29Z,7.992580694665932,88.01965890746571,241.49768,NaN,15.041439,NaN,34.104797,NaN,NaN
Bellatrix_368,2016-07-06T01:46:34Z,7.992588303014923,88.01964110564819,242.20226,NaN,15.028614,NaN,34.073395,NaN,NaN
Bellatrix_368,2016-07-06T01:46:42Z,7.992611483499614,88.01961272809811,243.51074,NaN,14.870692,NaN,34.155663,NaN,NaN
Bellatrix_368,2016-07-06T01:46:50Z,7.992635434259791,88.01959155051284,244.59781,NaN,14.897351,NaN,34.130405,NaN,NaN
Bellatrix_368,2016-07-06T01:46:56Z,7.992656230704421,88.01957822403722,245.6144,NaN,14.791699,NaN,34.200596,NaN,NaN
Bellatrix_368,2016-07-06T01:47:00Z,7.99267547500654,88.01956924351862,246.20825,NaN,14.8103,NaN,34.181446,NaN,NaN
Bellatrix_368,2016-07-06T01:47:05Z,7.992697568884098,88.01956257974221,246.97322,NaN,14.749867,NaN,34.2102,NaN,NaN
Bellatrix_368,2016-07-06T01:47:10Z,7.992720343388278,88.01955879123351,247.68787,NaN,14.739367,NaN,34.18049,NaN,NaN
Bellatrix_368,2016-07-06T01:47:15Z,7.992743997530643,88.01955778742446,248.33205,NaN,14.726089,NaN,34.177437,NaN,NaN
Bellatrix_368,2016-07-06T01:47:20Z,7.992768079709312,88.01955957085873,249.05675,NaN,14.706808,NaN,34.159435,NaN,NaN
Bellatrix_368,2016-07-06T01:47:25Z,7.992792577402688,88.0195643060799,249.83177,NaN,14.592818,NaN,34.221767,NaN,NaN
Bellatrix_368,2016-07-06T01:47:30Z,7.992816737504022,88.01957198517425,250.4055,NaN,14.588961,NaN,34.194046,NaN,NaN
Bellatrix_368,2016-07-06T01:47:35Z,7.992840043203715,88.01958236968335,251.21072,NaN,14.565281,NaN,34.17892,NaN,NaN
Bellatrix_368,2016-07-06T01:47:40Z,7.992862384326425,88.01959536990366,251.90524,NaN,14.53364,NaN,34.19145,NaN,NaN
Bellatrix_368,2016-07-06T01:47:45Z,7.992883418446715,88.01961084548726,252.64001,NaN,14.524204,NaN,34.19354,NaN,NaN
Bellatrix_368,2016-07-06T01:47:52Z,7.9929075996592145,88.0196372733563,253.57608,NaN,14.479976,NaN,34.224754,NaN,NaN
Bellatrix_368,2016-07-06T01:48:00Z,7.992930655233867,88.01966987188126,254.66315,NaN,14.430452,NaN,34.250355,NaN,NaN
Bellatrix_368,2016-07-06T01:48:06Z,7.992944269854912,88.01969505231594,255.54889,NaN,14.3344555,NaN,34.299408,NaN,NaN
Bellatrix_368,2016-07-06T01:48:11Z,7.99295362438457,88.01971806037793,256.22327,NaN,14.325232,NaN,34.292953,NaN,NaN
Bellatrix_368,2016-07-06T01:48:16Z,7.992960513722062,88.01974216896063,256.92786,NaN,14.295798,NaN,34.304626,NaN,NaN
Bellatrix_368,2016-07-06T01:48:21Z,7.992964649005162,88.01976640832883,257.71295,NaN,14.275683,NaN,34.31769,NaN,NaN
Bellatrix_368,2016-07-06T01:48:26Z,7.992965976037733,88.01979060912258,258.33698,NaN,14.25553,NaN,34.319305,NaN,NaN
Bellatrix_368,2016-07-06T01:48:31Z,7.992964593675417,88.01981462893606,259.05164,NaN,14.239747,NaN,34.2957,NaN,NaN
Bellatrix_368,2016-07-06T01:48:36Z,7.992960725026745,88.01983767398711,259.726,NaN,14.178719,NaN,34.302155,NaN,NaN
Bellatrix_368,2016-07-06T01:48:41Z,7.9929542256326265,88.01985981984515,260.49097,NaN,14.183412,NaN,34.282993,NaN,NaN
Bellatrix_368,2016-07-06T01:48:46Z,7.992945352775557,88.01988054272996,261.2056,NaN,14.171198,NaN,34.282146,NaN,NaN
Bellatrix_368,2016-07-06T01:48:51Z,7.99293423288179,88.01989966724301,261.80954,NaN,14.111275,NaN,34.31193,NaN,NaN
Bellatrix_368,2016-07-06T01:48:56Z,7.992921224031804,88.01991670225857,262.6349,NaN,14.036629,NaN,34.33264,NaN,NaN
Bellatrix_368,2016-07-06T01:49:03Z,7.992900160646708,88.01993446361588,263.60117,NaN,13.957054,NaN,34.35762,NaN,NaN
Bellatrix_368,2016-07-06T01:49:10Z,7.992875734100024,88.01994908725288,264.62784,NaN,13.9296465,NaN,34.337917,NaN,NaN
Bellatrix_368,2016-07-06T01:49:15Z,7.992858581418473,88.01995633677997,265.38272,NaN,13.867632,NaN,34.36834,NaN,NaN
Bellatrix_368,2016-07-06T01:49:21Z,7.992839352591705,88.01996092391558,266.07724,NaN,13.8106785,NaN,34.385918,NaN,NaN
Bellatrix_368,2016-07-06T01:49:25Z,7.992824402012261,88.01996247452558,266.63083,NaN,13.80862,NaN,34.34662,NaN,NaN
Bellatrix_368,2016-07-06T01:49:30Z,7.992807824398357,88.01996155035675,267.46625,NaN,13.730984,NaN,34.370564,NaN,NaN
Bellatrix_368,2016-07-06T01:49:35Z,7.99279213767492,88.01995803942641,268.17084,NaN,13.692716,NaN,34.383236,NaN,NaN
Bellatrix_368,2016-07-06T01:49:41Z,7.992776342796935,88.01995108261619,268.78482,NaN,13.651733,NaN,34.374733,NaN,NaN
Bellatrix_368,2016-07-06T01:49:45Z,7.9927649457501815,88.01994382756075,269.44913,NaN,13.67968,NaN,34.357243,NaN,NaN
Bellatrix_368,2016-07-06T01:49:51Z,7.992752654167933,88.01993196327021,270.1839,NaN,13.703169,NaN,34.389668,NaN,NaN
Bellatrix_368,2016-07-06T01:49:56Z,7.992743811232746,88.01991973258207,270.75763,NaN,13.723902,NaN,34.428688,NaN,NaN
Bellatrix_368,2016-07-06T01:50:01Z,7.992736547376297,88.01990400004247,271.56284,NaN,13.736794,NaN,34.439323,NaN,NaN
Bellatrix_368,2016-07-06T01:50:06Z,7.992732698070388,88.01989071747607,272.08624,NaN,13.647995,NaN,34.517773,NaN,NaN
Bellatrix_368,2016-07-06T01:50:13Z,7.992732696596907,88.0198675698519,273.1129,NaN,13.634732,NaN,34.56129,NaN,NaN
Bellatrix_368,2016-07-06T01:50:21Z,7.992738829756338,88.01983954588998,274.08923,NaN,13.680681,NaN,34.542366,NaN,NaN
Bellatrix_368,2016-07-06T01:50:26Z,7.992745525975649,88.01982248105888,274.8643,NaN,13.696097,NaN,34.542366,NaN,NaN
Bellatrix_368,2016-07-06T01:50:32Z,7.992756420819782,88.01980450512448,275.42795,NaN,13.677264,NaN,34.562553,NaN,NaN
Bellatrix_368,2016-07-06T01:50:36Z,7.992767168642323,88.01979103866273,276.01172,NaN,13.6704235,NaN,34.570213,NaN,NaN
Bellatrix_368,2016-07-06T01:50:41Z,7.992782287378784,88.01977710552933,276.73642,NaN,13.655422,NaN,34.582783,NaN,NaN
Bellatrix_368,2016-07-06T01:50:46Z,7.992799856367819,88.01976519530528,277.34036,NaN,13.633793,NaN,34.598927,NaN,NaN
Bellatrix_368,2016-07-06T01:50:52Z,7.992821875625213,88.0197547665271,278.06506,NaN,13.63842,NaN,34.593224,NaN,NaN
Bellatrix_368,2016-07-06T01:50:56Z,7.9928406068400735,88.01974845440053,278.6589,NaN,13.624242,NaN,34.604126,NaN,NaN
Bellatrix_368,2016-07-06T01:51:01Z,7.992863369761224,88.01974399398149,279.3031,NaN,13.635167,NaN,34.579487,NaN,NaN
Bellatrix_368,2016-07-06T01:51:06Z,7.992886927829961,88.0197425714306,280.1083,NaN,13.566699,NaN,34.60929,NaN,NaN
Bellatrix_368,2016-07-06T01:51:12Z,7.9929137191578175,88.01974480956018,280.60153,NaN,13.519786,NaN,34.637005,NaN,NaN
Bellatrix_368,2016-07-06T01:51:16Z,7.992934812031298,88.01974891663814,281.31616,NaN,13.539207,NaN,34.60533,NaN,NaN
Bellatrix_368,2016-07-06T01:51:24Z,7.992969177302495,88.01976361124794,282.28244,NaN,13.494329,NaN,34.590122,NaN,NaN
Bellatrix_368,2016-07-06T01:51:31Z,7.993001350551546,88.01978299505917,283.3393,NaN,13.477054,NaN,34.56116,NaN,NaN
Bellatrix_368,2016-07-06T01:51:37Z,7.993023882885557,88.01980073039194,283.99353,NaN,13.421505,NaN,34.58454,NaN,NaN
Bellatrix_368,2016-07-06T01:51:41Z,7.993040319567201,88.01981663327042,284.527,NaN,13.424066,NaN,34.565823,NaN,NaN
Bellatrix_368,2016-07-06T01:51:46Z,7.993056809577271,88.01983621374866,285.27185,NaN,13.392915,NaN,34.565956,NaN,NaN
Bellatrix_368,2016-07-06T01:51:52Z,7.993072480845855,88.01985999536322,285.90594,NaN,13.343581,NaN,34.60351,NaN,NaN
Bellatrix_368,2016-07-06T01:51:56Z,7.99308299405865,88.01987984236614,286.48975,NaN,13.372299,NaN,34.582054,NaN,NaN
Bellatrix_368,2016-07-06T01:52:02Z,7.993093266931485,88.01990630858279,287.21445,NaN,13.35829,NaN,34.587734,NaN,NaN
Bellatrix_368,2016-07-06T01:52:07Z,7.9930996604080455,88.01993011916925,287.8989,NaN,13.3726635,NaN,34.574413,NaN,NaN
Bellatrix_368,2016-07-06T01:52:12Z,7.993103541673205,88.01995451808229,288.4424,NaN,13.323641,NaN,34.5815,NaN,NaN
Bellatrix_368,2016-07-06T01:52:17Z,7.993104581707739,88.01997848204978,289.23758,NaN,13.293637,NaN,34.57378,NaN,NaN
Bellatrix_368,2016-07-06T01:52:22Z,7.99310307939872,88.02000184170542,289.7811,NaN,13.24843,NaN,34.596912,NaN,NaN
Bellatrix_368,2016-07-06T01:52:27Z,7.993098944993755,88.02002431725151,290.63666,NaN,13.205917,NaN,34.628986,NaN,NaN
Bellatrix_368,2016-07-06T01:52:34Z,7.99308797389327,88.02005278232163,291.59286,NaN,13.209497,NaN,34.617435,NaN,NaN
Bellatrix_368,2016-07-06T01:52:41Z,7.9930726123547124,88.02008060877264,292.38803,NaN,13.204884,NaN,34.603188,NaN,NaN
Bellatrix_368,2016-07-06T01:52:47Z,7.993058679730545,88.02009915951342,293.27377,NaN,13.192334,NaN,34.60209,NaN,NaN
Bellatrix_368,2016-07-06T01:52:52Z,7.993045043490404,88.0201133591621,293.89783,NaN,13.191286,NaN,34.597946,NaN,NaN
Bellatrix_368,2016-07-06T01:52:57Z,7.993030100464172,88.02012530233178,294.4917,NaN,13.188858,NaN,34.5961,NaN,NaN
Bellatrix_368,2016-07-06T01:53:02Z,7.99301458714407,88.02013452097145,295.2768,NaN,13.171847,NaN,34.6005,NaN,NaN
Bellatrix_368,2016-07-06T01:53:07Z,7.992998734746407,88.02014117593434,295.92096,NaN,13.122793,NaN,34.63346,NaN,NaN
Bellatrix_368,2016-07-06T01:53:12Z,7.992982788115889,88.02014520583573,296.62555,NaN,13.107063,NaN,34.639183,NaN,NaN
Bellatrix_368,2016-07-06T01:53:17Z,7.992967015737525,88.02014658856676,297.38043,NaN,13.074882,NaN,34.64995,NaN,NaN
Bellatrix_368,2016-07-06T01:53:22Z,7.992951679842829,88.02014535259276,298.1152,NaN,13.084548,NaN,34.63644,NaN,NaN
Bellatrix_368,2016-07-06T01:53:27Z,7.99293695704464,88.02014177429133,298.7594,NaN,13.073113,NaN,34.637314,NaN,NaN
Bellatrix_368,2016-07-06T01:53:32Z,7.992923037944328,88.02013573475979,299.5042,NaN,13.01767,NaN,34.669247,NaN,NaN
Bellatrix_368,2016-07-06T01:53:37Z,7.992909031863825,88.02012631770235,300.31952,NaN,12.995822,NaN,34.68196,NaN,NaN
Bellatrix_368,2016-07-06T01:53:44Z,7.992895468557475,88.02011010218962,301.25558,NaN,13.029249,NaN,34.650383,NaN,NaN
Bellatrix_368,2016-07-06T01:53:52Z,7.9928845761552525,88.02009003686322,302.3225,NaN,12.998115,NaN,34.674515,NaN,NaN
Bellatrix_368,2016-07-06T01:53:57Z,7.9928793951922295,88.02007520931791,303.0472,NaN,13.00049,NaN,34.661366,NaN,NaN
Bellatrix_368,2016-07-06T01:54:03Z,7.992876616017202,88.02005759706627,303.90277,NaN,12.978007,NaN,34.663456,NaN,NaN
Bellatrix_368,2016-07-06T01:54:08Z,7.992876791785396,88.02004130805899,304.61743,NaN,12.9381695,NaN,34.696697,NaN,NaN
Bellatrix_368,2016-07-06T01:54:12Z,7.992878947776537,88.02002677742854,305.25153,NaN,12.930213,NaN,34.70108,NaN,NaN
Bellatrix_368,2016-07-06T01:54:18Z,7.992885098672761,88.02000827214255,306.03662,NaN,12.939918,NaN,34.68584,NaN,NaN
Bellatrix_368,2016-07-06T01:54:23Z,7.992893424856759,88.01999239959774,306.85193,NaN,12.9144335,NaN,34.68823,NaN,NaN
Bellatrix_368,2016-07-06T01:54:28Z,7.992904315131784,88.0199773288321,307.47598,NaN,12.877717,NaN,34.704247,NaN,NaN
Bellatrix_368,2016-07-06T01:54:33Z,7.992917938818631,88.01996356163421,308.23087,NaN,12.874455,NaN,34.69884,NaN,NaN
Bellatrix_368,2016-07-06T01:54:37Z,7.992931882219969,88.019952642765,308.89517,NaN,12.850868,NaN,34.707626,NaN,NaN
Bellatrix_368,2016-07-06T01:54:43Z,7.992952249565951,88.0199412498371,309.5897,NaN,12.867409,NaN,34.6905,NaN,NaN
Bellatrix_368,2016-07-06T01:54:48Z,7.992972439395327,88.01993329797294,310.47543,NaN,12.82391,NaN,34.712288,NaN,NaN
Bellatrix_368,2016-07-06T01:54:55Z,7.993006938619187,88.01992755462963,311.3612,NaN,12.830363,NaN,34.693474,NaN,NaN
Bellatrix_368,2016-07-06T01:55:02Z,7.993041124754494,88.0199277171092,312.47845,NaN,12.816092,NaN,34.69005,NaN,NaN
Bellatrix_368,2016-07-06T01:55:08Z,7.9930681182034595,88.01993157100082,313.3038,NaN,12.785101,NaN,34.70097,NaN,NaN
Bellatrix_368,2016-07-06T01:55:12Z,7.993089258547927,88.01993686255112,314.0084,NaN,12.76752,NaN,34.69881,NaN,NaN
Bellatrix_368,2016-07-06T01:55:17Z,7.993112522045746,88.01994577656119,314.71295,NaN,12.749214,NaN,34.699146,NaN,NaN
Bellatrix_368,2016-07-06T01:55:23Z,7.993137333416921,88.01995908046077,315.3672,NaN,12.731113,NaN,34.688168,NaN,NaN
Bellatrix_368,2016-07-06T01:55:27Z,7.993155924932252,88.01997155263027,316.1221,NaN,12.719802,NaN,34.68409,NaN,NaN
Bellatrix_368,2016-07-06T01:55:33Z,7.993177412407133,88.01999011344441,316.9072,NaN,12.672183,NaN,34.70994,NaN,NaN
Bellatrix_368,2016-07-06T01:55:37Z,7.993192984555084,88.02000638609452,317.47086,NaN,12.689504,NaN,34.69029,NaN,NaN
Bellatrix_368,2016-07-06T01:55:43Z,7.9932099819082065,88.02002903184791,318.2962,NaN,12.662894,NaN,34.70305,NaN,NaN
Bellatrix_368,2016-07-06T01:55:48Z,7.99322242892744,88.02004937730383,318.95047,NaN,12.637493,NaN,34.721622,NaN,NaN
Bellatrix_368,2016-07-06T01:55:53Z,7.993234200350639,88.02007491726457,319.75568,NaN,12.60837,NaN,34.743042,NaN,NaN
Bellatrix_368,2016-07-06T01:55:58Z,7.993242044357563,88.02009830436545,320.3898,NaN,12.610241,NaN,34.73935,NaN,NaN
Bellatrix_368,2016-07-06T01:56:03Z,7.993247352707576,88.02012236930635,321.1447,NaN,12.624829,NaN,34.722107,NaN,NaN
Bellatrix_368,2016-07-06T01:56:08Z,7.993250094936073,88.0201457953954,321.78888,NaN,12.591624,NaN,34.73515,NaN,NaN
Bellatrix_368,2016-07-06T01:56:13Z,7.9932503762312335,88.02016920163312,322.53372,NaN,12.579786,NaN,34.740406,NaN,NaN
Bellatrix_368,2016-07-06T01:56:18Z,7.993248672352019,88.02018921511481,323.13763,NaN,12.57986,NaN,34.737022,NaN,NaN
Bellatrix_368,2016-07-06T01:56:23Z,7.993243446494273,88.02021339271522,323.92273,NaN,12.552721,NaN,34.737152,NaN,NaN
Bellatrix_368,2016-07-06T01:56:28Z,7.993236570848181,88.02023343633903,324.6877,NaN,12.550885,NaN,34.736908,NaN,NaN
Bellatrix_368,2016-07-06T01:56:33Z,7.993227738971937,88.02025185835943,325.2614,NaN,12.536728,NaN,34.74827,NaN,NaN
Bellatrix_368,2016-07-06T01:56:38Z,7.993217065094537,88.0202683442037,326.0264,NaN,12.546687,NaN,34.741905,NaN,NaN
Bellatrix_368,2016-07-06T01:56:43Z,7.993206440803239,88.02028138656478,326.50952,NaN,12.519703,NaN,34.760296,NaN,NaN
Bellatrix_368,2016-07-06T01:56:48Z,7.9931914005950855,88.02029498226267,327.2745,NaN,12.506942,NaN,34.773457,NaN,NaN
Bellatrix_368,2016-07-06T01:56:53Z,7.9931768989055065,88.0203047287668,327.94888,NaN,12.493596,NaN,34.783394,NaN,NaN
Bellatrix_368,2016-07-06T01:56:58Z,7.993161700551617,88.02031197997945,328.5528,NaN,12.504378,NaN,34.77599,NaN,NaN
Bellatrix_368,2016-07-06T01:57:03Z,7.993145828121152,88.02031680660922,329.22717,NaN,12.482999,NaN,34.78925,NaN,NaN
Bellatrix_368,2016-07-06T01:57:08Z,7.993130372997119,88.02031882280043,329.8814,NaN,12.459271,NaN,34.806114,NaN,NaN
Bellatrix_368,2016-07-06T01:57:13Z,7.99311479561965,88.02031853793518,330.61618,NaN,12.46193,NaN,34.799637,NaN,NaN
Bellatrix_368,2016-07-06T01:57:18Z,7.99310147804267,88.02031637587586,331.08926,NaN,12.463375,NaN,34.787193,NaN,NaN
Bellatrix_368,2016-07-06T01:57:23Z,7.993085550759792,88.0203105925494,331.92468,NaN,12.471476,NaN,34.767574,NaN,NaN
Bellatrix_368,2016-07-06T01:57:28Z,7.993072665384902,88.02030321526277,332.48834,NaN,12.449297,NaN,34.772205,NaN,NaN
Bellatrix_368,2016-07-06T01:57:33Z,7.993061433796652,88.02029378563319,333.1728,NaN,12.446902,NaN,34.76658,NaN,NaN
Bellatrix_368,2016-07-06T01:57:38Z,7.993052021827972,88.02028267122435,333.8975,NaN,12.419584,NaN,34.781273,NaN,NaN
Bellatrix_368,2016-07-06T01:57:44Z,7.9930437915553485,88.02026745302769,334.61212,NaN,12.415943,NaN,34.77901,NaN,NaN
Bellatrix_368,2016-07-06T01:57:49Z,7.993039110016428,88.02025335036792,335.25632,NaN,12.396495,NaN,34.789394,NaN,NaN
Bellatrix_368,2016-07-06T01:57:55Z,7.99303697828003,88.02023669066295,335.9911,NaN,12.393292,NaN,34.791798,NaN,NaN
Bellatrix_368,2016-07-06T01:58:00Z,7.993037723042058,88.02022125817204,336.62518,NaN,12.3980875,NaN,34.774498,NaN,NaN
Bellatrix_368,2016-07-06T01:58:09Z,7.9930479392347245,88.02019407848465,337.68207,NaN,12.3446045,NaN,34.78337,NaN,NaN
Bellatrix_368,2016-07-06T01:58:16Z,7.99305990732685,88.02017434403648,338.52756,NaN,12.3389015,NaN,34.76967,NaN,NaN
Bellatrix_368,2016-07-06T01:58:21Z,7.993073242571951,88.02015897306732,339.2422,NaN,12.314694,NaN,34.771877,NaN,NaN
Bellatrix_368,2016-07-06T01:58:26Z,7.993085655656063,88.02014792400068,339.77563,NaN,12.311027,NaN,34.76656,NaN,NaN
Bellatrix_368,2016-07-06T01:58:31Z,7.993102204567992,88.02013692159433,340.45,NaN,12.294547,NaN,34.771324,NaN,NaN
Bellatrix_368,2016-07-06T01:58:36Z,7.993123177074696,88.0201272118805,341.10428,NaN,12.281271,NaN,34.779217,NaN,NaN
Bellatrix_368,2016-07-06T01:58:41Z,7.993141185008319,88.02012129782526,341.68805,NaN,12.275682,NaN,34.78171,NaN,NaN
Bellatrix_368,2016-07-06T01:58:46Z,7.993165677113474,88.02011700875184,342.4631,NaN,12.253032,NaN,34.79052,NaN,NaN
Bellatrix_368,2016-07-06T01:58:51Z,7.9931859052853875,88.02011578391865,343.04688,NaN,12.244034,NaN,34.796337,NaN,NaN
Bellatrix_368,2016-07-06T01:58:56Z,7.9932093379057125,88.02011738348405,343.45956,NaN,12.240898,NaN,34.79182,NaN,NaN
Bellatrix_368,2016-07-06T01:59:01Z,7.993235637456133,88.02012261358693,344.16412,NaN,12.212615,NaN,34.794933,NaN,NaN
Bellatrix_368,2016-07-06T01:59:06Z,7.99325617765403,88.02012903388596,344.72778,NaN,12.2013235,NaN,34.800716,NaN,NaN
Bellatrix_368,2016-07-06T01:59:11Z,7.99327867152584,88.02013906885993,345.40216,NaN,12.182956,NaN,34.79848,NaN,NaN
Bellatrix_368,2016-07-06T01:59:16Z,7.993302340260902,88.02015358847748,346.0061,NaN,12.159218,NaN,34.80494,NaN,NaN
Bellatrix_368,2016-07-06T01:59:21Z,7.993320055745226,88.0201668130057,346.48923,NaN,12.16233,NaN,34.799984,NaN,NaN
Bellatrix_368,2016-07-06T01:59:26Z,7.993338382568194,88.02018392283932,347.19382,NaN,12.171033,NaN,34.793823,NaN,NaN
Bellatrix_368,2016-07-06T01:59:31Z,7.993354896874381,88.02020281387519,347.8078,NaN,12.157243,NaN,34.804474,NaN,NaN
Bellatrix_368,2016-07-06T01:59:36Z,7.993370667815047,88.02022583638329,348.42178,NaN,12.136564,NaN,34.820652,NaN,NaN
Bellatrix_368,2016-07-06T01:59:41Z,7.9933813875388475,88.02024499757592,348.98544,NaN,12.16477,NaN,34.800907,NaN,NaN
Bellatrix_368,2016-07-06T01:59:46Z,7.993392044066014,88.02027030795692,349.64975,NaN,12.164489,NaN,34.79859,NaN,NaN
Bellatrix_368,2016-07-06T01:59:51Z,7.993398517680334,88.0202908251878,350.13287,NaN,12.15954,NaN,34.802193,NaN,NaN
Bellatrix_368,2016-07-06T01:59:56Z,7.993403386465696,88.02031424083485,350.73682,NaN,12.163044,NaN,34.797756,NaN,NaN
Bellatrix_368,2016-07-06T02:00:01Z,7.993405754375963,88.02034030654815,351.39105,NaN,12.154652,NaN,34.800728,NaN,NaN
Bellatrix_368,2016-07-06T02:00:06Z,7.993405619685305,88.0203605772081,351.9547,NaN,12.147254,NaN,34.79975,NaN,NaN
Bellatrix_368,2016-07-06T02:00:11Z,7.9934030429618925,88.02038277392136,352.6492,NaN,12.146065,NaN,34.790176,NaN,NaN
Bellatrix_368,2016-07-06T02:00:16Z,7.993397280190255,88.02040613459822,353.36386,NaN,12.153292,NaN,34.779984,NaN,NaN
Bellatrix_368,2016-07-06T02:00:21Z,7.993390995575305,88.02042358375445,353.847,NaN,12.110871,NaN,34.807228,NaN,NaN
Bellatrix_368,2016-07-06T02:00:26Z,7.993382014714991,88.02044175298603,354.39053,NaN,12.101063,NaN,34.81636,NaN,NaN
Bellatrix_368,2016-07-06T02:00:31Z,7.993371174692688,88.02045807086056,354.9542,NaN,12.102119,NaN,34.815037,NaN,NaN
Bellatrix_368,2016-07-06T02:00:36Z,7.993357221623395,88.02047384242726,355.65875,NaN,12.081294,NaN,34.82094,NaN,NaN
Bellatrix_368,2016-07-06T02:00:41Z,7.993345197095812,88.02048466904216,356.14188,NaN,12.065305,NaN,34.82754,NaN,NaN
Bellatrix_368,2016-07-06T02:00:46Z,7.993328767220533,88.0204954248282,356.8062,NaN,12.073075,NaN,34.81832,NaN,NaN
Bellatrix_368,2016-07-06T02:00:51Z,7.993315208559834,88.02050207552223,357.3296,NaN,12.070158,NaN,34.820217,NaN,NaN
Bellatrix_368,2016-07-06T02:00:56Z,7.993296586648565,88.02050748050837,358.12476,NaN,12.070834,NaN,34.808582,NaN,NaN
Bellatrix_368,2016-07-06T02:01:02Z,7.993278829998057,88.02050950261439,358.77902,NaN,12.040913,NaN,34.8204,NaN,NaN
Bellatrix_368,2016-07-06T02:01:07Z,7.993265102776195,88.02050910195507,359.34265,NaN,12.025159,NaN,34.829315,NaN,NaN
Bellatrix_368,2016-07-06T02:01:12Z,7.993250149221945,88.02050641029169,359.93652,NaN,12.044422,NaN,34.81122,NaN,NaN
Bellatrix_368,2016-07-06T02:01:18Z,7.993233511765788,88.02049931564517,360.66122,NaN,12.033873,NaN,34.80885,NaN,NaN
Bellatrix_368,2016-07-06T02:01:24Z,7.993217803565182,88.02048862791777,361.37585,NaN,12.030621,NaN,34.801918,NaN,NaN
Bellatrix_368,2016-07-06T02:01:30Z,7.993206587384465,88.02047715786593,362.0905,NaN,12.0028925,NaN,34.81107,NaN,NaN
Bellatrix_368,2016-07-06T02:01:34Z,7.9931993553518215,88.02046687864849,362.69443,NaN,11.9741955,NaN,34.819397,NaN,NaN
Bellatrix_368,2016-07-06T02:01:40Z,7.993192861162848,88.02045234269302,363.29834,NaN,11.954983,NaN,34.818596,NaN,NaN
Bellatrix_368,2016-07-06T02:01:45Z,7.99318930820089,88.0204383092519,363.94254,NaN,11.938384,NaN,34.832516,NaN,NaN
Bellatrix_368,2016-07-06T02:01:50Z,7.993188128242494,88.0204234869131,364.3854,NaN,11.9565115,NaN,34.82029,NaN,NaN
Bellatrix_368,2016-07-06T02:01:55Z,7.993189304240596,88.02040886148497,365.01953,NaN,11.943194,NaN,34.82841,NaN,NaN
Bellatrix_368,2016-07-06T02:02:00Z,7.993193120512998,88.02039323038801,365.6033,NaN,11.9444065,NaN,34.82904,NaN,NaN
Bellatrix_368,2016-07-06T02:02:05Z,7.993200679706035,88.02037617047966,366.2475,NaN,11.93456,NaN,34.836025,NaN,NaN
Bellatrix_368,2016-07-06T02:02:10Z,7.993208924023938,88.02036319831136,366.77087,NaN,11.932987,NaN,34.83717,NaN,NaN
Bellatrix_368,2016-07-06T02:02:15Z,7.993220716317897,88.02034950430541,367.36475,NaN,11.920591,NaN,34.84535,NaN,NaN
Bellatrix_368,2016-07-06T02:02:20Z,7.993236917779857,88.02033593312562,367.97873,NaN,11.905665,NaN,34.853615,NaN,NaN
Bellatrix_368,2016-07-06T02:02:25Z,7.993251525799522,88.0203265455274,368.50214,NaN,11.908424,NaN,34.849075,NaN,NaN
Bellatrix_368,2016-07-06T02:02:30Z,7.993270144087484,88.02031806978357,368.96512,NaN,11.892688,NaN,34.84887,NaN,NaN
Bellatrix_368,2016-07-06T02:02:35Z,7.993290439162005,88.02031178532995,369.6194,NaN,11.898835,NaN,34.839333,NaN,NaN
Bellatrix_368,2016-07-06T02:02:40Z,7.993314750015195,88.02030790309811,370.15283,NaN,11.906796,NaN,34.825478,NaN,NaN
Bellatrix_368,2016-07-06T02:02:45Z,7.993334689547018,88.02030690326528,370.7165,NaN,11.871106,NaN,34.8423,NaN,NaN
Bellatrix_368,2016-07-06T02:02:50Z,7.993360490156756,88.02030923124808,371.37076,NaN,11.86411,NaN,34.837788,NaN,NaN
Bellatrix_368,2016-07-06T02:02:55Z,7.993380921266497,88.02031326438573,371.92435,NaN,11.8474455,NaN,34.8422,NaN,NaN
Bellatrix_368,2016-07-06T02:03:00Z,7.993403620754207,88.02032070270411,372.4578,NaN,11.847222,NaN,34.829643,NaN,NaN
Bellatrix_368,2016-07-06T02:03:05Z,7.993427988790928,88.0203325309652,373.03152,NaN,11.827001,NaN,34.830425,NaN,NaN
Bellatrix_368,2016-07-06T02:03:10Z,7.993446484928754,88.02034365903818,373.5348,NaN,11.816633,NaN,34.83723,NaN,NaN
Bellatrix_368,2016-07-06T02:03:15Z,7.993466048164472,88.0203586162032,374.10852,NaN,11.815798,NaN,34.83712,NaN,NaN
Bellatrix_368,2016-07-06T02:03:20Z,7.9934858399764375,88.0203778169476,374.82315,NaN,11.802138,NaN,34.841038,NaN,NaN
Bellatrix_368,2016-07-06T02:03:25Z,7.99349999925265,88.02039436077062,375.31635,NaN,11.802006,NaN,34.83678,NaN,NaN
Bellatrix_368,2016-07-06T02:03:30Z,7.993513912184759,88.02041456416946,375.80957,NaN,11.789752,NaN,34.84213,NaN,NaN
Bellatrix_368,2016-07-06T02:03:35Z,7.9935254950197265,88.02043593312128,376.38327,NaN,11.781407,NaN,34.84844,NaN,NaN
Bellatrix_368,2016-07-06T02:03:40Z,7.993535453425342,88.02046085772074,377.06772,NaN,11.760139,NaN,34.862083,NaN,NaN
Bellatrix_368,2016-07-06T02:03:45Z,7.993541474343479,88.02048103453428,377.4804,NaN,11.77154,NaN,34.852997,NaN,NaN
Bellatrix_368,2016-07-06T02:03:50Z,7.993546074625256,88.02050687119679,378.2051,NaN,11.767418,NaN,34.851566,NaN,NaN
Bellatrix_368,2016-07-06T02:03:55Z,7.993547787535924,88.02052732778594,378.5876,NaN,11.752511,NaN,34.862915,NaN,NaN
Bellatrix_368,2016-07-06T02:04:00Z,7.993547085853057,88.02055008627572,379.0506,NaN,11.753497,NaN,34.86133,NaN,NaN
Bellatrix_368,2016-07-06T02:04:05Z,7.993543343154458,88.02057502353787,379.76523,NaN,11.7477455,NaN,34.865723,NaN,NaN
Bellatrix_368,2016-07-06T02:04:11Z,7.993536670715429,88.02059831837516,380.42957,NaN,11.763194,NaN,34.850376,NaN,NaN
Bellatrix_368,2016-07-06T02:04:15Z,7.99352979187488,88.02061556166575,380.93283,NaN,11.741752,NaN,34.8617,NaN,NaN
Bellatrix_368,2016-07-06T02:04:21Z,7.993518823126805,88.02063525193815,381.44614,NaN,11.748664,NaN,34.849842,NaN,NaN
Bellatrix_368,2016-07-06T02:04:27Z,7.9935041381369185,88.02065353459354,382.1809,NaN,11.738509,NaN,34.83996,NaN,NaN
Bellatrix_368,2016-07-06T02:04:34Z,7.993484322575272,88.02067113295287,382.91568,NaN,11.732093,NaN,34.842907,NaN,NaN
Bellatrix_368,2016-07-06T02:04:40Z,7.993468050702506,88.02068179775887,383.5498,NaN,11.722753,NaN,34.84905,NaN,NaN
Bellatrix_368,2016-07-06T02:04:45Z,7.993453006624024,88.02068881512197,384.00275,NaN,11.712961,NaN,34.857056,NaN,NaN
Bellatrix_368,2016-07-06T02:04:50Z,7.993437712712024,88.02069334101037,384.64694,NaN,11.702808,NaN,34.865196,NaN,NaN
Bellatrix_368,2016-07-06T02:04:55Z,7.993422464497334,88.02069543243866,385.12,NaN,11.708133,NaN,34.86127,NaN,NaN
Bellatrix_368,2016-07-06T02:04:59Z,7.993409216071892,88.02069541434322,385.57294,NaN,11.7073,NaN,34.860695,NaN,NaN
Bellatrix_368,2016-07-06T02:05:04Z,7.993394875762342,88.02069303804795,386.12653,NaN,11.685591,NaN,34.866257,NaN,NaN
Bellatrix_368,2016-07-06T02:05:10Z,7.9933800066226395,88.02068759301521,386.7204,NaN,11.672175,NaN,34.85964,NaN,NaN
Bellatrix_368,2016-07-06T02:05:15Z,7.99336784913647,88.02068069832073,387.2136,NaN,11.664662,NaN,34.85345,NaN,NaN
Bellatrix_368,2016-07-06T02:05:19Z,7.993358382683087,88.02067288415812,387.68665,NaN,11.648556,NaN,34.86015,NaN,NaN
Bellatrix_368,2016-07-06T02:05:25Z,7.9933484887234005,88.02066093740115,388.26038,NaN,11.651623,NaN,34.854565,NaN,NaN
Bellatrix_368,2016-07-06T02:05:30Z,7.99334156213384,88.0206486774619,388.80392,NaN,11.642438,NaN,34.85499,NaN,NaN
Bellatrix_368,2016-07-06T02:05:34Z,7.993337066677595,88.0206368716323,389.3273,NaN,11.645202,NaN,34.85291,NaN,NaN
Bellatrix_368,2016-07-06T02:05:40Z,7.9933342636240585,88.02062051949224,389.78024,NaN,11.624065,NaN,34.86069,NaN,NaN
Bellatrix_368,2016-07-06T02:05:45Z,7.993334095398266,88.02060533202388,390.4043,NaN,11.6108465,NaN,34.871788,NaN,NaN
Bellatrix_368,2016-07-06T02:05:49Z,7.9933360565770775,88.02059161820118,390.80692,NaN,11.615723,NaN,34.868065,NaN,NaN
Bellatrix_368,2016-07-06T02:05:55Z,7.993341693580728,88.02057434611719,391.29004,NaN,11.59901,NaN,34.87908,NaN,NaN
Bellatrix_368,2016-07-06T02:05:59Z,7.993348233015102,88.02056094615155,391.7933,NaN,11.611709,NaN,34.87006,NaN,NaN
Bellatrix_368,2016-07-06T02:06:04Z,7.9933583023213535,88.02054656195934,392.2966,NaN,11.595193,NaN,34.879005,NaN,NaN
Bellatrix_368,2016-07-06T02:06:10Z,7.993372648725509,88.02053188843529,392.86026,NaN,11.5812,NaN,34.889416,NaN,NaN
Bellatrix_368,2016-07-06T02:06:14Z,7.993385959340023,88.02052143510366,393.32324,NaN,11.585924,NaN,34.886265,NaN,NaN
Bellatrix_368,2016-07-06T02:06:19Z,7.993403062426186,88.02051131272975,393.79633,NaN,11.601195,NaN,34.869537,NaN,NaN
Bellatrix_368,2016-07-06T02:06:25Z,7.993424492591876,88.02050262736334,394.37006,NaN,11.592126,NaN,34.86522,NaN,NaN
Bellatrix_368,2016-07-06T02:06:30Z,7.993445239099784,88.02049717559808,394.85318,NaN,11.572107,NaN,34.873066,NaN,NaN
Bellatrix_368,2016-07-06T02:06:34Z,7.993464448970478,88.02049439550483,395.34637,NaN,11.580307,NaN,34.862446,NaN,NaN
Bellatrix_368,2016-07-06T02:06:40Z,7.993489913674969,88.02049431193102,395.89996,NaN,11.571189,NaN,34.861767,NaN,NaN
Bellatrix_368,2016-07-06T02:06:44Z,7.993510228722636,88.02049643393815,396.40326,NaN,11.560924,NaN,34.866806,NaN,NaN
Bellatrix_368,2016-07-06T02:06:50Z,7.993535796637284,88.02050253146517,396.89645,NaN,11.573965,NaN,34.852314,NaN,NaN
Bellatrix_368,2016-07-06T02:06:54Z,7.993555681171657,88.0205094667881,397.32925,NaN,11.552374,NaN,34.86371,NaN,NaN
Bellatrix_368,2016-07-06T02:07:00Z,7.993579751970362,88.02052146109428,397.93317,NaN,11.542631,NaN,34.870884,NaN,NaN
Bellatrix_368,2016-07-06T02:07:04Z,7.993597853806374,88.02053281285721,398.3861,NaN,11.539963,NaN,34.870827,NaN,NaN
Bellatrix_368,2016-07-06T02:07:10Z,7.993619035027886,88.020550099595,398.90952,NaN,11.537643,NaN,34.870617,NaN,NaN
Bellatrix_368,2016-07-06T02:07:16Z,7.993638233499386,88.02056976532431,399.43292,NaN,11.527648,NaN,34.87057,NaN,NaN
Bellatrix_368,2016-07-06T02:07:21Z,7.993653484702334,88.02058912341309,399.97644,NaN,11.525758,NaN,34.87014,NaN,NaN
Bellatrix_368,2016-07-06T02:07:26Z,7.9936678649411155,88.02061229843667,400.46964,NaN,11.520718,NaN,34.869495,NaN,NaN
Bellatrix_368,2016-07-06T02:07:31Z,7.99367766643468,88.02063151503329,400.98297,NaN,11.5115595,NaN,34.874535,NaN,NaN
Bellatrix_368,2016-07-06T02:07:38Z,7.9936883695460255,88.0206647805558,401.79828,NaN,11.507949,NaN,34.87422,NaN,NaN
Bellatrix_368,2016-07-06T02:07:45Z,7.993694314374169,88.02069914923791,402.47266,NaN,11.4854765,NaN,34.892002,NaN,NaN
Bellatrix_368,2016-07-06T02:07:51Z,7.993695773295143,88.02072510695217,402.98596,NaN,11.494838,NaN,34.884853,NaN,NaN
Bellatrix_368,2016-07-06T02:07:56Z,7.993694654313852,88.0207477192853,403.50937,NaN,11.488824,NaN,34.883263,NaN,NaN
Bellatrix_368,2016-07-06T02:08:00Z,7.993691819284665,88.0207671049387,404.00256,NaN,11.495405,NaN,34.861195,NaN,NaN
Bellatrix_368,2016-07-06T02:08:05Z,7.993686137780865,88.02078786748062,404.52597,NaN,11.473755,NaN,34.873707,NaN,NaN
Bellatrix_368,2016-07-06T02:08:10Z,7.99367865766592,88.02080741207693,404.99905,NaN,11.475035,NaN,34.87032,NaN,NaN
Bellatrix_368,2016-07-06T02:08:16Z,7.99366791068504,88.02082710183362,405.6231,NaN,11.462446,NaN,34.86977,NaN,NaN
Bellatrix_368,2016-07-06T02:08:20Z,7.993658073228148,88.02084111609395,406.00558,NaN,11.430432,NaN,34.89111,NaN,NaN
Bellatrix_368,2016-07-06T02:08:26Z,7.993643962861938,88.02085613637985,406.50885,NaN,11.437788,NaN,34.88413,NaN,NaN
Bellatrix_368,2016-07-06T02:08:31Z,7.99363022499457,88.02086737216742,407.03226,NaN,11.431217,NaN,34.88545,NaN,NaN
Bellatrix_368,2016-07-06T02:08:36Z,7.993615719405571,88.02087630571297,407.58585,NaN,11.437,NaN,34.87758,NaN,NaN
Bellatrix_368,2016-07-06T02:08:40Z,7.99360254567829,88.02088235135348,407.98846,NaN,11.433127,NaN,34.878094,NaN,NaN
Bellatrix_368,2016-07-06T02:08:46Z,7.993585464077207,88.02088694071529,408.57224,NaN,11.423574,NaN,34.8826,NaN,NaN
Bellatrix_368,2016-07-06T02:08:50Z,7.993572101394395,88.020888593259,409.0151,NaN,11.417524,NaN,34.88287,NaN,NaN
Bellatrix_368,2016-07-06T02:08:56Z,7.993555795689435,88.02088765417162,409.51837,NaN,11.416228,NaN,34.879005,NaN,NaN
Bellatrix_368,2016-07-06T02:09:00Z,7.993543469113599,88.02088498632043,410.00153,NaN,11.404252,NaN,34.884407,NaN,NaN
Bellatrix_368,2016-07-06T02:09:05Z,7.993530482402635,88.02087986609556,410.5652,NaN,11.3966675,NaN,34.889675,NaN,NaN
Bellatrix_368,2016-07-06T02:09:10Z,7.993518777959414,88.0208727115358,411.02817,NaN,11.383727,NaN,34.899902,NaN,NaN
Bellatrix_368,2016-07-06T02:09:16Z,7.993507625218157,88.02086235861269,411.5214,NaN,11.385971,NaN,34.898422,NaN,NaN
Bellatrix_368,2016-07-06T02:09:20Z,7.99350013366349,88.02085284266309,412.0146,NaN,11.393445,NaN,34.893112,NaN,NaN
Bellatrix_368,2016-07-06T02:09:26Z,7.993493022864911,88.02083901786686,412.58832,NaN,11.382223,NaN,34.892834,NaN,NaN
Bellatrix_368,2016-07-06T02:09:30Z,7.993489052529284,88.0208270625466,412.95065,NaN,11.371767,NaN,34.891125,NaN,NaN
Bellatrix_368,2016-07-06T02:09:36Z,7.993486698404388,88.0208108098607,413.4942,NaN,11.360301,NaN,34.89735,NaN,NaN
Bellatrix_368,2016-07-06T02:09:40Z,7.993486736804973,88.0207974688473,414.0075,NaN,11.3672085,NaN,34.891888,NaN,NaN
Bellatrix_368,2016-07-06T02:09:45Z,7.993489344235752,88.02078186020408,414.4504,NaN,11.357108,NaN,34.898346,NaN,NaN
Bellatrix_368,2016-07-06T02:09:51Z,7.993495536136059,88.02076463932438,415.18518,NaN,11.352898,NaN,34.899426,NaN,NaN
Bellatrix_368,2016-07-06T02:09:55Z,7.993502653407536,88.02075134573516,415.53745,NaN,11.339962,NaN,34.905037,NaN,NaN
Bellatrix_368,2016-07-06T02:10:01Z,7.993514562452745,88.02073549766295,416.12125,NaN,11.335589,NaN,34.90736,NaN,NaN
Bellatrix_368,2016-07-06T02:10:05Z,7.993525941785541,88.02072380088819,416.52386,NaN,11.329369,NaN,34.899662,NaN,NaN
Bellatrix_368,2016-07-06T02:10:10Z,7.993541129716951,88.02071206963173,416.9466,NaN,11.3307495,NaN,34.89661,NaN,NaN
Bellatrix_368,2016-07-06T02:10:16Z,7.993560704632075,88.020701335415,417.51025,NaN,11.332902,NaN,34.891773,NaN,NaN
Bellatrix_368,2016-07-06T02:10:20Z,7.9935776511102725,88.02069452534974,417.98334,NaN,11.316656,NaN,34.900333,NaN,NaN
Bellatrix_368,2016-07-06T02:10:26Z,7.993601858855266,88.02068892538638,418.59732,NaN,11.323855,NaN,34.891598,NaN,NaN
Bellatrix_368,2016-07-06T02:10:32Z,7.993626486364436,88.02068680248487,419.13077,NaN,11.324961,NaN,34.885128,NaN,NaN
Bellatrix_368,2016-07-06T02:10:37Z,7.9936490288037545,88.02068767550861,419.7347,NaN,11.303541,NaN,34.893845,NaN,NaN
Bellatrix_368,2016-07-06T02:10:41Z,7.993669019891793,88.02069059772161,420.1373,NaN,11.292176,NaN,34.897343,NaN,NaN
Bellatrix_368,2016-07-06T02:10:48Z,7.993698611210405,88.020700175139,420.74124,NaN,11.269053,NaN,34.902397,NaN,NaN
Bellatrix_368,2016-07-06T02:10:54Z,7.993726842101035,88.02071382470088,421.39548,NaN,11.26488,NaN,34.899426,NaN,NaN
Bellatrix_368,2016-07-06T02:11:00Z,7.993749681911305,88.02072846139464,422.03967,NaN,11.258548,NaN,34.89899,NaN,NaN
Bellatrix_368,2016-07-06T02:11:05Z,7.993766555424858,88.02074166955622,422.3819,NaN,11.252616,NaN,34.900936,NaN,NaN
Bellatrix_368,2016-07-06T02:11:10Z,7.99378578374224,88.02076083664973,422.99588,NaN,11.252822,NaN,34.897778,NaN,NaN
Bellatrix_368,2016-07-06T02:11:14Z,7.993799498129276,88.0207772489457,423.42868,NaN,11.242249,NaN,34.9016,NaN,NaN
Bellatrix_368,2016-07-06T02:11:20Z,7.993814365263458,88.02080004636485,423.99234,NaN,11.225792,NaN,34.907185,NaN,NaN
Bellatrix_368,2016-07-06T02:11:25Z,7.993824503651366,88.02081878378678,424.4352,NaN,11.23925,NaN,34.890633,NaN,NaN
Bellatrix_368,2016-07-06T02:11:30Z,7.993833755032448,88.02084093098347,424.88815,NaN,11.233209,NaN,34.88667,NaN,NaN
Bellatrix_368,2016-07-06T02:11:35Z,7.993841167147325,88.02086637769222,425.4518,NaN,11.220033,NaN,34.89202,NaN,NaN
Bellatrix_368,2016-07-06T02:11:40Z,7.993845162463622,88.02088672726043,425.93494,NaN,11.21136,NaN,34.89721,NaN,NaN
Bellatrix_368,2016-07-06T02:11:45Z,7.993847449280104,88.02090972343942,426.4382,NaN,11.209125,NaN,34.894497,NaN,NaN
Bellatrix_368,2016-07-06T02:11:50Z,7.993847358512202,88.02093235369423,426.98175,NaN,11.196088,NaN,34.90395,NaN,NaN
Bellatrix_368,2016-07-06T02:11:55Z,7.993844357421817,88.02095680149002,427.64606,NaN,11.217501,NaN,34.892963,NaN,NaN
Bellatrix_368,2016-07-06T02:12:00Z,7.9938403057915,88.0209754149839,428.01846,NaN,11.203391,NaN,34.90702,NaN,NaN
Bellatrix_368,2016-07-06T02:12:05Z,7.9938326404952535,88.02099736975512,428.562,NaN,11.209891,NaN,34.901302,NaN,NaN
Bellatrix_368,2016-07-06T02:12:10Z,7.993825007390627,88.02101349739625,429.025,NaN,11.19535,NaN,34.90782,NaN,NaN
Bellatrix_368,2016-07-06T02:12:15Z,7.99381457246127,88.02102981274705,429.488,NaN,11.185371,NaN,34.91565,NaN,NaN
Bellatrix_368,2016-07-06T02:12:20Z,7.993801240612667,88.0210456271208,430.12213,NaN,11.181319,NaN,34.9192,NaN,NaN
Bellatrix_368,2016-07-06T02:12:25Z,7.993789764760347,88.02105645236274,430.61533,NaN,11.175591,NaN,34.91561,NaN,NaN
Bellatrix_368,2016-07-06T02:12:30Z,7.9937758549506475,88.02106628420474,431.18906,NaN,11.163059,NaN,34.92442,NaN,NaN
Bellatrix_368,2016-07-06T02:12:35Z,7.993759570323932,88.02107436691126,431.69232,NaN,11.16773,NaN,34.918964,NaN,NaN
Bellatrix_368,2016-07-06T02:12:40Z,7.9937464054147656,88.02107890943878,432.2258,NaN,11.157025,NaN,34.924187,NaN,NaN
Bellatrix_368,2016-07-06T02:12:45Z,7.993731415094457,88.0210816236132,432.6586,NaN,11.158206,NaN,34.920895,NaN,NaN
Bellatrix_368,2016-07-06T02:12:50Z,7.99371663187676,88.0210819132096,433.17194,NaN,11.149675,NaN,34.92395,NaN,NaN
Bellatrix_368,2016-07-06T02:12:55Z,7.993700878208748,88.02107927016968,433.7356,NaN,11.138969,NaN,34.928574,NaN,NaN
Bellatrix_368,2016-07-06T02:13:00Z,7.993689163429402,88.02107538329676,434.1382,NaN,11.134632,NaN,34.930042,NaN,NaN
Bellatrix_368,2016-07-06T02:13:05Z,7.993675919990526,88.02106786075402,434.91324,NaN,11.12658,NaN,34.92678,NaN,NaN
Bellatrix_368,2016-07-06T02:13:10Z,7.993666592625597,88.02106043604105,435.23532,NaN,11.116409,NaN,34.932358,NaN,NaN
Bellatrix_368,2016-07-06T02:13:15Z,7.993657768133763,88.02105032276121,435.87952,NaN,11.117498,NaN,34.929554,NaN,NaN
Bellatrix_368,2016-07-06T02:13:20Z,7.99365025035356,88.02103721553951,436.4331,NaN,11.114363,NaN,34.930138,NaN,NaN
Bellatrix_368,2016-07-06T02:13:25Z,7.993645955696501,88.0210258488177,436.90616,NaN,11.112299,NaN,34.928967,NaN,NaN
Bellatrix_368,2016-07-06T02:13:30Z,7.993643225020909,88.0210120017939,437.31885,NaN,11.114022,NaN,34.92739,NaN,NaN
Bellatrix_368,2016-07-06T02:13:35Z,7.993643418045327,88.02099486762958,437.98315,NaN,11.106594,NaN,34.9236,NaN,NaN
Bellatrix_368,2016-07-06T02:13:41Z,7.993646612849327,88.02097781269474,438.45624,NaN,11.098761,NaN,34.92888,NaN,NaN
Bellatrix_368,2016-07-06T02:13:45Z,7.993651084799445,88.02096436036804,439.04,NaN,11.104376,NaN,34.92342,NaN,NaN
Bellatrix_368,2016-07-06T02:13:51Z,7.993659920033822,88.0209475205478,439.54327,NaN,11.098171,NaN,34.9245,NaN,NaN
Bellatrix_368,2016-07-06T02:13:57Z,7.993673699984472,88.02093034307853,440.25793,NaN,11.111757,NaN,34.91114,NaN,NaN
Bellatrix_368,2016-07-06T02:14:04Z,7.993692124655439,88.02091393749414,440.7813,NaN,11.079674,NaN,34.920773,NaN,NaN
Bellatrix_368,2016-07-06T02:14:09Z,7.9937108114339726,88.02090209229715,441.40536,NaN,11.0731735,NaN,34.92101,NaN,NaN
Bellatrix_368,2016-07-06T02:14:14Z,7.993727078569241,88.02089439479438,441.95895,NaN,11.085314,NaN,34.9114,NaN,NaN
Bellatrix_368,2016-07-06T02:14:19Z,7.993746992071249,88.02088798047913,442.5226,NaN,11.074662,NaN,34.917133,NaN,NaN
Bellatrix_368,2016-07-06T02:14:24Z,7.993770782715662,88.02088378439282,443.09634,NaN,11.072745,NaN,34.917854,NaN,NaN
Bellatrix_368,2016-07-06T02:14:29Z,7.9937904197795255,88.02088274337193,443.5795,NaN,11.064527,NaN,34.924236,NaN,NaN
Bellatrix_368,2016-07-06T02:14:34Z,7.993813162482412,88.02088405380037,444.14316,NaN,11.064331,NaN,34.927647,NaN,NaN
Bellatrix_368,2016-07-06T02:14:39Z,7.99383874053455,88.0208888732012,444.6766,NaN,11.065312,NaN,34.929848,NaN,NaN
Bellatrix_368,2016-07-06T02:14:44Z,7.993858828687464,88.02089488103479,445.15976,NaN,11.06343,NaN,34.937954,NaN,NaN
Bellatrix_368,2016-07-06T02:14:49Z,7.993880946796174,88.02090436422269,445.73346,NaN,11.046055,NaN,34.936024,NaN,NaN
Bellatrix_368,2016-07-06T02:14:54Z,7.993902110591364,88.02091636037093,446.13608,NaN,11.024065,NaN,34.93187,NaN,NaN
Bellatrix_368,2016-07-06T02:14:59Z,7.993924100764052,88.02093256624384,446.71988,NaN,11.0196295,NaN,34.923862,NaN,NaN
Bellatrix_368,2016-07-06T02:15:04Z,7.993940384671718,88.02094692172038,447.2634,NaN,10.996236,NaN,34.92268,NaN,NaN
Bellatrix_368,2016-07-06T02:15:09Z,7.993958637679307,88.02096726957637,447.77673,NaN,10.989382,NaN,34.934605,NaN,NaN
Bellatrix_368,2016-07-06T02:15:14Z,7.9939715138453735,88.02098455778693,448.4008,NaN,10.989939,NaN,34.919254,NaN,NaN
Bellatrix_368,2016-07-06T02:15:19Z,7.993984010375108,88.02100529382959,448.93423,NaN,10.990369,NaN,34.917854,NaN,NaN
Bellatrix_368,2016-07-06T02:15:24Z,7.993994983668323,88.02102962189765,449.50797,NaN,10.98095,NaN,34.92539,NaN,NaN
Bellatrix_368,2016-07-06T02:15:29Z,7.994001996060483,88.02104936261615,449.99112,NaN,10.986234,NaN,34.91925,NaN,NaN
Bellatrix_368,2016-07-06T02:15:34Z,7.99400746637204,88.02107211276595,450.5749,NaN,10.98576,NaN,34.92066,NaN,NaN
Bellatrix_368,2016-07-06T02:15:39Z,7.994010515916415,88.0210975468783,451.1587,NaN,10.985864,NaN,34.917328,NaN,NaN
Bellatrix_368,2016-07-06T02:15:44Z,7.994011077612,88.02111751486734,451.57138,NaN,10.98041,NaN,34.914864,NaN,NaN
Bellatrix_368,2016-07-06T02:15:49Z,7.994009563396109,88.02113954034425,452.06458,NaN,10.975145,NaN,34.917564,NaN,NaN
Bellatrix_368,2016-07-06T02:15:54Z,7.994005611668469,88.02116066660713,452.62823,NaN,10.964566,NaN,34.92472,NaN,NaN
Bellatrix_368,2016-07-06T02:15:59Z,7.993998722909444,88.02118284941061,453.20197,NaN,10.979352,NaN,34.912636,NaN,NaN
Bellatrix_368,2016-07-06T02:16:09Z,7.994005934745693,88.0211898040155,454.24875,NaN,10.958804,NaN,NaN,NaN,NaN
Bellatrix_368,2016-07-06T02:16:14Z,7.994010127655751,88.0211938473731,454.74194,NaN,10.917013,NaN,NaN,NaN,NaN
Bellatrix_368,2016-07-06T02:16:21Z,7.994015403585113,88.02119893512094,455.054,NaN,10.900365,NaN,NaN,NaN,NaN
Bellatrix_368,2016-07-06T02:16:27Z,7.994020295442836,88.02120365249617,455.1345,NaN,10.86514,NaN,NaN,NaN,NaN
Bellatrix_368,2016-07-06T02:16:32Z,7.994024481355592,88.02120768910603,455.31567,NaN,10.895147,NaN,NaN,NaN,NaN
Bellatrix_368,2016-07-06T02:16:38Z,7.994028670378198,88.02121172871483,455.54718,NaN,10.922179,NaN,NaN,NaN,NaN
Bellatrix_368,2016-07-06T02:16:44Z,7.994033339878921,88.02121623166408,455.83908,NaN,10.959206,NaN,NaN,NaN,NaN
Bellatrix_368,2016-07-06T02:16:49Z,7.994037534343812,88.02122027652105,456.11084,NaN,10.938734,NaN,NaN,NaN,NaN
Bellatrix_368,2016-07-06T02:16:55Z,7.9940417264762695,88.02122431912878,456.37253,NaN,10.87011,NaN,NaN,NaN,NaN
Bellatrix_368,2016-07-06T02:17:01Z,7.9940466183341785,88.0212290365042,457.09723,NaN,10.864672,NaN,NaN,NaN,NaN
Bellatrix_368,2016-07-06T02:17:07Z,7.994051276172731,88.02123352820723,457.43945,NaN,10.849908,NaN,NaN,NaN,NaN
Bellatrix_368,2016-07-06T02:17:12Z,7.994055465195337,88.02123756781603,457.80182,NaN,10.877293,NaN,NaN,NaN,NaN
Bellatrix_368,2016-07-06T02:17:18Z,7.9940596495530745,88.02124160292635,457.99304,NaN,10.900743,NaN,NaN,NaN,NaN
Bellatrix_368,2016-07-06T02:17:23Z,7.994063854125119,88.02124565752996,458.3554,NaN,10.894531,NaN,NaN,NaN,NaN
Bellatrix_368,2016-07-06T02:17:30Z,7.994068945793473,88.021250567589,458.74796,NaN,10.859223,NaN,NaN,NaN,NaN
Bellatrix_368,2016-07-06T02:17:36Z,7.994073823656777,88.02125527146896,459.0801,NaN,10.828657,NaN,NaN,NaN,NaN
Bellatrix_368,2016-07-06T02:17:41Z,7.994078029006423,88.02125932682245,459.38208,NaN,10.842983,NaN,NaN,NaN,NaN
Bellatrix_368,2016-07-06T02:17:47Z,7.994082219583862,88.02126336793062,459.64377,NaN,10.8521595,NaN,NaN,NaN,NaN
Bellatrix_368,2016-07-06T02:17:53Z,7.994086840881253,88.02126782439585,459.87527,NaN,10.813712,NaN,NaN,NaN,NaN
Bellatrix_368,2016-07-06T02:17:58Z,7.99409103068146,88.02127186475451,460.2376,NaN,10.825146,NaN,NaN,NaN,NaN
Bellatrix_368,2016-07-06T02:18:03Z,7.994095218149049,88.02127590286376,460.4188,NaN,10.834945,NaN,NaN,NaN,NaN
Bellatrix_368,2016-07-06T02:18:10Z,7.99410009445752,88.02128060524436,460.6503,NaN,10.8639,NaN,NaN,NaN,NaN
Bellatrix_368,2016-07-06T02:18:16Z,7.99410469631802,88.02128504296597,461.01266,NaN,10.887539,NaN,NaN,NaN,NaN
Bellatrix_368,2016-07-06T02:18:21Z,7.994108881453174,88.02128907882597,461.1435,NaN,10.853044,NaN,NaN,NaN,NaN
Bellatrix_368,2016-07-06T02:18:26Z,7.994113072030799,88.02129311993433,461.32468,NaN,10.826097,NaN,NaN,NaN,NaN
Bellatrix_368,2016-07-06T02:18:32Z,7.99411725561112,88.02129715429494,461.55618,NaN,10.873319,NaN,NaN,NaN,NaN
Bellatrix_368,2016-07-06T02:18:38Z,7.994121918114541,88.02130165049647,461.80783,NaN,10.8452635,NaN,NaN,NaN,NaN
Bellatrix_368,2016-07-06T02:18:44Z,7.994126806862414,88.02130636487279,461.9588,NaN,10.819798,NaN,NaN,NaN,NaN
Bellatrix_368,2016-07-06T02:18:49Z,7.9941310005498885,88.02131040898006,462.08966,NaN,10.800367,NaN,NaN,NaN,NaN
Bellatrix_368,2016-07-06T02:18:55Z,7.994135224558823,88.0213144823273,462.20038,NaN,10.772874,NaN,NaN,NaN,NaN
Bellatrix_368,2016-07-06T02:19:08Z,7.994145330925758,88.02132422822093,462.78415,NaN,10.728236,NaN,NaN,NaN,NaN
Bellatrix_368,2016-07-06T02:19:13Z,7.994149477964734,88.02132822734357,462.77408,NaN,10.726377,NaN,NaN,NaN,NaN
Bellatrix_368,2016-07-06T02:19:19Z,7.994153663877489,88.02133226395344,462.7439,NaN,10.727847,NaN,NaN,NaN,NaN
Bellatrix_368,2016-07-06T02:19:25Z,7.994158533966074,88.021336960336,462.8647,NaN,10.743771,NaN,NaN,NaN,NaN
Bellatrix_368,2016-07-06T02:19:31Z,7.994163205021629,88.02134146478463,463.0962,NaN,10.877664,NaN,NaN,NaN,NaN
Bellatrix_368,2016-07-06T02:19:36Z,7.9941674127037095,88.02134552238735,463.3277,NaN,10.977529,NaN,NaN,NaN,NaN
Bellatrix_368,2016-07-06T02:19:42Z,7.99417161805317,88.02134957774065,463.5793,NaN,10.809543,NaN,NaN,NaN,NaN
Bellatrix_368,2016-07-06T02:19:47Z,7.994175809408211,88.0213536195987,463.71017,NaN,10.805297,NaN,NaN,NaN,NaN
Bellatrix_368,2016-07-06T02:19:53Z,7.9941804656919295,88.02135810980236,463.83096,NaN,10.795452,NaN,NaN,NaN,NaN
Bellatrix_368,2016-07-06T02:19:59Z,7.994185340445383,88.0213628106834,464.04233,NaN,10.865661,NaN,NaN,NaN,NaN
Bellatrix_368,2016-07-06T02:20:05Z,7.994189564454132,88.02136688403046,464.0725,NaN,10.893297,NaN,NaN,NaN,NaN
Bellatrix_368,2016-07-06T02:20:10Z,7.994193772913628,88.02137094238287,464.03226,NaN,10.893774,NaN,NaN,NaN,NaN
Bellatrix_368,2016-07-06T02:20:16Z,7.994198462628658,88.02137546482543,464.01212,NaN,10.906112,NaN,NaN,NaN,NaN
Bellatrix_368,2016-07-06T02:20:22Z,7.994202672642987,88.02137952467722,463.91147,NaN,10.9141655,NaN,NaN,NaN,NaN
Bellatrix_368,2016-07-06T02:20:27Z,7.994206884212334,88.02138358602856,463.81082,NaN,10.873543,NaN,NaN,NaN,NaN
Bellatrix_368,2016-07-06T02:20:33Z,7.994211774515225,88.02138830190442,463.47867,NaN,10.796294,NaN,NaN,NaN,NaN
Bellatrix_368,2016-07-06T02:20:40Z,7.994217047334551,88.02139338665313,463.1465,NaN,10.756447,NaN,NaN,NaN,NaN
Bellatrix_368,2016-07-06T02:20:46Z,7.994221256571464,88.02139744575524,462.87476,NaN,10.734994,NaN,NaN,NaN,NaN
Bellatrix_368,2016-07-06T02:20:51Z,7.994225468140811,88.02140150710657,462.44193,NaN,10.728941,NaN,NaN,NaN,NaN
Bellatrix_368,2016-07-06T02:20:56Z,7.994229679710158,88.02140556845792,462.10977,NaN,10.723456,NaN,NaN,NaN,NaN
Bellatrix_368,2016-07-06T02:21:03Z,7.994234805587239,88.02141051150552,461.53604,NaN,10.718574,NaN,NaN,NaN,NaN
Bellatrix_368,2016-07-06T02:21:09Z,7.994239702110017,88.02141523337941,460.89188,NaN,10.71631,NaN,NaN,NaN,NaN
Bellatrix_368,2016-07-06T02:21:15Z,7.994243912124346,88.0214192932312,460.42886,NaN,10.717668,NaN,NaN,NaN,NaN
Bellatrix_368,2016-07-06T02:21:20Z,7.99424811669639,88.02142334783483,459.8652,NaN,10.722399,NaN,NaN,NaN,NaN
Bellatrix_368,2016-07-06T02:21:27Z,7.994253242573471,88.02142829088243,459.22104,NaN,10.730305,NaN,NaN,NaN,NaN
Bellatrix_368,2016-07-06T02:21:32Z,7.994257452587799,88.02143235073422,458.5869,NaN,10.766906,NaN,NaN,NaN,NaN
Bellatrix_368,2016-07-06T02:21:38Z,7.994261678151752,88.02143642558102,457.94272,NaN,10.81379,NaN,NaN,NaN,NaN
Bellatrix_368,2016-07-06T02:21:44Z,7.994266893438194,88.02144145484893,457.12744,NaN,10.841687,NaN,NaN,NaN,NaN
Bellatrix_368,2016-07-06T02:21:51Z,7.994272244004896,88.02144661457193,456.3222,NaN,10.865681,NaN,NaN,NaN,NaN
Bellatrix_368,2016-07-06T02:21:57Z,7.99427644857694,88.02145066917555,455.72836,NaN,10.868104,NaN,NaN,NaN,NaN
Bellatrix_368,2016-07-06T02:22:02Z,7.994280641486814,88.02145471253297,455.0439,NaN,10.880576,NaN,NaN,NaN,NaN
Bellatrix_368,2016-07-06T02:22:07Z,7.994284849168894,88.0214587701357,454.3192,NaN,10.882568,NaN,NaN,NaN,NaN
Bellatrix_368,2016-07-06T02:22:14Z,7.9942901779662705,88.02146390886584,453.47372,NaN,10.894238,NaN,NaN,NaN,NaN
Bellatrix_368,2016-07-06T02:22:20Z,7.994295088483468,88.021468644235,452.64835,NaN,10.908501,NaN,NaN,NaN,NaN
Bellatrix_368,2016-07-06T02:22:26Z,7.994299293833114,88.02147269958849,452.06458,NaN,10.911525,NaN,NaN,NaN,NaN
Bellatrix_368,2016-07-06T02:22:31Z,7.994303499182575,88.0214767549418,451.3499,NaN,10.909187,NaN,NaN,NaN,NaN
Bellatrix_368,2016-07-06T02:22:42Z,7.994309940799872,88.02150000137824,450.0817,NaN,10.929791,NaN,34.947845,NaN,NaN
Bellatrix_368,2016-07-06T02:22:47Z,7.9943144812983356,88.0215124266966,449.48785,NaN,10.932328,NaN,34.949444,NaN,NaN
Bellatrix_368,2016-07-06T02:22:52Z,7.9943193639446575,88.02152340369503,448.76312,NaN,10.927562,NaN,34.951385,NaN,NaN
Bellatrix_368,2016-07-06T02:22:57Z,7.994324251214096,88.02153295127738,448.18942,NaN,10.939804,NaN,34.949886,NaN,NaN
Bellatrix_368,2016-07-06T02:23:02Z,7.994331553067889,88.0215447955306,447.53516,NaN,10.9387455,NaN,34.950817,NaN,NaN
Bellatrix_368,2016-07-06T02:23:07Z,7.994338795422036,88.02155497073774,446.9111,NaN,10.932366,NaN,34.956543,NaN,NaN
Bellatrix_368,2016-07-06T02:23:12Z,7.994346728807028,88.02156471091057,446.31726,NaN,10.92772,NaN,34.961536,NaN,NaN
Bellatrix_368,2016-07-06T02:23:17Z,7.994355335971058,88.0215739608429,445.77374,NaN,10.923327,NaN,34.961597,NaN,NaN
Bellatrix_368,2016-07-06T02:23:22Z,7.994363367684454,88.0215817091499,445.24026,NaN,10.930241,NaN,34.962135,NaN,NaN
Bellatrix_368,2016-07-06T02:23:27Z,7.994374227647325,88.02159064262909,444.49542,NaN,10.925766,NaN,34.966717,NaN,NaN
Bellatrix_368,2016-07-06T02:23:32Z,7.994384406004742,88.02159794176268,443.94183,NaN,10.92681,NaN,34.971817,NaN,NaN
Bellatrix_368,2016-07-06T02:23:37Z,7.994394973948896,88.02160441609203,443.23727,NaN,10.930961,NaN,34.977436,NaN,NaN
Bellatrix_368,2016-07-06T02:23:42Z,7.994404519078879,88.021609508872,442.78433,NaN,10.93738,NaN,34.976036,NaN,NaN
Bellatrix_368,2016-07-06T02:23:47Z,7.994416811404889,88.0216148088986,442.2106,NaN,10.931302,NaN,34.980377,NaN,NaN
Bellatrix_368,2016-07-06T02:23:52Z,7.9944278864783636,88.02161862243524,441.59662,NaN,10.939181,NaN,34.98707,NaN,NaN
Bellatrix_368,2016-07-06T02:23:57Z,7.9944375602624635,88.02162121415986,440.98264,NaN,10.946022,NaN,34.988106,NaN,NaN
Bellatrix_368,2016-07-06T02:24:03Z,7.994449706817737,88.02162326546393,440.39883,NaN,10.956961,NaN,34.9958,NaN,NaN
Bellatrix_368,2016-07-06T02:24:08Z,7.9944601881237665,88.02162418449095,439.83517,NaN,10.964114,NaN,35.008118,NaN,NaN
Bellatrix_368,2016-07-06T02:24:13Z,7.994470241214823,88.02162423876042,439.15073,NaN,10.975767,NaN,35.01529,NaN,NaN
Bellatrix_368,2016-07-06T02:24:18Z,7.994479737536607,88.02162348211446,438.5468,NaN,10.983711,NaN,35.011505,NaN,NaN
Bellatrix_368,2016-07-06T02:24:22Z,7.994487630332626,88.02162223723083,438.01337,NaN,10.985737,NaN,35.00361,NaN,NaN
Bellatrix_368,2016-07-06T02:24:28Z,7.994496709847268,88.02161989942165,437.43964,NaN,10.985758,NaN,35.00175,NaN,NaN
Bellatrix_368,2016-07-06T02:24:33Z,7.994504060900988,88.02161728368806,436.74512,NaN,10.982299,NaN,35.000626,NaN,NaN
Bellatrix_368,2016-07-06T02:24:38Z,7.994510576087606,88.02161426117206,436.16135,NaN,10.98774,NaN,34.997013,NaN,NaN
Bellatrix_368,2016-07-06T02:24:42Z,7.994515682218666,88.0216113655519,435.81912,NaN,10.988812,NaN,34.996418,NaN,NaN
Bellatrix_368,2016-07-06T02:24:48Z,7.994521016975569,88.02160747759326,435.02396,NaN,10.989258,NaN,34.997375,NaN,NaN
Bellatrix_368,2016-07-06T02:24:53Z,7.994524894055598,88.02160392950819,434.45023,NaN,10.987923,NaN,34.99943,NaN,NaN
Bellatrix_368,2016-07-06T02:24:57Z,7.994527590055348,88.02160083553845,433.92682,NaN,10.982975,NaN,35.00481,NaN,NaN
Bellatrix_368,2016-07-06T02:25:03Z,7.9945299454735315,88.02159707971212,433.3229,NaN,10.9819765,NaN,35.007805,NaN,NaN
Bellatrix_368,2016-07-06T02:25:08Z,7.994531208495095,88.02159398713968,432.7794,NaN,10.9974375,NaN,35.008907,NaN,NaN
Bellatrix_368,2016-07-06T02:25:13Z,7.9945317147506305,88.02159123258188,432.21573,NaN,10.999583,NaN,35.013348,NaN,NaN
Bellatrix_368,2016-07-06T02:25:18Z,7.994531447361674,88.02158894699532,431.68225,NaN,10.998322,NaN,35.01419,NaN,NaN
Bellatrix_368,2016-07-06T02:25:23Z,7.994530231424791,88.02158697735392,430.83676,NaN,11.007331,NaN,35.013016,NaN,NaN
Bellatrix_368,2016-07-06T02:25:28Z,7.994528555127364,88.02158594756263,430.29324,NaN,11.008403,NaN,35.014046,NaN,NaN
Bellatrix_368,2016-07-06T02:25:34Z,7.994526023002873,88.02158569418091,429.53833,NaN,11.004891,NaN,35.022648,NaN,NaN
Bellatrix_368,2016-07-06T02:25:38Z,7.994523639149991,88.02158612872867,429.18607,NaN,11.010939,NaN,35.022923,NaN,NaN
Bellatrix_368,2016-07-06T02:25:45Z,7.9945193458774595,88.02158842300068,428.3305,NaN,11.016882,NaN,35.02107,NaN,NaN
Bellatrix_368,2016-07-06T02:25:52Z,7.994514774850935,88.02159213498581,427.5152,NaN,11.012588,NaN,35.025608,NaN,NaN
Bellatrix_368,2016-07-06T02:25:57Z,7.9945107493536955,88.02159649956008,426.98175,NaN,11.011975,NaN,35.02895,NaN,NaN
Bellatrix_368,2016-07-06T02:26:02Z,7.994507638778072,88.0216006609994,426.40802,NaN,11.018933,NaN,35.030926,NaN,NaN
Bellatrix_368,2016-07-06T02:26:07Z,7.9945042741953305,88.02160639562672,425.9249,NaN,11.024746,NaN,35.033405,NaN,NaN
Bellatrix_368,2016-07-06T02:26:12Z,7.9945010045074145,88.02161398696248,425.31088,NaN,11.02751,NaN,35.036304,NaN,NaN
Bellatrix_368,2016-07-06T02:26:17Z,7.994498810826646,88.0216206973446,424.76736,NaN,11.026797,NaN,35.039253,NaN,NaN
Bellatrix_368,2016-07-06T02:26:22Z,7.99449685402101,88.02162903053997,424.15338,NaN,11.031382,NaN,35.039394,NaN,NaN
Bellatrix_368,2016-07-06T02:26:27Z,7.994495567475636,88.02163807430952,423.46893,NaN,11.0382395,NaN,35.03833,NaN,NaN
Bellatrix_368,2016-07-06T02:26:32Z,7.994495005745702,88.02164774200929,422.9556,NaN,11.038398,NaN,35.04007,NaN,NaN
Bellatrix_368,2016-07-06T02:26:37Z,7.994495397769885,88.02165920869416,422.2611,NaN,11.038247,NaN,35.04115,NaN,NaN
Bellatrix_368,2016-07-06T02:26:42Z,7.994496358461018,88.02166860761403,421.88867,NaN,11.039781,NaN,35.042927,NaN,NaN
Bellatrix_368,2016-07-06T02:26:47Z,7.99449838065691,88.02167958708687,421.26462,NaN,11.041928,NaN,35.048042,NaN,NaN
Bellatrix_368,2016-07-06T02:26:52Z,7.9945016972177,88.02169208235752,420.65063,NaN,11.043612,NaN,35.04941,NaN,NaN
Bellatrix_368,2016-07-06T02:26:57Z,7.994504972212763,88.02170203363025,420.2581,NaN,11.047684,NaN,35.04797,NaN,NaN
Bellatrix_368,2016-07-06T02:27:02Z,7.994509544703457,88.02171326341374,419.66425,NaN,11.051114,NaN,35.04806,NaN,NaN
Bellatrix_368,2016-07-06T02:27:07Z,7.994514991407331,88.02172436009639,419.1006,NaN,11.053652,NaN,35.048145,NaN,NaN
Bellatrix_368,2016-07-06T02:27:12Z,7.994522131489119,88.02173643832003,418.396,NaN,11.057046,NaN,35.042866,NaN,NaN
Bellatrix_368,2016-07-06T02:27:17Z,7.994528322865353,88.02174575016149,417.97327,NaN,11.056564,NaN,35.037434,NaN,NaN
Bellatrix_368,2016-07-06T02:27:22Z,7.994537031259995,88.02175704855823,417.28882,NaN,11.0554085,NaN,35.03593,NaN,NaN
Bellatrix_368,2016-07-06T02:27:27Z,7.994544423000491,88.02176564389268,416.81577,NaN,11.05579,NaN,35.036625,NaN,NaN
Bellatrix_368,2016-07-06T02:27:32Z,7.994553433517016,88.02177482531748,416.13132,NaN,11.057719,NaN,35.038933,NaN,NaN
Bellatrix_368,2016-07-06T02:27:37Z,7.994564177163126,88.02178436004895,415.467,NaN,11.061217,NaN,35.03952,NaN,NaN
Bellatrix_368,2016-07-06T02:27:42Z,7.994573089273226,88.02179136112134,415.0845,NaN,11.065168,NaN,35.039944,NaN,NaN
Bellatrix_368,2016-07-06T02:27:47Z,7.994583584498439,88.02179858274351,414.50073,NaN,11.068503,NaN,35.043346,NaN,NaN
Bellatrix_368,2016-07-06T02:27:52Z,7.994595737402581,88.02180565503437,413.81628,NaN,11.073483,NaN,35.047493,NaN,NaN
Bellatrix_368,2016-07-06T02:27:57Z,7.9946055613649625,88.02181057711446,413.2627,NaN,11.080666,NaN,35.0501,NaN,NaN
Bellatrix_368,2016-07-06T02:28:02Z,7.994616830797348,88.02181522660996,412.72922,NaN,11.086174,NaN,35.05106,NaN,NaN
Bellatrix_368,2016-07-06T02:28:07Z,7.994628159006552,88.02181884569075,412.21588,NaN,11.090385,NaN,35.0506,NaN,NaN
Bellatrix_368,2016-07-06T02:28:12Z,7.994639407862217,88.02182156030678,411.6019,NaN,11.090752,NaN,35.052456,NaN,NaN
Bellatrix_368,2016-07-06T02:28:17Z,7.994651734776231,88.02182341934544,411.00806,NaN,11.0918455,NaN,35.056046,NaN,NaN
Bellatrix_368,2016-07-06T02:28:22Z,7.994661236275863,88.0218241794749,410.49472,NaN,11.097791,NaN,35.05785,NaN,NaN
Bellatrix_368,2016-07-06T02:28:27Z,7.99467157122314,88.02182417274415,409.94113,NaN,11.101846,NaN,35.060112,NaN,NaN
Bellatrix_368,2016-07-06T02:28:33Z,7.994682954021867,88.02182288384851,409.29694,NaN,11.108148,NaN,35.066456,NaN,NaN
Bellatrix_368,2016-07-06T02:28:38Z,7.994691950074471,88.02182110440985,408.67288,NaN,11.119703,NaN,35.067947,NaN,NaN
Bellatrix_368,2016-07-06T02:28:43Z,7.9947010002519185,88.02181837053138,408.12936,NaN,11.126868,NaN,35.06599,NaN,NaN
Bellatrix_368,2016-07-06T02:28:48Z,7.9947075504858525,88.02181581131786,407.58585,NaN,11.128462,NaN,35.067696,NaN,NaN
Bellatrix_368,2016-07-06T02:28:54Z,7.994715432312405,88.0218115195079,406.86115,NaN,11.133639,NaN,35.070026,NaN,NaN
Bellatrix_368,2016-07-06T02:29:01Z,7.994722211015792,88.02180664836209,406.14648,NaN,11.137934,NaN,35.070198,NaN,NaN
Bellatrix_368,2016-07-06T02:29:06Z,7.994726496724939,88.02180277724449,405.63315,NaN,11.141106,NaN,35.069393,NaN,NaN
Bellatrix_368,2016-07-06T02:29:11Z,7.994729873120208,88.02179894647871,405.0393,NaN,11.141446,NaN,35.07022,NaN,NaN
Bellatrix_368,2016-07-06T02:29:16Z,7.994732569425403,88.0217948320205,404.47565,NaN,11.144341,NaN,35.074905,NaN,NaN
Bellatrix_368,2016-07-06T02:29:21Z,7.994734002943384,88.02179177166063,403.86166,NaN,11.150846,NaN,35.077522,NaN,NaN
Bellatrix_368,2016-07-06T02:29:26Z,7.994734636446833,88.02178841788125,403.30807,NaN,11.163141,NaN,35.07547,NaN,NaN
Bellatrix_368,2016-07-06T02:29:31Z,7.994734552565053,88.02178602828285,402.68402,NaN,11.166647,NaN,35.0766,NaN,NaN
Bellatrix_368,2016-07-06T02:29:36Z,7.994733725425955,88.02178395250466,402.10022,NaN,11.168057,NaN,35.076103,NaN,NaN
Bellatrix_368,2016-07-06T02:29:41Z,7.9947320098274055,88.02178241534317,401.4963,NaN,11.173043,NaN,35.073936,NaN,NaN
Bellatrix_368,2016-07-06T02:29:46Z,7.994730192950285,88.02178174619698,401.13394,NaN,11.171645,NaN,35.07405,NaN,NaN
Bellatrix_368,2016-07-06T02:29:51Z,7.994727640524153,88.02178174069803,400.46964,NaN,11.176735,NaN,35.07739,NaN,NaN
Bellatrix_368,2016-07-06T02:29:56Z,7.994724298041229,88.0217827573084,399.84558,NaN,11.18219,NaN,35.080086,NaN,NaN
Bellatrix_368,2016-07-06T02:30:01Z,7.99472141236671,88.02178425417206,399.49332,NaN,11.188511,NaN,35.076977,NaN,NaN
Bellatrix_368,2016-07-06T02:30:06Z,7.994717949794248,88.02178690751867,398.82898,NaN,11.192787,NaN,35.07444,NaN,NaN
Bellatrix_368,2016-07-06T02:30:11Z,7.9947144169390665,88.02179047017943,398.3056,NaN,11.192392,NaN,35.072838,NaN,NaN
Bellatrix_368,2016-07-06T02:30:16Z,7.9947105266717235,88.02179558494079,397.6614,NaN,11.200948,NaN,35.07004,NaN,NaN
Bellatrix_368,2016-07-06T02:30:21Z,7.9947075841887045,88.02180044902401,397.15814,NaN,11.200462,NaN,35.070778,NaN,NaN
Bellatrix_368,2016-07-06T02:30:26Z,7.994704522146102,88.02180680339183,396.63474,NaN,11.201048,NaN,35.07363,NaN,NaN
Bellatrix_368,2016-07-06T02:30:31Z,7.994701851075064,88.02181406685206,396.16168,NaN,11.204688,NaN,35.076294,NaN,NaN
Bellatrix_368,2016-07-06T02:30:36Z,7.994699692791389,88.02182214629944,395.4571,NaN,11.209932,NaN,35.076614,NaN,NaN
Bellatrix_368,2016-07-06T02:30:41Z,7.9946980314275,88.02183209783531,394.8834,NaN,11.215639,NaN,35.076565,NaN,NaN
Bellatrix_368,2016-07-06T02:30:46Z,7.9946972284338536,88.02184048264544,394.42038,NaN,11.219506,NaN,35.077267,NaN,NaN
Bellatrix_368,2016-07-06T02:30:51Z,7.994697035593786,88.02185049605319,393.9272,NaN,11.217094,NaN,35.07905,NaN,NaN
Bellatrix_368,2016-07-06T02:30:56Z,7.994697805583484,88.02186224133506,393.36353,NaN,11.221026,NaN,35.08201,NaN,NaN
Bellatrix_368,2016-07-06T02:31:01Z,7.994699074432672,88.02187180856986,392.669,NaN,11.221913,NaN,35.082447,NaN,NaN
Bellatrix_368,2016-07-06T02:31:06Z,7.9947013821259,88.02188285600349,392.22614,NaN,11.230165,NaN,35.08172,NaN,NaN
Bellatrix_368,2016-07-06T02:31:11Z,7.994704589505807,88.02189405271533,391.66248,NaN,11.233864,NaN,35.083477,NaN,NaN
Bellatrix_368,2016-07-06T02:31:16Z,7.994709231134214,88.02190656909325,390.9881,NaN,11.241903,NaN,35.085293,NaN,NaN
Bellatrix_368,2016-07-06T02:31:21Z,7.994713510596503,88.02191643765329,390.50494,NaN,11.247142,NaN,35.0848,NaN,NaN
Bellatrix_368,2016-07-06T02:31:26Z,7.994719933843346,88.02192870627847,390.04196,NaN,11.253438,NaN,35.086098,NaN,NaN
Bellatrix_368,2016-07-06T02:31:31Z,7.994725619469128,88.02193825477461,389.56888,NaN,11.258292,NaN,35.09375,NaN,NaN
Bellatrix_368,2016-07-06T02:31:36Z,7.994732800924589,88.02194870701268,388.86432,NaN,11.265984,NaN,35.09533,NaN,NaN
Bellatrix_368,2016-07-06T02:31:41Z,7.994741078177173,88.02195909225694,388.35098,NaN,11.274435,NaN,35.09057,NaN,NaN
Bellatrix_368,2016-07-06T02:31:47Z,7.994750834466104,88.02196969750464,387.85776,NaN,11.27809,NaN,35.090034,NaN,NaN
Bellatrix_368,2016-07-06T02:31:51Z,7.9947589834183335,88.0219775748604,387.34445,NaN,11.277497,NaN,35.09101,NaN,NaN
Bellatrix_368,2016-07-06T02:31:57Z,7.994769942141871,88.02198668715216,386.6298,NaN,11.281822,NaN,35.089893,NaN,NaN
Bellatrix_368,2016-07-06T02:32:03Z,7.994782793050263,88.02199535545608,386.0158,NaN,11.285202,NaN,35.088894,NaN,NaN
Bellatrix_368,2016-07-06T02:32:10Z,7.994798939539974,88.02200436844684,385.27097,NaN,11.290962,NaN,35.087997,NaN,NaN
Bellatrix_368,2016-07-06T02:32:16Z,7.994811444318348,88.02201003056187,384.65698,NaN,11.294776,NaN,35.088284,NaN,NaN
Bellatrix_368,2016-07-06T02:32:21Z,7.994822684281685,88.02201416838612,384.03293,NaN,11.303119,NaN,35.089123,NaN,NaN
Bellatrix_368,2016-07-06T02:32:26Z,7.994833937337704,88.02201738393384,383.56995,NaN,11.303142,NaN,35.089085,NaN,NaN
Bellatrix_368,2016-07-06T02:32:31Z,7.9948450852307715,88.0220196418831,383.10693,NaN,11.312146,NaN,35.086643,NaN,NaN
Bellatrix_368,2016-07-06T02:32:35Z,7.994854756439215,88.02202089588882,382.6238,NaN,11.312933,NaN,35.085686,NaN,NaN
Bellatrix_368,2016-07-06T02:32:40Z,7.99486537105106,88.02202143231165,382.1205,NaN,11.3188095,NaN,35.084274,NaN,NaN
Bellatrix_368,2016-07-06T02:32:46Z,7.994876641464408,88.0220209662532,381.53674,NaN,11.322803,NaN,35.083202,NaN,NaN
Bellatrix_368,2016-07-06T02:32:51Z,7.994886162533397,88.02201977245633,381.04355,NaN,11.32524,NaN,35.086807,NaN,NaN
Bellatrix_368,2016-07-06T02:32:55Z,7.994894081812248,88.02201819182245,380.60065,NaN,11.323969,NaN,35.08834,NaN,NaN
Bellatrix_368,2016-07-06T02:33:01Z,7.994903053106916,88.02201542395856,379.91623,NaN,11.335387,NaN,35.087437,NaN,NaN
Bellatrix_368,2016-07-06T02:33:05Z,7.994909472402289,88.02201282386598,379.4633,NaN,11.335996,NaN,35.088173,NaN,NaN
Bellatrix_368,2016-07-06T02:33:11Z,7.994916620601709,88.0220091289528,378.96002,NaN,11.350742,NaN,35.089897,NaN,NaN
Bellatrix_368,2016-07-06T02:33:15Z,7.994921601025348,88.02200599806638,378.36615,NaN,11.349157,NaN,35.095596,NaN,NaN
Bellatrix_368,2016-07-06T02:33:21Z,7.994926776906504,88.0220018548374,377.8327,NaN,11.361089,NaN,35.0944,NaN,NaN
Bellatrix_368,2016-07-06T02:33:26Z,7.994930522578569,88.0219981116156,377.26904,NaN,11.367371,NaN,35.091835,NaN,NaN
Bellatrix_368,2016-07-06T02:33:31Z,7.994933350488277,88.0219944595617,376.84628,NaN,11.366702,NaN,35.092255,NaN,NaN
Bellatrix_368,2016-07-06T02:33:35Z,7.9949351510508935,88.02199137905582,376.42355,NaN,11.372236,NaN,35.091393,NaN,NaN
Bellatrix_368,2016-07-06T02:33:41Z,7.994936377359768,88.02198785972988,375.77936,NaN,11.371403,NaN,35.09185,NaN,NaN
Bellatrix_368,2016-07-06T02:33:46Z,7.994936679529671,88.02198510456053,375.25598,NaN,11.373056,NaN,35.090816,NaN,NaN
Bellatrix_368,2016-07-06T02:33:51Z,7.994936206881717,88.02198286053766,374.83322,NaN,11.3736105,NaN,35.09,NaN,NaN
Bellatrix_368,2016-07-06T02:33:55Z,7.994935255234577,88.02198132145575,374.36014,NaN,11.377674,NaN,35.08914,NaN,NaN
Bellatrix_368,2016-07-06T02:34:01Z,7.994933246071198,88.02198024008561,373.72604,NaN,11.379841,NaN,35.088387,NaN,NaN
Bellatrix_368,2016-07-06T02:34:05Z,7.994931258146656,88.0219799284062,373.2731,NaN,11.380154,NaN,35.088753,NaN,NaN
Bellatrix_368,2016-07-06T02:34:11Z,7.994928206237894,88.0219805043374,372.73962,NaN,11.3816395,NaN,35.090527,NaN,NaN
Bellatrix_368,2016-07-06T02:34:15Z,7.994925529649332,88.0219815962416,372.21625,NaN,11.390473,NaN,35.09049,NaN,NaN
Bellatrix_368,2016-07-06T02:34:21Z,7.994921848971418,88.02198413171978,371.71298,NaN,11.396174,NaN,35.086395,NaN,NaN
Bellatrix_368,2016-07-06T02:34:26Z,7.9949184354426555,88.0219873390228,371.2097,NaN,11.397617,NaN,35.08672,NaN,NaN
Bellatrix_368,2016-07-06T02:34:31Z,7.994915023490345,88.02199153935635,370.7467,NaN,11.404644,NaN,35.08778,NaN,NaN
Bellatrix_368,2016-07-06T02:34:35Z,7.994912088019037,88.02199596463542,370.24344,NaN,11.409409,NaN,35.09025,NaN,NaN
Bellatrix_368,2016-07-06T02:34:41Z,7.994908647687602,88.02200271660159,369.6093,NaN,11.410826,NaN,35.098675,NaN,NaN
Bellatrix_368,2016-07-06T02:34:46Z,7.9949058779350715,88.02200961321932,369.19662,NaN,11.424652,NaN,35.102562,NaN,NaN
Bellatrix_368,2016-07-06T02:34:51Z,7.994903370375334,88.02201799002134,368.6531,NaN,11.441559,NaN,35.10241,NaN,NaN
Bellatrix_368,2016-07-06T02:34:57Z,7.994901440588851,88.02202765418882,368.1096,NaN,11.455763,NaN,35.09804,NaN,NaN
Bellatrix_368,2016-07-06T02:35:02Z,7.9949003324248675,88.02203689041453,367.45532,NaN,11.454402,NaN,35.09896,NaN,NaN
Bellatrix_368,2016-07-06T02:35:07Z,7.9948999378790955,88.02204670290506,366.9923,NaN,11.449853,NaN,35.099663,NaN,NaN
Bellatrix_368,2016-07-06T02:35:14Z,7.994900969741799,88.02206102885212,366.35822,NaN,11.461062,NaN,35.094933,NaN,NaN
Bellatrix_368,2016-07-06T02:35:21Z,7.9949037355188635,88.02207707999858,365.55298,NaN,11.458723,NaN,35.09378,NaN,NaN
Bellatrix_368,2016-07-06T02:35:27Z,7.994906869148162,88.0220895270484,364.95914,NaN,11.466009,NaN,35.091408,NaN,NaN
Bellatrix_368,2016-07-06T02:35:32Z,7.9949104866552645,88.02210068520368,364.4659,NaN,11.464969,NaN,35.092625,NaN,NaN
Bellatrix_368,2016-07-06T02:35:37Z,7.9949149258261185,88.02211183505453,363.93246,NaN,11.468041,NaN,35.09757,NaN,NaN
Bellatrix_368,2016-07-06T02:35:41Z,7.99491947272924,88.02212162199153,363.38895,NaN,11.4754,NaN,35.09926,NaN,NaN
Bellatrix_368,2016-07-06T02:35:47Z,7.994926309403653,88.02213366854212,362.88565,NaN,11.488358,NaN,35.098835,NaN,NaN
Bellatrix_368,2016-07-06T02:35:52Z,7.99493313880061,88.02214418309146,362.33206,NaN,11.492566,NaN,35.09885,NaN,NaN
Bellatrix_368,2016-07-06T02:35:57Z,7.994940741095324,88.02215425215385,361.7684,NaN,11.491524,NaN,35.102,NaN,NaN
Bellatrix_368,2016-07-06T02:36:01Z,7.994948016463126,88.02216278403581,361.34567,NaN,11.49012,NaN,35.10271,NaN,NaN
Bellatrix_368,2016-07-06T02:36:07Z,7.99495796796943,88.0221728171889,360.70148,NaN,11.502905,NaN,35.09712,NaN,NaN
Bellatrix_368,2016-07-06T02:36:12Z,7.994967473418658,88.02218117673742,360.1781,NaN,11.508642,NaN,35.092472,NaN,NaN
Bellatrix_368,2016-07-06T02:36:16Z,7.994976185316165,88.02218801040965,359.78555,NaN,11.511792,NaN,35.09139,NaN,NaN
Bellatrix_368,2016-07-06T02:36:22Z,7.994987882708158,88.02219580158793,359.17157,NaN,11.511207,NaN,35.092606,NaN,NaN
Bellatrix_368,2016-07-06T02:36:27Z,7.994998638953964,88.02220191160497,358.62802,NaN,11.511924,NaN,35.09509,NaN,NaN
Bellatrix_368,2016-07-06T02:36:32Z,7.995009652232225,88.02220715109036,358.165,NaN,11.517419,NaN,35.09245,NaN,NaN
Bellatrix_368,2016-07-06T02:36:37Z,7.995020809539556,88.0222115155813,357.60135,NaN,11.525818,NaN,35.089783,NaN,NaN
Bellatrix_368,2016-07-06T02:36:41Z,7.995030709777725,88.0222146585181,357.07797,NaN,11.521102,NaN,35.090786,NaN,NaN
Bellatrix_368,2016-07-06T02:36:46Z,7.9950418355029695,88.02221726347778,356.61496,NaN,11.528112,NaN,35.091595,NaN,NaN
Bellatrix_368,2016-07-06T02:36:52Z,7.995053978843433,88.02221900726015,355.98083,NaN,11.528565,NaN,35.094048,NaN,NaN
Bellatrix_368,2016-07-06T02:36:56Z,7.995063318718674,88.02221968854673,355.54803,NaN,11.542714,NaN,35.09411,NaN,NaN
Bellatrix_368,2016-07-06T02:37:02Z,7.995074497700454,88.02221943987061,354.93405,NaN,11.545733,NaN,35.092716,NaN,NaN
Bellatrix_368,2016-07-06T02:37:07Z,7.99508394604003,88.02221847657005,354.40057,NaN,11.554223,NaN,35.088478,NaN,NaN
Bellatrix_368,2016-07-06T02:37:12Z,7.99509266307314,88.02221675626795,353.9577,NaN,11.555344,NaN,35.091244,NaN,NaN
Bellatrix_368,2016-07-06T02:37:16Z,7.995099774077851,88.02221478201929,353.43433,NaN,11.559212,NaN,35.09895,NaN,NaN
Bellatrix_368,2016-07-06T02:37:22Z,7.9951078936331035,88.02221165164607,352.81027,NaN,11.566296,NaN,35.10232,NaN,NaN
Bellatrix_368,2016-07-06T02:37:27Z,7.995114328646213,88.02220848269778,352.35733,NaN,11.579346,NaN,35.10451,NaN,NaN
Bellatrix_368,2016-07-06T02:37:32Z,7.995119977329549,88.02220504831321,351.7534,NaN,11.582994,NaN,35.109028,NaN,NaN
Bellatrix_368,2016-07-06T02:37:37Z,7.995124682007921,88.0222014389801,351.30045,NaN,11.597554,NaN,35.110188,NaN,NaN
Bellatrix_368,2016-07-06T02:37:41Z,7.995128097389784,88.0221982157888,350.78714,NaN,11.606347,NaN,35.108067,NaN,NaN
Bellatrix_368,2016-07-06T02:37:47Z,7.995131371058426,88.02219424375116,350.1631,NaN,11.62132,NaN,35.10783,NaN,NaN
Bellatrix_368,2016-07-06T02:37:52Z,7.995133374039381,88.02219089082861,349.74033,NaN,11.61753,NaN,35.11237,NaN,NaN
Bellatrix_368,2016-07-06T02:37:57Z,7.995134516951678,88.02218784963704,349.2572,NaN,11.633449,NaN,35.10947,NaN,NaN
Bellatrix_368,2016-07-06T02:38:02Z,7.9951348151623325,88.02218486987762,348.66333,NaN,11.643269,NaN,35.106384,NaN,NaN
Bellatrix_368,2016-07-06T02:38:08Z,7.99513417712774,88.02218258770982,347.8883,NaN,11.64922,NaN,35.10221,NaN,NaN
Bellatrix_368,2016-07-06T02:38:12Z,7.995133158289634,88.02218124266149,347.5159,NaN,11.659917,NaN,35.09901,NaN,NaN
Bellatrix_368,2016-07-06T02:38:17Z,7.995131418088269,88.0221803561574,347.0227,NaN,11.656504,NaN,35.097782,NaN,NaN
Bellatrix_368,2016-07-06T02:38:24Z,7.995128137228366,88.02218054834162,346.27786,NaN,11.66153,NaN,35.094944,NaN,NaN
Bellatrix_368,2016-07-06T02:38:31Z,7.9951243644169985,88.02218195150618,345.6236,NaN,11.659464,NaN,35.09428,NaN,NaN
Bellatrix_368,2016-07-06T02:38:36Z,7.995120764452556,88.02218424672674,345.14047,NaN,11.663175,NaN,35.091373,NaN,NaN
Bellatrix_368,2016-07-06T02:38:41Z,7.995117793384023,88.02218677692822,344.65735,NaN,11.66576,NaN,35.09055,NaN,NaN
Bellatrix_368,2016-07-06T02:38:46Z,7.995114355160519,88.02219054380602,344.06348,NaN,11.66234,NaN,35.092583,NaN,NaN
Bellatrix_368,2016-07-06T02:38:51Z,7.9951109639954945,88.02219521763558,343.58035,NaN,11.666486,NaN,35.098396,NaN,NaN
Bellatrix_368,2016-07-06T02:38:56Z,7.995107397738227,88.02220161290145,343.08716,NaN,11.690614,NaN,35.104343,NaN,NaN
Bellatrix_368,2016-07-06T02:39:01Z,7.995104784690003,88.02220732502187,342.604,NaN,11.696525,NaN,35.105957,NaN,NaN
Bellatrix_368,2016-07-06T02:39:06Z,7.9951022153672735,88.02221456975353,342.10074,NaN,11.703858,NaN,35.109093,NaN,NaN
Bellatrix_368,2016-07-06T02:39:11Z,7.995100007549924,88.02222362423397,341.4666,NaN,11.700639,NaN,35.113567,NaN,NaN
Bellatrix_368,2016-07-06T02:39:16Z,7.9950987295252745,88.0222313370588,341.04388,NaN,11.708363,NaN,35.116947,NaN,NaN
Bellatrix_368,2016-07-06T02:39:21Z,7.99509794842917,88.02224063627588,340.56073,NaN,11.710259,NaN,35.11972,NaN,NaN
Bellatrix_368,2016-07-06T02:39:26Z,7.995097899216659,88.02225045974407,340.06754,NaN,11.723255,NaN,35.11736,NaN,NaN
Bellatrix_368,2016-07-06T02:39:31Z,7.9950988074898035,88.0222619354101,339.42337,NaN,11.728462,NaN,35.117695,NaN,NaN
Bellatrix_368,2016-07-06T02:39:36Z,7.995100154901567,88.02227127909507,339.08115,NaN,11.730925,NaN,35.119125,NaN,NaN
Bellatrix_368,2016-07-06T02:39:41Z,7.9951028890498055,88.02228334958288,338.46716,NaN,11.747909,NaN,35.11949,NaN,NaN
Bellatrix_368,2016-07-06T02:39:46Z,7.995105689168249,88.02229302320032,337.99408,NaN,11.752051,NaN,35.121456,NaN,NaN
Bellatrix_368,2016-07-06T02:39:51Z,7.99510972333261,88.02230399582555,337.5814,NaN,11.763637,NaN,35.120796,NaN,NaN
Bellatrix_368,2016-07-06T02:39:56Z,7.995115232333001,88.02231618517943,337.04794,NaN,11.772019,NaN,35.121086,NaN,NaN
Bellatrix_368,2016-07-06T02:40:01Z,7.995120183200613,88.02232573013355,336.44403,NaN,11.768596,NaN,35.121815,NaN,NaN
Bellatrix_368,2016-07-06T02:40:06Z,7.995126582048649,88.02233629693919,336.14206,NaN,11.781009,NaN,35.118183,NaN,NaN
Bellatrix_368,2016-07-06T02:40:11Z,7.995134670700327,88.02234766349017,335.54822,NaN,11.788372,NaN,35.116535,NaN,NaN
Bellatrix_368,2016-07-06T02:40:16Z,7.9951416535951125,88.02235632656657,335.17578,NaN,11.795109,NaN,35.115646,NaN,NaN
Bellatrix_368,2016-07-06T02:40:21Z,7.9951501934662,88.0223656351672,334.6222,NaN,11.803303,NaN,35.114494,NaN,NaN
Bellatrix_368,2016-07-06T02:40:26Z,7.995159322650795,88.02237438945531,334.27997,NaN,11.802763,NaN,35.11715,NaN,NaN
Bellatrix_368,2016-07-06T02:40:31Z,7.995170192170754,88.02238336533517,333.5754,NaN,11.799429,NaN,35.124615,NaN,NaN
Bellatrix_368,2016-07-06T02:40:36Z,7.995179147125592,88.02238993560924,333.1929,NaN,11.809076,NaN,35.124065,NaN,NaN
Bellatrix_368,2016-07-06T02:40:41Z,7.995189657600106,88.02239659157604,332.7601,NaN,11.824151,NaN,35.11644,NaN,NaN
Bellatrix_368,2016-07-06T02:40:46Z,7.99520047169935,88.02240239997978,332.28705,NaN,11.833541,NaN,35.111576,NaN,NaN
Bellatrix_368,2016-07-06T02:40:51Z,7.9952114687831175,88.02240735136155,331.75357,NaN,11.833797,NaN,35.110294,NaN,NaN
Bellatrix_368,2016-07-06T02:40:56Z,7.99522382705973,88.02241177383148,331.22012,NaN,11.835244,NaN,35.108997,NaN,NaN
Bellatrix_368,2016-07-06T02:41:01Z,7.995233601747323,88.02241456310472,330.76718,NaN,11.84025,NaN,35.10562,NaN,NaN
Bellatrix_368,2016-07-06T02:41:06Z,7.995244517662428,88.02241682632044,330.30417,NaN,11.843165,NaN,35.105705,NaN,NaN
Bellatrix_368,2016-07-06T02:41:11Z,7.995256040749649,88.02241820244978,329.70026,NaN,11.833117,NaN,35.110134,NaN,NaN
Bellatrix_368,2016-07-06T02:41:17Z,7.995267471522168,88.02241851324516,329.31775,NaN,11.837452,NaN,35.11493,NaN,NaN
Bellatrix_368,2016-07-06T02:41:21Z,7.995276023189642,88.0224181061604,328.70377,NaN,11.844644,NaN,35.118668,NaN,NaN
Bellatrix_368,2016-07-06T02:41:27Z,7.995286109717161,88.02241662804366,328.27097,NaN,11.867197,NaN,35.119698,NaN,NaN
Bellatrix_368,2016-07-06T02:41:33Z,7.995296309492245,88.02241375846582,327.68716,NaN,11.872422,NaN,35.122494,NaN,NaN
Bellatrix_368,2016-07-06T02:41:39Z,7.995303936251338,88.022410612255,327.1034,NaN,11.907581,NaN,35.11267,NaN,NaN
Bellatrix_368,2016-07-06T02:41:44Z,7.995311020867126,88.02240658931386,326.55984,NaN,11.922388,NaN,35.103992,NaN,NaN
Bellatrix_368,2016-07-06T02:41:53Z,7.995319107697995,88.02239937738686,325.7043,NaN,11.920833,NaN,35.106182,NaN,NaN
Bellatrix_368,2016-07-06T02:41:58Z,7.995322681542308,88.02239520280568,325.31177,NaN,11.924624,NaN,35.106304,NaN,NaN
Bellatrix_368,2016-07-06T02:42:04Z,7.9953254458237835,88.02239065796232,324.66757,NaN,11.929445,NaN,35.10684,NaN,NaN
Bellatrix_368,2016-07-06T02:42:09Z,7.995326920696926,88.0223868121159,324.26495,NaN,11.933439,NaN,35.104507,NaN,NaN
Bellatrix_368,2016-07-06T02:42:13Z,7.995327492746171,88.02238367991598,323.91266,NaN,11.949193,NaN,35.10103,NaN,NaN
Bellatrix_368,2016-07-06T02:42:19Z,7.995327050051172,88.02238034984904,323.35907,NaN,11.946992,NaN,35.107338,NaN,NaN
Bellatrix_368,2016-07-06T02:42:23Z,7.995326154742053,88.022378063645,322.92627,NaN,11.954116,NaN,35.110077,NaN,NaN
Bellatrix_368,2016-07-06T02:42:28Z,7.995324382000304,88.0223761166801,322.4532,NaN,11.963273,NaN,35.10748,NaN,NaN
Bellatrix_368,2016-07-06T02:42:34Z,7.9953216032805035,88.02237480561429,321.8795,NaN,11.980321,NaN,35.105972,NaN,NaN
Bellatrix_368,2016-07-06T02:42:39Z,7.995318553835006,88.02237442755333,321.47687,NaN,11.990219,NaN,35.109825,NaN,NaN
Bellatrix_368,2016-07-06T02:42:44Z,7.995315054134336,88.02237490093246,321.00378,NaN,11.988878,NaN,35.118504,NaN,NaN
Bellatrix_368,2016-07-06T02:42:49Z,7.99531121081406,88.02237629372871,320.50052,NaN,11.998596,NaN,35.11937,NaN,NaN
Bellatrix_368,2016-07-06T02:42:53Z,7.995307616323378,88.02237833741111,320.19858,NaN,12.013406,NaN,35.117443,NaN,NaN
Bellatrix_368,2016-07-06T02:42:58Z,7.995303465286231,88.02238163872384,319.59464,NaN,12.019609,NaN,35.117508,NaN,NaN
Bellatrix_368,2016-07-06T02:43:04Z,7.995298866905222,88.02238662440887,319.09137,NaN,12.029426,NaN,35.116016,NaN,NaN
Bellatrix_368,2016-07-06T02:43:09Z,7.995294915719381,88.02239214613815,318.63843,NaN,12.041555,NaN,35.111313,NaN,NaN
Bellatrix_368,2016-07-06T02:43:13Z,7.995291662793078,88.02239784086323,318.24588,NaN,12.041777,NaN,35.115463,NaN,NaN
Bellatrix_368,2016-07-06T02:43:19Z,7.995288056386543,88.02240615830478,317.6118,NaN,12.042496,NaN,35.118595,NaN,NaN
Bellatrix_368,2016-07-06T02:43:24Z,7.995285352433552,88.02241452490462,317.1387,NaN,12.0530205,NaN,35.11958,NaN,NaN
Bellatrix_368,2016-07-06T02:43:28Z,7.995283451750604,88.02242249656582,316.74615,NaN,12.055793,NaN,35.123528,NaN,NaN
Bellatrix_368,2016-07-06T02:43:34Z,7.995281960783233,88.02243360962657,316.07178,NaN,12.073545,NaN,35.12069,NaN,NaN
Bellatrix_368,2016-07-06T02:43:39Z,7.995281414523857,88.02244410082973,315.64902,NaN,12.089909,NaN,35.115902,NaN,NaN
Bellatrix_368,2016-07-06T02:43:44Z,7.9952817058321495,88.0224550719821,315.14575,NaN,12.087138,NaN,35.121773,NaN,NaN
Bellatrix_368,2016-07-06T02:43:49Z,7.995282888217603,88.02246640193418,314.6727,NaN,12.092993,NaN,35.121346,NaN,NaN
Bellatrix_368,2016-07-06T02:43:53Z,7.995284683939521,88.02247662494197,314.12915,NaN,12.106305,NaN,35.119358,NaN,NaN
Bellatrix_368,2016-07-06T02:43:58Z,7.995287687546366,88.02248830659575,313.797,NaN,12.106928,NaN,35.12231,NaN,NaN
Bellatrix_368,2016-07-06T02:44:04Z,7.995291983576112,88.02250070037488,313.2434,NaN,12.115945,NaN,35.120827,NaN,NaN
Bellatrix_368,2016-07-06T02:44:09Z,7.9952977609089215,88.02251368800442,312.65964,NaN,12.130472,NaN,35.114803,NaN,NaN
Bellatrix_368,2016-07-06T02:44:14Z,7.995303025330139,88.02252371398305,312.2671,NaN,12.132518,NaN,35.114113,NaN,NaN
Bellatrix_368,2016-07-06T02:44:19Z,7.995310704848322,88.02253603740203,311.58264,NaN,12.145116,NaN,35.108364,NaN,NaN
Bellatrix_368,2016-07-06T02:44:24Z,7.9953174638760895,88.02254547762112,311.13977,NaN,12.16145,NaN,35.099,NaN,NaN
Bellatrix_368,2016-07-06T02:44:29Z,7.995325858550037,88.02255568037602,310.8076,NaN,12.169371,NaN,35.092953,NaN,NaN
Bellatrix_368,2016-07-06T02:44:34Z,7.995335025491163,88.02256530867734,310.27414,NaN,12.170195,NaN,35.092148,NaN,NaN
Bellatrix_368,2016-07-06T02:44:39Z,7.995344789980942,88.02257436376425,309.79102,NaN,12.169163,NaN,35.092617,NaN,NaN
Bellatrix_368,2016-07-06T02:44:44Z,7.995356434800767,88.02258354298027,309.11664,NaN,12.170949,NaN,35.0883,NaN,NaN
Bellatrix_368,2016-07-06T02:44:49Z,7.995366047973816,88.0225901723081,308.71402,NaN,12.179393,NaN,35.08345,NaN,NaN
Bellatrix_368,2016-07-06T02:44:55Z,7.995381354121184,88.02259827092058,307.98932,NaN,12.179171,NaN,35.084175,NaN,NaN
Bellatrix_368,2016-07-06T02:45:03Z,7.99539886258843,88.02260565308666,307.25455,NaN,12.1614065,NaN,35.105698,NaN,NaN
Bellatrix_368,2016-07-06T02:45:08Z,7.995412218972608,88.02261002504368,306.72107,NaN,12.171236,NaN,35.113308,NaN,NaN
Bellatrix_368,2016-07-06T02:45:13Z,7.995424034252421,88.02261287576674,306.14734,NaN,12.182107,NaN,35.112812,NaN,NaN
Bellatrix_368,2016-07-06T02:45:19Z,7.995436009646454,88.02261462480996,305.65414,NaN,12.19552,NaN,35.108063,NaN,NaN
Bellatrix_368,2016-07-06T02:45:23Z,7.995446772368955,88.02261527412072,305.17102,NaN,12.208885,NaN,35.108067,NaN,NaN
Bellatrix_368,2016-07-06T02:45:28Z,7.995457415620574,88.02261497453912,304.62747,NaN,12.211172,NaN,35.10995,NaN,NaN
Bellatrix_368,2016-07-06T02:45:33Z,7.99546688262142,88.0226139327929,304.11417,NaN,12.222523,NaN,35.107056,NaN,NaN
Bellatrix_368,2016-07-06T02:45:39Z,7.995477290232393,88.02261170002124,303.65115,NaN,12.22543,NaN,35.106243,NaN,NaN
Bellatrix_368,2016-07-06T02:45:44Z,7.995485792702677,88.02260908109864,303.01703,NaN,12.23177,NaN,35.102306,NaN,NaN
Bellatrix_368,2016-07-06T02:45:49Z,7.995493396126176,88.02260588744443,302.57416,NaN,12.244777,NaN,35.098183,NaN,NaN
Bellatrix_368,2016-07-06T02:45:54Z,7.995500084941402,88.02260226369977,302.05075,NaN,12.2404785,NaN,35.100895,NaN,NaN
Bellatrix_368,2016-07-06T02:45:58Z,7.995505223582573,88.0225987998691,301.56763,NaN,12.25335,NaN,35.10247,NaN,NaN
Bellatrix_368,2016-07-06T02:46:04Z,7.995510488408847,88.02259420430282,301.06436,NaN,12.254224,NaN,35.113716,NaN,NaN
Bellatrix_368,2016-07-06T02:46:08Z,7.995513894150783,88.02259054115824,300.60135,NaN,12.265803,NaN,35.11454,NaN,NaN
Bellatrix_368,2016-07-06T02:46:14Z,7.995516991658658,88.02258595992592,299.9773,NaN,12.290726,NaN,35.11208,NaN,NaN
Bellatrix_368,2016-07-06T02:46:19Z,7.995518743997386,88.02258214679442,299.5445,NaN,12.30417,NaN,35.116238,NaN,NaN
Bellatrix_368,2016-07-06T02:46:24Z,7.995519625101212,88.02257859093697,299.0714,NaN,12.313766,NaN,35.11871,NaN,NaN
Bellatrix_368,2016-07-06T02:46:29Z,7.995519646174859,88.0225754973001,298.50775,NaN,12.327708,NaN,35.120777,NaN,NaN
Bellatrix_368,2016-07-06T02:46:34Z,7.995518858800402,88.02257293582922,298.0548,NaN,12.322763,NaN,35.12951,NaN,NaN
Bellatrix_368,2016-07-06T02:46:39Z,7.995517332727491,88.0225710030763,297.50122,NaN,12.351262,NaN,35.130424,NaN,NaN
Bellatrix_368,2016-07-06T02:46:44Z,7.995515160078915,88.0225698124702,297.04828,NaN,12.361367,NaN,35.1277,NaN,NaN
Bellatrix_368,2016-07-06T02:46:49Z,7.99551243486507,88.02256942070579,296.61548,NaN,12.370839,NaN,35.125267,NaN,NaN
Bellatrix_368,2016-07-06T02:46:54Z,7.995509244635905,88.02256994358144,296.04175,NaN,12.387221,NaN,35.118137,NaN,NaN
Bellatrix_368,2016-07-06T02:46:59Z,7.995505711545015,88.02257139569554,295.63913,NaN,12.397034,NaN,35.116432,NaN,NaN
Bellatrix_368,2016-07-06T02:47:04Z,7.995501975896626,88.02257383069237,295.14594,NaN,12.403647,NaN,35.116913,NaN,NaN
Bellatrix_368,2016-07-06T02:47:09Z,7.995498117211931,88.02257728106643,294.5118,NaN,12.415415,NaN,35.115837,NaN,NaN
Bellatrix_368,2016-07-06T02:47:14Z,7.995494272363984,88.0225817104402,294.14948,NaN,12.420959,NaN,35.112312,NaN,NaN
Bellatrix_368,2016-07-06T02:47:19Z,7.995490548133095,88.02258719481975,293.62607,NaN,12.432572,NaN,35.109886,NaN,NaN
Bellatrix_368,2016-07-06T02:47:24Z,7.995487113195894,88.0225936161458,293.2939,NaN,12.424569,NaN,35.113834,NaN,NaN
Bellatrix_368,2016-07-06T02:47:29Z,7.995484046606665,88.0226009760825,292.76044,NaN,12.444615,NaN,35.11163,NaN,NaN
Bellatrix_368,2016-07-06T02:47:34Z,7.99548149487377,88.02260919369314,292.26724,NaN,12.464043,NaN,35.10764,NaN,NaN
Bellatrix_368,2016-07-06T02:47:39Z,7.995479556661824,88.02261830357997,291.78412,NaN,12.478203,NaN,35.112015,NaN,NaN
Bellatrix_368,2016-07-06T02:47:45Z,7.995478280028033,88.02263015694456,291.28085,NaN,12.471821,NaN,35.11856,NaN,NaN
Bellatrix_368,2016-07-06T02:47:50Z,7.995478119990536,88.02264189729902,290.72726,NaN,12.479181,NaN,35.11908,NaN,NaN
Bellatrix_368,2016-07-06T02:47:55Z,7.9954786385657455,88.02265145757933,290.21393,NaN,12.473716,NaN,35.119743,NaN,NaN
Bellatrix_368,2016-07-06T02:48:00Z,7.9954802281699875,88.02266330403958,289.88177,NaN,12.492095,NaN,35.11671,NaN,NaN
Bellatrix_368,2016-07-06T02:48:08Z,7.995485223029351,88.02268158105906,289.13693,NaN,12.498193,NaN,35.120975,NaN,NaN
Bellatrix_368,2016-07-06T02:48:14Z,7.995491146440883,88.02269734997303,288.48267,NaN,12.5127945,NaN,35.11731,NaN,NaN
Bellatrix_368,2016-07-06T02:48:21Z,7.995499229486291,88.02271430393687,287.74792,NaN,12.523109,NaN,35.110435,NaN,NaN
Bellatrix_368,2016-07-06T02:48:28Z,7.9955111655459135,88.0227331627495,286.9427,NaN,12.522497,NaN,35.126305,NaN,NaN
Bellatrix_368,2016-07-06T02:48:34Z,7.99552330045068,88.02274841062145,286.18777,NaN,12.533449,NaN,35.124603,NaN,NaN
Bellatrix_368,2016-07-06T02:48:43Z,7.99554337088588,88.02276808870707,285.29196,NaN,12.536808,NaN,35.142494,NaN,NaN
Bellatrix_368,2016-07-06T02:48:49Z,7.9955572337765926,88.02277931828593,284.59747,NaN,12.554795,NaN,35.148525,NaN,NaN
Bellatrix_368,2016-07-06T02:48:54Z,7.99557033129706,88.02278822709219,284.0338,NaN,12.561778,NaN,35.15022,NaN,NaN
Bellatrix_368,2016-07-06T02:48:59Z,7.995585713193684,88.02279662195693,283.32922,NaN,12.561716,NaN,35.157604,NaN,NaN
Bellatrix_368,2016-07-06T02:49:04Z,7.995598851360252,88.02280245765569,282.73538,NaN,12.576402,NaN,35.156414,NaN,NaN
Bellatrix_368,2016-07-06T02:49:10Z,7.995614787597343,88.02280759046916,282.15158,NaN,12.592349,NaN,35.148018,NaN,NaN
Bellatrix_368,2016-07-06T02:49:15Z,7.9956285962914695,88.02281060564276,281.58792,NaN,12.60631,NaN,35.149616,NaN,NaN
Bellatrix_368,2016-07-06T02:49:20Z,7.99564253258175,88.02281212403986,280.9538,NaN,12.624061,NaN,35.148083,NaN,NaN
Bellatrix_368,2016-07-06T02:49:25Z,7.995655902715801,88.0228121798453,280.3197,NaN,12.632721,NaN,35.149555,NaN,NaN
Bellatrix_368,2016-07-06T02:49:30Z,7.9956686664873695,88.02281089726817,279.78622,NaN,12.644334,NaN,35.145306,NaN,NaN
Bellatrix_368,2016-07-06T02:49:35Z,7.995680789464351,88.02280831594427,279.1823,NaN,12.651759,NaN,35.142307,NaN,NaN
Bellatrix_368,2016-07-06T02:49:40Z,7.9956931018234245,88.02280406498922,278.55826,NaN,12.659542,NaN,35.14428,NaN,NaN
Bellatrix_368,2016-07-06T02:49:47Z,7.995705775017274,88.02279693375651,277.74295,NaN,12.704657,NaN,35.166794,NaN,NaN
Bellatrix_368,2016-07-06T02:49:56Z,7.995717319796028,88.02278772705417,276.82703,NaN,12.73241,NaN,35.164265,NaN,NaN
Bellatrix_368,2016-07-06T02:50:01Z,7.995723115909335,88.02278184704623,276.38416,NaN,12.730637,NaN,35.164993,NaN,NaN
Bellatrix_368,2016-07-06T02:50:06Z,7.995727463095022,88.02277605593787,275.89093,NaN,12.751769,NaN,35.15418,NaN,NaN
Bellatrix_368,2016-07-06T02:50:11Z,7.995730534138428,88.02277034137516,275.45813,NaN,12.754975,NaN,35.155685,NaN,NaN
Bellatrix_368,2016-07-06T02:50:16Z,7.995732341970252,88.0227648498657,275.07565,NaN,12.765546,NaN,35.168777,NaN,NaN
Bellatrix_368,2016-07-06T02:50:21Z,7.9957329691562755,88.02275953245551,274.49185,NaN,12.79667,NaN,35.174294,NaN,NaN
Bellatrix_368,2016-07-06T02:50:26Z,7.995732446623805,88.02275480612985,273.9584,NaN,12.830304,NaN,35.180775,NaN,NaN
Bellatrix_368,2016-07-06T02:50:31Z,7.995730797391895,88.02275077457402,273.61618,NaN,12.85606,NaN,35.186005,NaN,NaN
Bellatrix_368,2016-07-06T02:50:36Z,7.995728224122778,88.0227474529455,273.07263,NaN,12.893234,NaN,35.18676,NaN,NaN
Bellatrix_368,2016-07-06T02:50:41Z,7.99572474314886,88.02274502704732,272.62976,NaN,12.930191,NaN,35.17867,NaN,NaN
Bellatrix_368,2016-07-06T02:50:46Z,7.99572056572516,88.02274361951612,272.14664,NaN,12.923143,NaN,35.19219,NaN,NaN
Bellatrix_368,2016-07-06T02:50:51Z,7.995715743470592,88.02274330431935,271.71384,NaN,12.950268,NaN,35.187084,NaN,NaN
Bellatrix_368,2016-07-06T02:50:58Z,7.99570771995371,88.02274599549555,271.08978,NaN,12.982099,NaN,35.179237,NaN,NaN
Bellatrix_368,2016-07-06T02:51:06Z,7.995698473169015,88.0227521298059,270.33487,NaN,13.014041,NaN,35.164383,NaN,NaN
Bellatrix_368,2016-07-06T02:51:12Z,7.995691167583507,88.02275937370815,269.7209,NaN,13.036599,NaN,35.15038,NaN,NaN
Bellatrix_368,2016-07-06T02:51:18Z,7.995684413930838,88.0227688612774,269.1069,NaN,13.034051,NaN,35.146954,NaN,NaN
Bellatrix_368,2016-07-06T02:51:27Z,7.995676647234184,88.02278517639128,268.27148,NaN,13.029776,NaN,35.148857,NaN,NaN
Bellatrix_368,2016-07-06T02:51:32Z,7.99567287727959,88.02279622047821,267.7783,NaN,13.031143,NaN,35.147434,NaN,NaN
Bellatrix_368,2016-07-06T02:51:38Z,7.995670086714757,88.0228095545694,267.32535,NaN,13.033972,NaN,35.146793,NaN,NaN
Bellatrix_368,2016-07-06T02:51:42Z,7.995668850331866,88.02282066609658,266.85226,NaN,13.04368,NaN,35.139122,NaN,NaN
Bellatrix_368,2016-07-06T02:51:47Z,7.995668630014216,88.022834054201,266.349,NaN,13.04137,NaN,35.134083,NaN,NaN
Bellatrix_368,2016-07-06T02:51:52Z,7.995669751100276,88.02284790756697,265.96652,NaN,13.050888,NaN,35.12788,NaN,NaN
Bellatrix_368,2016-07-06T02:51:58Z,7.995672705554956,88.02286373655703,265.24182,NaN,13.040316,NaN,35.130714,NaN,NaN
Bellatrix_368,2016-07-06T02:52:03Z,7.995676545980833,88.02287735780872,264.96,NaN,13.036899,NaN,35.128624,NaN,NaN
Bellatrix_368,2016-07-06T02:52:08Z,7.995681858596691,88.02289154909155,264.30573,NaN,13.039886,NaN,35.12085,NaN,NaN
Bellatrix_368,2016-07-06T02:52:13Z,7.995688475302354,88.02290544551069,263.7622,NaN,13.03556,NaN,35.11248,NaN,NaN
Bellatrix_368,2016-07-06T02:52:18Z,7.995696210497927,88.02291875315487,263.31934,NaN,13.011148,NaN,35.115536,NaN,NaN
Bellatrix_368,2016-07-06T02:52:23Z,7.995705208542216,88.02293154789875,262.70535,NaN,13.007754,NaN,35.10467,NaN,NaN
Bellatrix_368,2016-07-06T02:52:30Z,7.995720591416228,88.02294766581542,261.98065,NaN,13.009115,NaN,35.09045,NaN,NaN
Bellatrix_368,2016-07-06T02:52:38Z,7.9957400022554035,88.02296386061383,261.05463,NaN,12.999227,NaN,35.055202,NaN,NaN
Bellatrix_368,2016-07-06T02:52:43Z,7.99575441739488,88.02297358273505,260.47086,NaN,12.963186,NaN,35.035553,NaN,NaN
Bellatrix_368,2016-07-06T02:52:48Z,7.995766124816765,88.02298017867157,259.97763,NaN,12.936626,NaN,35.023376,NaN,NaN
Bellatrix_368,2016-07-06T02:52:53Z,7.995781558009884,88.02298676814927,259.37372,NaN,12.927365,NaN,35.026966,NaN,NaN
Bellatrix_368,2016-07-06T02:52:58Z,7.995795216882122,88.02299111365303,258.88052,NaN,12.927503,NaN,35.024166,NaN,NaN
Bellatrix_368,2016-07-06T02:53:03Z,7.995809201905462,88.02299407527914,258.3068,NaN,12.920151,NaN,35.030193,NaN,NaN
Bellatrix_368,2016-07-06T02:53:08Z,7.99582285993698,88.02299552796721,257.77332,NaN,12.932932,NaN,35.03515,NaN,NaN
Bellatrix_368,2016-07-06T02:53:13Z,7.995836116728976,88.02299556880011,257.17947,NaN,12.938134,NaN,35.045853,NaN,NaN
Bellatrix_368,2016-07-06T02:53:18Z,7.995848876098265,88.02299415596526,256.7064,NaN,12.955039,NaN,35.059227,NaN,NaN
Bellatrix_368,2016-07-06T02:53:24Z,7.995860782754047,88.02299151545748,256.10248,NaN,12.97749,NaN,35.07428,NaN,NaN
Bellatrix_368,2016-07-06T02:53:29Z,7.995871621351239,88.02298776936645,255.50864,NaN,13.013057,NaN,35.084023,NaN,NaN
Bellatrix_368,2016-07-06T02:53:34Z,7.995881298766201,88.02298306846059,255.03555,NaN,13.0491085,NaN,35.086075,NaN,NaN
Bellatrix_368,2016-07-06T02:53:41Z,7.995892158901135,88.02297419022183,254.12968,NaN,13.082339,NaN,35.08827,NaN,NaN
Bellatrix_368,2016-07-06T02:53:48Z,7.995900490038645,88.02296459610135,253.21373,NaN,13.113246,NaN,35.093483,NaN,NaN
Bellatrix_368,2016-07-06T02:53:53Z,7.995904747732834,88.0229579995856,252.7004,NaN,13.144528,NaN,35.09327,NaN,NaN
Bellatrix_368,2016-07-06T02:53:58Z,7.995907481984636,88.02295152209567,252.177,NaN,13.167634,NaN,35.098465,NaN,NaN
Bellatrix_368,2016-07-06T02:54:03Z,7.9959088740736,88.02294531279432,251.64354,NaN,13.195764,NaN,35.098648,NaN,NaN
Bellatrix_368,2016-07-06T02:54:08Z,7.995908991736259,88.02293954286603,251.06981,NaN,13.232654,NaN,35.091652,NaN,NaN
Bellatrix_368,2016-07-06T02:54:13Z,7.995907890199382,88.02293438781948,250.45583,NaN,13.251435,NaN,35.084312,NaN,NaN
Bellatrix_368,2016-07-06T02:54:18Z,7.995905635641503,88.02293002521813,249.85191,NaN,13.264502,NaN,35.09091,NaN,NaN
Bellatrix_368,2016-07-06T02:54:23Z,7.995902342762247,88.02292659866745,249.26811,NaN,13.286947,NaN,35.089455,NaN,NaN
Bellatrix_368,2016-07-06T02:54:28Z,7.995898187760793,88.0229242051325,248.93596,NaN,13.30227,NaN,35.113834,NaN,NaN
Bellatrix_368,2016-07-06T02:54:33Z,7.995893287585876,88.02292299382985,248.22133,NaN,13.336424,NaN,35.126667,NaN,NaN
Bellatrix_368,2016-07-06T02:54:38Z,7.995887806644519,88.02292305458535,247.80864,NaN,13.355758,NaN,35.125107,NaN,NaN
Bellatrix_368,2016-07-06T02:54:44Z,7.995881886192732,88.02292447899512,247.1242,NaN,13.386303,NaN,35.109753,NaN,NaN
Bellatrix_368,2016-07-06T02:54:51Z,7.995873322396502,88.02292983775467,246.44983,NaN,13.390183,NaN,35.115356,NaN,NaN
Bellatrix_368,2016-07-06T02:54:58Z,7.995864475313618,88.02293815438318,245.48355,NaN,13.427237,NaN,35.103233,NaN,NaN
Bellatrix_368,2016-07-06T02:55:04Z,7.995858357610177,88.02294617644596,244.96016,NaN,13.430709,NaN,35.10717,NaN,NaN
Bellatrix_368,2016-07-06T02:55:09Z,7.9958535913852025,88.02295455568407,244.43675,NaN,13.458292,NaN,35.09452,NaN,NaN
Bellatrix_368,2016-07-06T02:55:14Z,7.995849569052152,88.02296431402958,243.83284,NaN,13.460842,NaN,35.09487,NaN,NaN
Bellatrix_368,2016-07-06T02:55:19Z,7.995846570571662,88.02297508782004,243.27924,NaN,13.472011,NaN,35.097073,NaN,NaN
Bellatrix_368,2016-07-06T02:55:24Z,7.995844633171518,88.02298675655474,242.75584,NaN,13.486424,NaN,35.08641,NaN,NaN
Bellatrix_368,2016-07-06T02:55:29Z,7.995843871553144,88.02299927803293,242.17206,NaN,13.492,NaN,35.084427,NaN,NaN
Bellatrix_368,2016-07-06T02:55:34Z,7.995844309589231,88.02301234932702,241.68892,NaN,13.50227,NaN,35.08151,NaN,NaN
Bellatrix_368,2016-07-06T02:55:39Z,7.995846014906214,88.02302572721122,241.23598,NaN,13.518567,NaN,35.06917,NaN,NaN
Bellatrix_368,2016-07-06T02:55:44Z,7.995848998497771,88.02303932311096,240.75284,NaN,13.532021,NaN,35.06625,NaN,NaN
Bellatrix_368,2016-07-06T02:55:49Z,7.9958536666746065,88.02305389861327,240.14893,NaN,13.524378,NaN,35.078426,NaN,NaN
Bellatrix_368,2016-07-06T02:55:55Z,7.995860196025518,88.02306902140941,239.52487,NaN,13.556198,NaN,35.084877,NaN,NaN
Bellatrix_368,2016-07-06T02:56:02Z,7.995871478764914,88.02308716026914,238.94109,NaN,13.601121,NaN,35.084633,NaN,NaN
Bellatrix_368,2016-07-06T02:56:09Z,7.995885260461142,88.0231050294434,238.11572,NaN,13.633408,NaN,35.10282,NaN,NaN
Bellatrix_368,2016-07-06T02:56:14Z,7.9958956172932885,88.02311633995112,237.65273,NaN,13.678049,NaN,35.08886,NaN,NaN
Bellatrix_368,2016-07-06T02:56:20Z,7.9959081866004125,88.02312772320194,237.16959,NaN,13.710173,NaN,35.06763,NaN,NaN
Bellatrix_368,2016-07-06T02:56:24Z,7.995918723822817,88.02313588726116,236.67638,NaN,13.720323,NaN,35.061512,NaN,NaN
Bellatrix_368,2016-07-06T02:56:30Z,7.995933004098831,88.02314487332677,236.3241,NaN,13.733699,NaN,35.073944,NaN,NaN
Bellatrix_368,2016-07-06T02:56:35Z,7.995945994475467,88.02315153455937,235.79063,NaN,13.756113,NaN,35.075237,NaN,NaN
Bellatrix_368,2016-07-06T02:56:40Z,7.9959596160719615,88.02315698566112,235.34776,NaN,13.788181,NaN,35.07495,NaN,NaN
Bellatrix_368,2016-07-06T02:56:45Z,7.995973278171633,88.0231610460186,234.90488,NaN,13.810765,NaN,35.073032,NaN,NaN
Bellatrix_368,2016-07-06T02:56:50Z,7.995986892589225,88.02316377966886,234.462,NaN,13.830099,NaN,35.063385,NaN,NaN
Bellatrix_368,2016-07-06T02:56:55Z,7.996000395459503,88.02316517168049,234.04933,NaN,13.8434105,NaN,35.054436,NaN,NaN
Bellatrix_368,2016-07-06T02:57:00Z,7.996013442208257,88.02316521309955,233.63664,NaN,13.858016,NaN,35.048603,NaN,NaN
Bellatrix_368,2016-07-06T02:57:05Z,7.996026161151603,88.0231638907504,233.23404,NaN,13.857382,NaN,35.05826,NaN,NaN
Bellatrix_368,2016-07-06T02:57:12Z,7.996042824198571,88.02315848039797,232.58986,NaN,13.890015,NaN,35.059555,NaN,NaN
Bellatrix_368,2016-07-06T02:57:20Z,7.996059181631049,88.02314910446903,231.82489,NaN,13.920944,NaN,35.07607,NaN,NaN
Bellatrix_368,2016-07-06T02:57:26Z,7.996070605894866,88.02313933943314,230.99953,NaN,13.958681,NaN,35.099304,NaN,NaN
Bellatrix_368,2016-07-06T02:57:32Z,7.996079530538434,88.02312796297787,230.2849,NaN,14.010518,NaN,35.130188,NaN,NaN
Bellatrix_368,2016-07-06T02:57:39Z,7.99608551285236,88.02311563935437,229.35887,NaN,14.033375,NaN,35.134705,NaN,NaN
Bellatrix_368,2016-07-06T02:57:46Z,7.996087903558573,88.02310084293745,228.40266,NaN,14.042057,NaN,35.1573,NaN,NaN
Bellatrix_368,2016-07-06T02:57:53Z,7.996086367408645,88.02308848303778,227.527,NaN,14.109397,NaN,35.18336,NaN,NaN
Bellatrix_368,2016-07-06T02:57:59Z,7.996081740119848,88.02307817060927,226.6513,NaN,14.168113,NaN,35.167946,NaN,NaN
Bellatrix_368,2016-07-06T02:58:05Z,7.996074394054231,88.02306972801725,225.82594,NaN,14.229503,NaN,35.167225,NaN,NaN
Bellatrix_368,2016-07-06T02:58:12Z,7.996062372740144,88.02306421646686,224.95026,NaN,14.327618,NaN,35.14833,NaN,NaN
Bellatrix_368,2016-07-06T02:58:19Z,7.99604999201161,88.02306289397107,224.08464,NaN,14.352577,NaN,35.149628,NaN,NaN
Bellatrix_368,2016-07-06T02:58:28Z,7.996030250064683,88.02306819424547,223.02779,NaN,14.405381,NaN,35.13038,NaN,NaN
Bellatrix_368,2016-07-06T02:58:34Z,7.996018368886375,88.0230746865966,222.32321,NaN,14.425771,NaN,35.125767,NaN,NaN
Bellatrix_368,2016-07-06T02:58:39Z,7.996008362378852,88.02308321885143,221.72935,NaN,14.447437,NaN,35.11038,NaN,NaN
Bellatrix_368,2016-07-06T02:58:44Z,7.995999520584267,88.02309414009466,221.1053,NaN,14.4388275,NaN,35.115543,NaN,NaN
Bellatrix_368,2016-07-06T02:58:49Z,7.995992232120815,88.0231071300646,220.50137,NaN,14.462993,NaN,35.096966,NaN,NaN
Bellatrix_368,2016-07-06T02:58:54Z,7.995986745660754,88.02312196182737,219.81694,NaN,14.465005,NaN,35.093998,NaN,NaN
Bellatrix_368,2016-07-06T02:58:59Z,7.995983216401019,88.02313842774564,219.24321,NaN,14.48234,NaN,35.085033,NaN,NaN
Bellatrix_368,2016-07-06T02:59:04Z,7.995981924867813,88.0231559755614,218.68962,NaN,14.483418,NaN,35.10551,NaN,NaN
Bellatrix_368,2016-07-06T02:59:09Z,7.9959830169042485,88.02317410725307,218.04544,NaN,14.518915,NaN,35.110966,NaN,NaN
Bellatrix_368,2016-07-06T02:59:14Z,7.9959864993093905,88.02319252483382,217.41132,NaN,14.582714,NaN,35.113304,NaN,NaN
Bellatrix_368,2016-07-06T02:59:19Z,7.995992313308542,88.02321082391794,216.8376,NaN,14.627544,NaN,35.10418,NaN,NaN
Bellatrix_368,2016-07-06T02:59:24Z,7.9960004458199485,88.02322851433605,216.21355,NaN,14.657965,NaN,35.099625,NaN,NaN
Bellatrix_368,2016-07-06T02:59:32Z,7.996021089414765,88.02325482420684,215.20702,NaN,14.723425,NaN,35.095837,NaN,NaN
Bellatrix_368,2016-07-06T02:59:40Z,7.996043927781304,88.02327636549543,214.3112,NaN,14.762963,NaN,35.10261,NaN,NaN
Bellatrix_368,2016-07-06T02:59:46Z,7.99605980464674,88.02328805864171,213.7878,NaN,14.808682,NaN,35.096355,NaN,NaN
Bellatrix_368,2016-07-06T02:59:51Z,7.996076009089665,88.02329717962643,213.09329,NaN,14.839321,NaN,35.10627,NaN,NaN
Bellatrix_368,2016-07-06T02:59:56Z,7.996092643015242,88.0233039959235,212.70074,NaN,14.867739,NaN,35.111,NaN,NaN
Bellatrix_368,2016-07-06T03:00:01Z,7.996109506283398,88.02330836327901,212.02637,NaN,14.914891,NaN,35.119442,NaN,NaN
Bellatrix_368,2016-07-06T03:00:06Z,7.996126635807505,88.02331063626684,211.56335,NaN,14.999455,NaN,35.097675,NaN,NaN
Bellatrix_368,2016-07-06T03:00:11Z,7.996144901380977,88.0233103164188,210.97957,NaN,15.058275,NaN,35.118145,NaN,NaN
Bellatrix_368,2016-07-06T03:00:16Z,7.99615865792977,88.02330854503339,210.51657,NaN,15.121915,NaN,35.12238,NaN,NaN
Bellatrix_368,2016-07-06T03:00:21Z,7.9961748338220335,88.02330377443205,209.91264,NaN,15.202472,NaN,35.092876,NaN,NaN
Bellatrix_368,2016-07-06T03:00:27Z,7.996187960256981,88.02329778468489,209.46977,NaN,15.243814,NaN,35.098747,NaN,NaN
Bellatrix_368,2016-07-06T03:00:32Z,7.996199282652987,88.0232904312754,208.90611,NaN,15.29506,NaN,35.111015,NaN,NaN
Bellatrix_368,2016-07-06T03:00:37Z,7.9962085605555675,88.02328212906843,208.35252,NaN,15.377013,NaN,35.11434,NaN,NaN
Bellatrix_368,2016-07-06T03:00:44Z,7.9962166094649705,88.02326817294674,207.4567,NaN,15.473888,NaN,35.12303,NaN,NaN
Bellatrix_368,2016-07-06T03:00:53Z,7.996220239733889,88.02325331570994,206.39984,NaN,15.584394,NaN,35.107307,NaN,NaN
Bellatrix_368,2016-07-06T03:00:58Z,7.996220475486897,88.02324508430932,205.8865,NaN,15.632053,NaN,35.107967,NaN,NaN
Bellatrix_368,2016-07-06T03:01:03Z,7.996218930789495,88.02323778280544,205.40337,NaN,15.68016,NaN,35.0878,NaN,NaN
Bellatrix_368,2016-07-06T03:01:08Z,7.996215765604457,88.0232315822037,204.79945,NaN,15.714364,NaN,35.088745,NaN,NaN
Bellatrix_368,2016-07-06T03:01:13Z,7.9962108721281,88.02322667498171,204.33644,NaN,15.769149,NaN,35.072727,NaN,NaN
Bellatrix_368,2016-07-06T03:01:18Z,7.996204081647892,88.02322325857011,203.73253,NaN,15.786213,NaN,35.076664,NaN,NaN
Bellatrix_368,2016-07-06T03:01:23Z,7.996197998053519,88.0232219029108,203.20912,NaN,15.841733,NaN,35.068504,NaN,NaN
Bellatrix_368,2016-07-06T03:01:29Z,7.996189432789812,88.02322239576314,202.57501,NaN,15.913463,NaN,35.0681,NaN,NaN
Bellatrix_368,2016-07-06T03:01:34Z,7.996181341736899,88.02322477414978,202.01135,NaN,15.998241,NaN,35.063995,NaN,NaN
Bellatrix_368,2016-07-06T03:01:39Z,7.996173293144225,88.02322912352606,201.3873,NaN,16.050024,NaN,35.065155,NaN,NaN
Bellatrix_368,2016-07-06T03:01:44Z,7.996165623628917,88.02323539360478,200.79344,NaN,16.10877,NaN,35.062122,NaN,NaN
Bellatrix_368,2016-07-06T03:01:49Z,7.996158567004928,88.0232435881427,200.23985,NaN,16.155352,NaN,35.040997,NaN,NaN
Bellatrix_368,2016-07-06T03:01:56Z,7.996150610205006,88.02326026811033,199.30377,NaN,16.199312,NaN,35.034603,NaN,NaN
Bellatrix_368,2016-07-06T03:02:04Z,7.996144698460542,88.02328015761053,198.44823,NaN,16.220856,NaN,35.037083,NaN,NaN
Bellatrix_368,2016-07-06T03:02:09Z,7.996142393788156,88.023295955099,197.69333,NaN,16.258219,NaN,35.041065,NaN,NaN
Bellatrix_368,2016-07-06T03:02:14Z,7.996141974951289,88.02330896985856,197.1196,NaN,16.32162,NaN,35.038776,NaN,NaN
Bellatrix_368,2016-07-06T03:02:19Z,7.996143207598484,88.02332430787622,196.48549,NaN,16.382133,NaN,35.04996,NaN,NaN
Bellatrix_368,2016-07-06T03:02:25Z,7.99614675773028,88.02334153147345,195.62993,NaN,16.45738,NaN,35.054592,NaN,NaN
Bellatrix_368,2016-07-06T03:02:29Z,7.996150881715724,88.02335504676807,195.16692,NaN,16.506054,NaN,35.052334,NaN,NaN
Bellatrix_368,2016-07-06T03:02:35Z,7.996158186919965,88.02337200264228,194.47241,NaN,16.577078,NaN,35.04016,NaN,NaN
Bellatrix_368,2016-07-06T03:02:40Z,7.996166364165823,88.02338670273288,193.70744,NaN,16.628147,NaN,35.04464,NaN,NaN
Bellatrix_368,2016-07-06T03:02:45Z,7.996176062289826,88.02340071433225,192.93242,NaN,16.69993,NaN,35.031876,NaN,NaN
Bellatrix_368,2016-07-06T03:02:50Z,7.996187065591736,88.02341376035116,192.37883,NaN,16.76373,NaN,35.026608,NaN,NaN
Bellatrix_368,2016-07-06T03:02:55Z,7.996199438320272,88.02342566887422,191.69438,NaN,16.816813,NaN,35.029854,NaN,NaN
Bellatrix_368,2016-07-06T03:03:00Z,7.996212967856456,88.02343636600459,190.91934,NaN,16.88929,NaN,35.02623,NaN,NaN
Bellatrix_368,2016-07-06T03:03:07Z,7.9962341827249075,88.02344763772375,190.0638,NaN,17.022192,NaN,35.036194,NaN,NaN
Bellatrix_368,2016-07-06T03:03:14Z,7.9962578316510475,88.0234564102099,188.97675,NaN,17.19717,NaN,35.102802,NaN,NaN
Bellatrix_368,2016-07-06T03:03:19Z,7.99627353965011,88.02346031580907,188.37282,NaN,17.33624,NaN,35.1341,NaN,NaN
Bellatrix_368,2016-07-06T03:03:24Z,7.996288852793205,88.02346224758058,187.73871,NaN,17.476871,NaN,35.194748,NaN,NaN
Bellatrix_368,2016-07-06T03:03:29Z,7.996303642838692,88.02346241680372,187.00394,NaN,17.665136,NaN,35.16239,NaN,NaN
Bellatrix_368,2016-07-06T03:03:34Z,7.996317482489628,88.02346102038322,186.45033,NaN,17.80735,NaN,35.12346,NaN,NaN
Bellatrix_368,2016-07-06T03:03:40Z,7.996330912171614,88.02345794709416,185.81622,NaN,17.905514,NaN,35.090378,NaN,NaN
Bellatrix_368,2016-07-06T03:03:45Z,7.996342822478115,88.02345357661784,185.17204,NaN,17.951246,NaN,35.069588,NaN,NaN
Bellatrix_368,2016-07-06T03:03:50Z,7.996353964783194,88.02344733849652,184.46747,NaN,18.019117,NaN,35.110554,NaN,NaN
Bellatrix_368,2016-07-06T03:03:55Z,7.996361462819326,88.02344166932357,183.90381,NaN,18.138357,NaN,35.16997,NaN,NaN
Bellatrix_368,2016-07-06T03:04:01Z,7.9963696038699625,88.02343372613306,183.30995,NaN,18.38609,NaN,35.568092,NaN,NaN
Bellatrix_368,2016-07-06T03:04:06Z,7.9963754366174005,88.0234261110418,182.64565,NaN,18.909588,NaN,35.71317,NaN,NaN
Bellatrix_368,2016-07-06T03:04:11Z,7.996379613990062,88.02341840393501,182.11218,NaN,19.42519,NaN,35.801384,NaN,NaN
Bellatrix_368,2016-07-06T03:04:19Z,7.996381457115516,88.02340651237232,181.16603,NaN,20.10273,NaN,35.79073,NaN,NaN
Bellatrix_368,2016-07-06T03:04:27Z,7.996380487923621,88.02339751491256,180.28029,NaN,20.38071,NaN,35.676636,NaN,NaN
Bellatrix_368,2016-07-06T03:04:32Z,7.996378582384508,88.02339237436301,179.63611,NaN,20.523802,NaN,35.61965,NaN,NaN
Bellatrix_368,2016-07-06T03:04:37Z,7.996375642267738,88.02338827524105,179.23349,NaN,20.567871,NaN,35.58165,NaN,NaN
Bellatrix_368,2016-07-06T03:04:42Z,7.996371802059414,88.02338524034448,178.65976,NaN,20.626158,NaN,35.53864,NaN,NaN
Bellatrix_368,2016-07-06T03:04:47Z,7.996367170532167,88.02338335973606,178.10617,NaN,20.678577,NaN,35.50646,NaN,NaN
Bellatrix_368,2016-07-06T03:04:52Z,7.996361790475685,88.02338274987235,177.54251,NaN,20.737837,NaN,35.472343,NaN,NaN
Bellatrix_368,2016-07-06T03:04:57Z,7.99635594552477,88.02338341896152,176.91846,NaN,20.78042,NaN,35.452576,NaN,NaN
Bellatrix_368,2016-07-06T03:05:02Z,7.9963498015844,88.02338543923749,176.45546,NaN,20.82538,NaN,35.436756,NaN,NaN
Bellatrix_368,2016-07-06T03:05:07Z,7.9963435156308735,88.02338886147389,175.9522,NaN,20.838404,NaN,35.453743,NaN,NaN
Bellatrix_368,2016-07-06T03:05:12Z,7.996337251696211,88.02339370257951,175.36841,NaN,20.874023,NaN,35.42672,NaN,NaN
Bellatrix_368,2016-07-06T03:05:17Z,7.996331288556783,88.02339987946887,174.79468,NaN,20.914783,NaN,35.405476,NaN,NaN
Bellatrix_368,2016-07-06T03:05:22Z,7.996325743992332,88.02340738103585,174.43233,NaN,20.944044,NaN,35.39332,NaN,NaN
Bellatrix_368,2016-07-06T03:05:29Z,7.996319734114844,88.02342079958026,173.62709,NaN,20.963203,NaN,35.391224,NaN,NaN
Bellatrix_368,2016-07-06T03:05:38Z,7.996314319793483,88.02344060013877,172.71115,NaN,20.96959,NaN,35.41831,NaN,NaN
Bellatrix_368,2016-07-06T03:05:43Z,7.99631229697592,88.02345266878015,172.22801,NaN,21.000044,NaN,35.400288,NaN,NaN
Bellatrix_368,2016-07-06T03:05:48Z,7.996311438632553,88.0234653506317,171.79521,NaN,21.018175,NaN,35.393703,NaN,NaN
Bellatrix_368,2016-07-06T03:05:53Z,7.996311877737091,88.0234786088395,171.37247,NaN,21.002424,NaN,35.421284,NaN,NaN
Bellatrix_368,2016-07-06T03:05:58Z,7.996313659159487,88.02349233369868,170.87926,NaN,21.019732,NaN,35.437885,NaN,NaN
Bellatrix_368,2016-07-06T03:06:03Z,7.996316743453549,88.02350607547723,170.40619,NaN,21.044949,NaN,35.44152,NaN,NaN
Bellatrix_368,2016-07-06T03:06:08Z,7.996321188555879,88.02351989798909,169.97337,NaN,21.063335,NaN,35.451454,NaN,NaN
Bellatrix_368,2016-07-06T03:06:13Z,7.996326876056044,88.02353355819018,169.63116,NaN,21.063429,NaN,35.4641,NaN,NaN
Bellatrix_368,2016-07-06T03:06:18Z,7.996333902626282,88.02354688727168,169.2386,NaN,21.131645,NaN,35.47677,NaN,NaN
Bellatrix_368,2016-07-06T03:06:23Z,7.996342169798953,88.02355970835366,168.78568,NaN,21.190907,NaN,35.51714,NaN,NaN
Bellatrix_368,2016-07-06T03:06:28Z,7.996351615095438,88.0235720003579,168.42331,NaN,21.27289,NaN,35.59884,NaN,NaN
Bellatrix_368,2016-07-06T03:06:33Z,7.996362176755741,88.02358378124968,168.10123,NaN,21.401142,NaN,35.551044,NaN,NaN
Bellatrix_368,2016-07-06T03:06:40Z,7.996381771157952,88.02359970414489,167.5275,NaN,21.482048,NaN,35.501827,NaN,NaN
Bellatrix_368,2016-07-06T03:06:46Z,7.996400348613387,88.02361161503012,166.90346,NaN,21.50224,NaN,35.49136,NaN,NaN
Bellatrix_368,2016-07-06T03:06:53Z,7.9964208428106005,88.02362108001454,166.17874,NaN,21.471207,NaN,35.540985,NaN,NaN
Bellatrix_368,2016-07-06T03:06:59Z,7.99644346318707,88.02362782325774,165.54463,NaN,21.458052,NaN,35.61764,NaN,NaN
Bellatrix_368,2016-07-06T03:07:06Z,7.996471039654412,88.02363057974154,164.67902,NaN,21.464256,NaN,35.683216,NaN,NaN
Bellatrix_368,2016-07-06T03:07:13Z,7.9964938732253295,88.02362854505775,163.70267,NaN,21.49861,NaN,35.68919,NaN,NaN
Bellatrix_368,2016-07-06T03:07:19Z,7.996516055153239,88.02362176657269,162.83705,NaN,21.551994,NaN,35.689407,NaN,NaN
Bellatrix_368,2016-07-06T03:07:26Z,7.996534089392133,88.02361194672835,162.11235,NaN,21.561172,NaN,35.709328,NaN,NaN
Bellatrix_368,2016-07-06T03:07:33Z,7.996550536076094,88.02359632510398,161.13602,NaN,21.57783,NaN,35.71971,NaN,NaN
Bellatrix_368,2016-07-06T03:07:39Z,7.996560215641603,88.0235813090166,160.27039,NaN,21.556845,NaN,35.74309,NaN,NaN
Bellatrix_368,2016-07-06T03:07:46Z,7.996565240127995,88.02356475849415,159.51549,NaN,21.540174,NaN,35.768116,NaN,NaN
Bellatrix_368,2016-07-06T03:07:52Z,7.996565361381417,88.0235493947261,158.67,NaN,21.599974,NaN,35.750256,NaN,NaN
Bellatrix_368,2016-07-06T03:08:00Z,7.996559063563495,88.02353355057379,157.70374,NaN,21.704327,NaN,35.718014,NaN,NaN
Bellatrix_368,2016-07-06T03:08:06Z,7.9965499133244045,88.02352306369835,156.93877,NaN,21.719112,NaN,35.719727,NaN,NaN
Bellatrix_368,2016-07-06T03:08:16Z,7.996530200280531,88.02351457028092,155.80138,NaN,21.759048,NaN,35.692093,NaN,NaN
Bellatrix_368,2016-07-06T03:08:21Z,7.996518381272041,88.02351315469784,155.21759,NaN,21.807558,NaN,35.656567,NaN,NaN
Bellatrix_368,2016-07-06T03:08:26Z,7.996505874842787,88.02351499747117,154.57341,NaN,21.796476,NaN,35.659824,NaN,NaN
Bellatrix_368,2016-07-06T03:08:31Z,7.996493453258667,88.02352022058739,154.00975,NaN,21.814672,NaN,35.638584,NaN,NaN
Bellatrix_368,2016-07-06T03:08:36Z,7.9964818547270795,88.02352865891463,153.47629,NaN,21.818096,NaN,35.631172,NaN,NaN
Bellatrix_368,2016-07-06T03:08:41Z,7.996471639585029,88.02354023899493,152.8321,NaN,21.867704,NaN,35.5965,NaN,NaN
Bellatrix_368,2016-07-06T03:08:46Z,7.996463265008716,88.02355468738679,152.29865,NaN,21.890228,NaN,35.59144,NaN,NaN
Bellatrix_368,2016-07-06T03:08:51Z,7.996457321958302,88.02357130600736,151.70479,NaN,21.903152,NaN,35.582466,NaN,NaN
Bellatrix_368,2016-07-06T03:08:56Z,7.996454156692033,88.02358946467902,151.03041,NaN,21.938923,NaN,35.584164,NaN,NaN
Bellatrix_368,2016-07-06T03:09:01Z,7.996453880276031,88.02360867449296,150.54727,NaN,21.978128,NaN,35.582333,NaN,NaN
Bellatrix_368,2016-07-06T03:09:07Z,7.996458559097685,88.02363442249626,149.7823,NaN,22.02921,NaN,35.578003,NaN,NaN
Bellatrix_368,2016-07-06T03:09:12Z,7.996465005966444,88.02365397345572,149.1482,NaN,22.073318,NaN,35.570366,NaN,NaN
Bellatrix_368,2016-07-06T03:09:19Z,7.996479697567191,88.02367816769383,148.41342,NaN,22.12359,NaN,35.576855,NaN,NaN
Bellatrix_368,2016-07-06T03:09:27Z,7.996501624134364,88.02370284585152,147.5478,NaN,22.211096,NaN,35.584084,NaN,NaN
Bellatrix_368,2016-07-06T03:09:32Z,7.996516776344358,88.02371604212944,147.00427,NaN,22.302399,NaN,35.56083,NaN,NaN
Bellatrix_368,2016-07-06T03:09:37Z,7.996533197043587,88.02372690623207,146.54128,NaN,22.35079,NaN,35.54346,NaN,NaN
Bellatrix_368,2016-07-06T03:09:42Z,7.99655032460711,88.02373520409758,146.07826,NaN,22.405807,NaN,35.530624,NaN,NaN
Bellatrix_368,2016-07-06T03:09:47Z,7.996567922735861,88.02374097452727,145.67564,NaN,22.44053,NaN,35.520596,NaN,NaN
Bellatrix_368,2016-07-06T03:09:53Z,7.996585927057873,88.02374416935912,145.17238,NaN,22.467146,NaN,35.509068,NaN,NaN
Bellatrix_368,2016-07-06T03:09:58Z,7.996603208960032,88.02374483351618,144.84023,NaN,22.488678,NaN,35.497066,NaN,NaN
Bellatrix_368,2016-07-06T03:10:03Z,7.9966194497710665,88.02374307584698,144.21617,NaN,22.496292,NaN,35.49843,NaN,NaN
Bellatrix_368,2016-07-06T03:10:08Z,7.996634407271477,88.02373908399859,143.93434,NaN,22.512714,NaN,35.496532,NaN,NaN
Bellatrix_368,2016-07-06T03:10:13Z,7.996648180484964,88.02373288886116,143.34048,NaN,22.528088,NaN,35.493267,NaN,NaN
Bellatrix_368,2016-07-06T03:10:18Z,7.9966595628231065,88.0237252272005,142.86742,NaN,22.542398,NaN,35.490356,NaN,NaN
Bellatrix_368,2016-07-06T03:10:23Z,7.99666875809759,88.02371641991387,142.42455,NaN,22.55549,NaN,35.48932,NaN,NaN
Bellatrix_368,2016-07-06T03:10:30Z,7.996676070511283,88.0237021151334,141.7703,NaN,22.576048,NaN,35.481308,NaN,NaN
Bellatrix_368,2016-07-06T03:10:38Z,7.996678447151414,88.02368678018293,140.96507,NaN,22.595652,NaN,35.47421,NaN,NaN
Bellatrix_368,2016-07-06T03:10:44Z,7.996676689372184,88.02367528062805,140.492,NaN,22.603664,NaN,35.480164,NaN,NaN
Bellatrix_368,2016-07-06T03:10:50Z,7.996671520049567,88.0236655382184,139.85788,NaN,22.627491,NaN,35.489254,NaN,NaN
Bellatrix_368,2016-07-06T03:10:57Z,7.996663434352378,88.02365833120847,139.1835,NaN,22.66306,NaN,35.482456,NaN,NaN
Bellatrix_368,2016-07-06T03:11:06Z,7.996647282136436,88.0236537439773,138.4286,NaN,22.683556,NaN,35.482075,NaN,NaN
Bellatrix_368,2016-07-06T03:11:12Z,7.996636398633941,88.02365391673044,137.83475,NaN,22.693684,NaN,35.477222,NaN,NaN
Bellatrix_368,2016-07-06T03:11:16Z,7.996626817225396,88.02365618927128,137.19057,NaN,22.704285,NaN,35.477474,NaN,NaN
Bellatrix_368,2016-07-06T03:11:21Z,7.9966164718323345,88.02366109914263,136.85841,NaN,22.711126,NaN,35.47676,NaN,NaN
Bellatrix_368,2016-07-06T03:11:27Z,7.996605774601836,88.02366932597398,136.33502,NaN,22.721277,NaN,35.4767,NaN,NaN
Bellatrix_368,2016-07-06T03:11:32Z,7.996596660213481,88.02367949632578,135.85188,NaN,22.737104,NaN,35.482548,NaN,NaN
Bellatrix_368,2016-07-06T03:11:37Z,7.996588957176864,88.02369190432164,135.21776,NaN,22.751144,NaN,35.498104,NaN,NaN
Bellatrix_368,2016-07-06T03:11:42Z,7.996582895617897,88.02370623990153,134.74469,NaN,22.782925,NaN,35.510242,NaN,NaN
Bellatrix_368,2016-07-06T03:11:47Z,7.996578724145491,88.02372233761156,134.26155,NaN,22.82455,NaN,35.49957,NaN,NaN
Bellatrix_368,2016-07-06T03:11:52Z,7.996576765539837,88.02374175000855,133.64757,NaN,22.85215,NaN,35.496235,NaN,NaN
Bellatrix_368,2016-07-06T03:11:57Z,7.996576936379944,88.02375760378,133.1443,NaN,22.86999,NaN,35.50709,NaN,NaN
Bellatrix_368,2016-07-06T03:12:02Z,7.996580133821718,88.02377830399469,132.52025,NaN,22.89958,NaN,35.494564,NaN,NaN
Bellatrix_368,2016-07-06T03:12:10Z,7.996590771328186,88.02380554151642,131.61436,NaN,22.924904,NaN,35.491535,NaN,NaN
Bellatrix_368,2016-07-06T03:12:17Z,7.996605184100752,88.0238309830402,130.78902,NaN,22.948149,NaN,35.491093,NaN,NaN
Bellatrix_368,2016-07-06T03:12:22Z,7.996617025825061,88.02384708223639,130.28575,NaN,22.960594,NaN,35.49053,NaN,NaN
Bellatrix_368,2016-07-06T03:12:27Z,7.9966306421217315,88.02386155252282,129.64157,NaN,22.968496,NaN,35.490204,NaN,NaN
Bellatrix_368,2016-07-06T03:12:32Z,7.996645852709939,88.02387426731472,129.05777,NaN,22.981903,NaN,35.48446,NaN,NaN
Bellatrix_368,2016-07-06T03:12:37Z,7.996662365856381,88.02388485103681,128.37334,NaN,22.978973,NaN,35.489773,NaN,NaN
Bellatrix_368,2016-07-06T03:12:42Z,7.996679826725594,88.02389310628683,127.83987,NaN,22.989807,NaN,35.4884,NaN,NaN
Bellatrix_368,2016-07-06T03:12:47Z,7.996697797476178,88.02389877783266,127.14536,NaN,22.99621,NaN,35.484577,NaN,NaN
Bellatrix_368,2016-07-06T03:12:53Z,7.996715879862465,88.02390179508299,126.59177,NaN,23.000479,NaN,35.484486,NaN,NaN
Bellatrix_368,2016-07-06T03:12:58Z,7.996733557322126,88.0239022124609,126.00798,NaN,23.006424,NaN,35.48469,NaN,NaN
Bellatrix_368,2016-07-06T03:13:03Z,7.996750157631802,88.02390008027652,125.343666,NaN,23.01085,NaN,35.490063,NaN,NaN
Bellatrix_368,2016-07-06T03:13:08Z,7.996765454554317,88.02389564628542,124.739746,NaN,23.018866,NaN,35.493748,NaN,NaN
Bellatrix_368,2016-07-06T03:13:13Z,7.996779127954888,88.0238889874091,124.12576,NaN,23.031757,NaN,35.49702,NaN,NaN
Bellatrix_368,2016-07-06T03:13:20Z,7.996792798135659,88.02387633363634,123.3306,NaN,23.062778,NaN,35.490078,NaN,NaN
Bellatrix_368,2016-07-06T03:13:27Z,7.996803226321486,88.02386120831453,122.45491,NaN,23.08048,NaN,35.491676,NaN,NaN
Bellatrix_368,2016-07-06T03:13:33Z,7.99680795702539,88.02384934418383,121.68995,NaN,23.098402,NaN,35.501072,NaN,NaN
Bellatrix_368,2016-07-06T03:13:37Z,7.996809464848691,88.02383927379947,121.11623,NaN,23.124905,NaN,35.499443,NaN,NaN
Bellatrix_368,2016-07-06T03:13:42Z,7.9968087912318335,88.02382942940993,120.40158,NaN,23.142311,NaN,35.49923,NaN,NaN
Bellatrix_368,2016-07-06T03:13:47Z,7.9968058822886565,88.02382069570959,119.737274,NaN,23.156086,NaN,35.489246,NaN,NaN
Bellatrix_368,2016-07-06T03:13:52Z,7.996801010295096,88.02381328367338,119.22394,NaN,23.167982,NaN,35.481873,NaN,NaN
Bellatrix_368,2016-07-06T03:13:57Z,7.99679440569532,88.0238075260448,118.5395,NaN,23.17157,NaN,35.471363,NaN,NaN
Bellatrix_368,2016-07-06T03:14:02Z,7.9967863722603365,88.02380366477615,117.97584,NaN,23.171766,NaN,35.470512,NaN,NaN
Bellatrix_368,2016-07-06T03:14:07Z,7.9967772061188,88.02380203244921,117.25114,NaN,23.179928,NaN,35.47512,NaN,NaN
Bellatrix_368,2016-07-06T03:14:12Z,7.996767319315032,88.0238027478503,116.66734,NaN,23.18876,NaN,35.473003,NaN,NaN
Bellatrix_368,2016-07-06T03:14:18Z,7.9967570790707425,88.02380596649418,115.952705,NaN,23.189985,NaN,35.474327,NaN,NaN
Bellatrix_368,2016-07-06T03:14:22Z,7.996747047460517,88.02381162343245,115.39911,NaN,23.202452,NaN,35.47606,NaN,NaN
Bellatrix_368,2016-07-06T03:14:29Z,7.9967346065676015,88.02382535262375,114.48316,NaN,23.226734,NaN,35.467056,NaN,NaN
Bellatrix_368,2016-07-06T03:14:37Z,7.996723441490416,88.02384381364564,113.46657,NaN,23.23415,NaN,35.461575,NaN,NaN
Bellatrix_368,2016-07-06T03:14:42Z,7.996717389236314,88.0238582411422,112.7318,NaN,23.239157,NaN,35.45924,NaN,NaN
Bellatrix_368,2016-07-06T03:14:48Z,7.9967129306530165,88.02387615410119,112.06748,NaN,23.24749,NaN,35.450302,NaN,NaN
Bellatrix_368,2016-07-06T03:14:52Z,7.996711088239757,88.02389129673969,111.53402,NaN,23.253597,NaN,35.431526,NaN,NaN
Bellatrix_368,2016-07-06T03:14:58Z,7.996711651766488,88.02391163031075,110.67847,NaN,23.246428,NaN,35.425884,NaN,NaN
Bellatrix_368,2016-07-06T03:15:03Z,7.996715201642567,88.02393240767188,110.08461,NaN,23.270103,NaN,35.463062,NaN,NaN
Bellatrix_368,2016-07-06T03:15:09Z,7.996721689903511,88.02395289440855,109.349846,NaN,23.325098,NaN,35.470707,NaN,NaN
Bellatrix_368,2016-07-06T03:15:13Z,7.996728598406815,88.02396847344443,108.735855,NaN,23.363434,NaN,35.465244,NaN,NaN
Bellatrix_368,2016-07-06T03:15:18Z,7.996738705510457,88.02398535513616,108.07154,NaN,23.39118,NaN,35.46244,NaN,NaN
Bellatrix_368,2016-07-06T03:15:23Z,7.9967506952561385,88.02400095875197,107.34684,NaN,23.410973,NaN,35.47293,NaN,NaN
Bellatrix_368,2016-07-06T03:15:29Z,7.996766220177012,88.02401643918496,106.6322,NaN,23.446024,NaN,35.482426,NaN,NaN
Bellatrix_368,2016-07-06T03:15:33Z,7.996779698950706,88.024027420678,106.038345,NaN,23.477352,NaN,35.47389,NaN,NaN
Bellatrix_368,2016-07-06T03:15:40Z,7.9968035758108,88.02403971848776,105.192856,NaN,23.518204,NaN,35.483444,NaN,NaN
Bellatrix_368,2016-07-06T03:15:48Z,7.9968342604877245,88.02404864874958,104.08567,NaN,23.587378,NaN,35.594193,NaN,NaN
Bellatrix_368,2016-07-06T03:15:54Z,7.996852722583133,88.02405139967252,103.52201,NaN,23.707424,NaN,35.598495,NaN,NaN
Bellatrix_368,2016-07-06T03:15:59Z,7.996870550371265,88.02405158818841,102.87783,NaN,23.792252,NaN,35.586254,NaN,NaN
Bellatrix_368,2016-07-06T03:16:04Z,7.996887399325442,88.02404931561013,102.25378,NaN,23.845585,NaN,35.59657,NaN,NaN
Bellatrix_368,2016-07-06T03:16:09Z,7.996902994885029,88.02404457202132,101.53914,NaN,23.90269,NaN,35.58229,NaN,NaN
Bellatrix_368,2016-07-06T03:16:14Z,7.996916728109916,88.02403793518019,100.965416,NaN,23.936108,NaN,35.5759,NaN,NaN
Bellatrix_368,2016-07-06T03:16:19Z,7.996928299855309,88.02402973484477,100.37156,NaN,23.963907,NaN,35.56731,NaN,NaN
Bellatrix_368,2016-07-06T03:16:24Z,7.99693759238414,88.02402032212903,99.86829,NaN,23.981913,NaN,35.566254,NaN,NaN
Bellatrix_368,2016-07-06T03:16:29Z,7.996944545722718,88.02401004010969,99.19392,NaN,24.005913,NaN,35.55726,NaN,NaN
Bellatrix_368,2016-07-06T03:16:34Z,7.996948907920296,88.02399950887657,98.63026,NaN,24.017763,NaN,35.57753,NaN,NaN
Bellatrix_368,2016-07-06T03:16:39Z,7.996950742972052,88.02398922295615,98.0364,NaN,24.048065,NaN,35.61021,NaN,NaN
Bellatrix_368,2016-07-06T03:16:44Z,7.996950304533243,88.02397952588484,97.452614,NaN,24.105898,NaN,35.586807,NaN,NaN
Bellatrix_368,2016-07-06T03:16:51Z,7.996943894834606,88.02396799051385,96.67758,NaN,24.137508,NaN,35.586716,NaN,NaN
Bellatrix_368,2016-07-06T03:16:59Z,7.996934508744687,88.02395967722491,95.73144,NaN,24.176361,NaN,35.588776,NaN,NaN
Bellatrix_368,2016-07-06T03:17:04Z,7.996926714976143,88.02395600744026,95.18791,NaN,24.194202,NaN,35.58308,NaN,NaN
Bellatrix_368,2016-07-06T03:17:09Z,7.996917833156876,88.02395472923554,94.65445,NaN,24.212708,NaN,35.57515,NaN,NaN
Bellatrix_368,2016-07-06T03:17:14Z,7.996908206965837,88.02395564255919,94.05053,NaN,24.227545,NaN,35.566433,NaN,NaN
Bellatrix_368,2016-07-06T03:17:19Z,7.996897228756519,88.02395963969776,93.426476,NaN,24.233404,NaN,35.559425,NaN,NaN
Bellatrix_368,2016-07-06T03:17:24Z,7.996888769540202,88.02396461684614,92.983604,NaN,24.228638,NaN,35.554745,NaN,NaN
Bellatrix_368,2016-07-06T03:17:29Z,7.99687863137514,88.02397401924047,92.39981,NaN,24.231108,NaN,35.549305,NaN,NaN
Bellatrix_368,2016-07-06T03:17:34Z,7.996870598748225,88.02398442982046,91.87641,NaN,24.23645,NaN,35.562283,NaN,NaN
Bellatrix_368,2016-07-06T03:17:39Z,7.99686366923773,88.0239970462543,91.11145,NaN,24.253777,NaN,35.570354,NaN,NaN
Bellatrix_368,2016-07-06T03:17:44Z,7.996858382210756,88.02401129847753,90.77929,NaN,24.277876,NaN,35.574604,NaN,NaN
Bellatrix_368,2016-07-06T03:17:49Z,7.99685501269568,88.02402701571455,90.17537,NaN,24.299799,NaN,35.5736,NaN,NaN
Bellatrix_368,2016-07-06T03:17:54Z,7.996853723530107,88.02404388674485,89.672104,NaN,24.321077,NaN,35.56556,NaN,NaN
Bellatrix_368,2016-07-06T03:18:01Z,7.996857075765116,88.024068411657,88.89707,NaN,24.346655,NaN,35.563377,NaN,NaN
Bellatrix_368,2016-07-06T03:18:09Z,7.996864560707055,88.0240942642546,88.21263,NaN,24.374237,NaN,35.570763,NaN,NaN
Bellatrix_368,2016-07-06T03:18:15Z,7.996872839280576,88.0241132124175,87.51812,NaN,24.404808,NaN,35.563225,NaN,NaN
Bellatrix_368,2016-07-06T03:18:19Z,7.996882032724331,88.0241289523723,87.08531,NaN,24.425861,NaN,35.55479,NaN,NaN
Bellatrix_368,2016-07-06T03:18:24Z,7.996893197248584,88.02414382727234,86.62231,NaN,24.439491,NaN,35.552326,NaN,NaN
Bellatrix_368,2016-07-06T03:18:29Z,7.9969057117779245,88.02415715073055,86.13917,NaN,24.45481,NaN,35.550156,NaN,NaN
Bellatrix_368,2016-07-06T03:18:34Z,7.996919485076307,88.02416884049505,85.6359,NaN,24.46649,NaN,35.54052,NaN,NaN
Bellatrix_368,2016-07-06T03:18:40Z,7.996934970278698,88.02417905085184,85.09238,NaN,24.475683,NaN,35.532692,NaN,NaN
Bellatrix_368,2016-07-06T03:18:45Z,7.9969505761351884,88.02418675363224,84.73003,NaN,24.481466,NaN,35.52544,NaN,NaN
Bellatrix_368,2016-07-06T03:18:50Z,7.996966422068629,88.02419246132919,84.22675,NaN,24.483635,NaN,35.51673,NaN,NaN
Bellatrix_368,2016-07-06T03:18:55Z,7.996970305544389,88.02419620628937,83.80401,NaN,24.483282,NaN,35.49844,NaN,NaN
Bellatrix_368,2016-07-06T03:19:00Z,7.996974538882876,88.0242002886334,83.30074,NaN,24.474628,NaN,35.501247,NaN,NaN
Bellatrix_368,2016-07-06T03:19:06Z,7.996978905169372,88.02420449918344,82.787415,NaN,24.470337,NaN,35.497807,NaN,NaN
Bellatrix_368,2016-07-06T03:19:13Z,7.996984593936628,88.0242099850441,82.143234,NaN,24.464325,NaN,35.49717,NaN,NaN
Bellatrix_368,2016-07-06T03:19:19Z,7.996989488126972,88.02421470466875,81.5695,NaN,24.463219,NaN,35.494045,NaN,NaN
Bellatrix_368,2016-07-06T03:19:26Z,7.996994654432665,88.02421968670296,80.975655,NaN,24.46421,NaN,35.494858,NaN,NaN
Bellatrix_368,2016-07-06T03:19:35Z,7.997001919136929,88.02422669229018,80.210686,NaN,24.474335,NaN,35.492607,NaN,NaN
Bellatrix_368,2016-07-06T03:19:40Z,7.9970311336496005,88.02419259424019,79.73762,NaN,24.480885,NaN,35.48416,NaN,NaN
Bellatrix_368,2016-07-06T03:19:45Z,7.997035021012812,88.02419634294915,79.1337,NaN,24.4822,NaN,35.481815,NaN,NaN
Bellatrix_368,2016-07-06T03:19:50Z,7.997038911485875,88.02420009465706,78.600235,NaN,24.483152,NaN,35.48062,NaN,NaN
Bellatrix_368,2016-07-06T03:19:55Z,7.997045548094765,88.02418994502362,77.86546,NaN,24.491558,NaN,35.472466,NaN,NaN
Bellatrix_368,2016-07-06T03:20:00Z,7.9970518592095265,88.0241789203295,77.25148,NaN,24.497242,NaN,35.469105,NaN,NaN
Bellatrix_368,2016-07-06T03:20:05Z,7.997056901011907,88.02416715361211,76.496574,NaN,24.517467,NaN,35.488403,NaN,NaN
Bellatrix_368,2016-07-06T03:20:10Z,7.997060786820101,88.02417090082153,76.06377,NaN,24.55155,NaN,35.48964,NaN,NaN
Bellatrix_368,2016-07-06T03:20:16Z,7.9970648841009115,88.02417485196078,75.63096,NaN,24.587202,NaN,35.48053,NaN,NaN
Bellatrix_368,2016-07-06T03:20:21Z,7.99706207457978,88.02412486142477,75.07736,NaN,24.623812,NaN,35.470013,NaN,NaN
Bellatrix_368,2016-07-06T03:20:26Z,7.997065962720408,88.02412861088342,74.56403,NaN,24.651905,NaN,35.46486,NaN,NaN
Bellatrix_368,2016-07-06T03:20:31Z,7.997069849306205,88.0241323588427,74.25201,NaN,24.678602,NaN,35.42346,NaN,NaN
Bellatrix_368,2016-07-06T03:20:38Z,7.997073018588217,88.02411481027583,73.21528,NaN,24.743605,NaN,35.393326,NaN,NaN
Bellatrix_368,2016-07-06T03:20:45Z,7.997076229433904,88.02409909754485,72.47044,NaN,24.799257,NaN,35.35538,NaN,NaN
Bellatrix_368,2016-07-06T03:20:51Z,7.997078974375061,88.0240827809587,71.67528,NaN,24.844505,NaN,35.50908,NaN,NaN
Bellatrix_368,2016-07-06T03:20:59Z,7.997085400186532,88.0240889775747,70.819725,NaN,24.900576,NaN,35.515503,NaN,NaN
Bellatrix_368,2016-07-06T03:21:04Z,7.997089316316186,88.02409275402408,70.36678,NaN,24.92949,NaN,35.513275,NaN,NaN
Bellatrix_368,2016-07-06T03:21:10Z,7.997093427591602,88.02409671865877,69.91384,NaN,24.96565,NaN,35.50044,NaN,NaN
Bellatrix_368,2016-07-06T03:21:15Z,7.9970973452762735,88.0241004966077,69.39045,NaN,24.985287,NaN,35.484978,NaN,NaN
Bellatrix_368,2016-07-06T03:21:20Z,7.9971012303070514,88.02410424306743,69.18914,NaN,25.006702,NaN,35.47388,NaN,NaN
Bellatrix_368,2016-07-06T03:21:25Z,7.997105117670264,88.0241079917764,68.4745,NaN,25.03208,NaN,35.44836,NaN,NaN
Bellatrix_368,2016-07-06T03:21:30Z,7.997104927361004,88.02409316119159,67.68941,NaN,25.033348,NaN,35.46016,NaN,NaN
Bellatrix_368,2016-07-06T03:21:35Z,7.997105716603678,88.02407897300361,67.17607,NaN,25.033142,NaN,35.46265,NaN,NaN
Bellatrix_368,2016-07-06T03:21:40Z,7.997105881496205,88.02406618721514,66.65267,NaN,25.032454,NaN,35.446953,NaN,NaN
Bellatrix_368,2016-07-06T03:21:45Z,7.997104547028834,88.0240552015679,66.109146,NaN,25.030106,NaN,35.415947,NaN,NaN
Bellatrix_368,2016-07-06T03:21:50Z,7.997108566562269,88.02405907773286,65.55555,NaN,25.023558,NaN,35.41075,NaN,NaN
Bellatrix_368,2016-07-06T03:21:55Z,7.997112485024357,88.02406285643147,65.183136,NaN,25.021534,NaN,35.399143,NaN,NaN
Bellatrix_368,2016-07-06T03:22:02Z,7.997117950657011,88.02406812711627,64.59934,NaN,25.01277,NaN,35.382404,NaN,NaN
Bellatrix_368,2016-07-06T03:22:09Z,7.997123755267822,88.02407372468856,63.773987,NaN,25.010519,NaN,35.36746,NaN,NaN
Bellatrix_368,2016-07-06T03:22:14Z,7.997127675284927,88.02407750488673,63.411636,NaN,25.009943,NaN,35.36668,NaN,NaN
Bellatrix_368,2016-07-06T03:22:19Z,7.997131561870724,88.02408125284603,62.888237,NaN,25.014654,NaN,35.361374,NaN,NaN
Bellatrix_368,2016-07-06T03:22:24Z,7.997121032691415,88.02407830444207,62.25412,NaN,25.046837,NaN,35.332436,NaN,NaN
Bellatrix_368,2016-07-06T03:22:29Z,7.997109112318407,88.02407804299997,61.690464,NaN,25.084467,NaN,35.323944,NaN,NaN
Bellatrix_368,2016-07-06T03:22:34Z,7.997097259651313,88.02407771288516,61.036217,NaN,25.145536,NaN,35.486847,NaN,NaN
Bellatrix_368,2016-07-06T03:22:39Z,7.997085895260107,88.02407733371139,60.59334,NaN,25.302855,NaN,35.57829,NaN,NaN
Bellatrix_368,2016-07-06T03:22:45Z,7.99708999953822,88.02408129159836,60.049812,NaN,25.477167,NaN,35.50588,NaN,NaN
Bellatrix_368,2016-07-06T03:22:50Z,7.997093916445291,88.02408506879742,59.606937,NaN,25.572657,NaN,35.473446,NaN,NaN
Bellatrix_368,2016-07-06T03:22:55Z,7.997097806918538,88.0240888205055,59.184193,NaN,25.637222,NaN,35.38184,NaN,NaN
Bellatrix_368,2016-07-06T03:23:00Z,7.997101692726733,88.02409256771492,58.852036,NaN,25.650831,NaN,35.35353,NaN,NaN
Bellatrix_368,2016-07-06T03:23:05Z,7.997105580089945,88.0240963164239,58.268246,NaN,25.67069,NaN,35.32027,NaN,NaN
Bellatrix_368,2016-07-06T03:23:12Z,7.997111163898402,88.0241017010694,57.624065,NaN,25.656908,NaN,35.300865,NaN,NaN
Bellatrix_368,2016-07-06T03:23:20Z,7.997117499523095,88.0241078107154,56.748383,NaN,25.654936,NaN,35.26483,NaN,NaN
Bellatrix_368,2016-07-06T03:23:26Z,7.997115824213565,88.02409367970075,56.164593,NaN,25.658895,NaN,35.26987,NaN,NaN
Bellatrix_368,2016-07-06T03:23:30Z,7.997115746607201,88.0240817562985,55.82237,NaN,25.67155,NaN,35.241142,NaN,NaN
Bellatrix_368,2016-07-06T03:23:35Z,7.9971134721486345,88.02407051144597,55.097664,NaN,25.707523,NaN,35.21269,NaN,NaN
Bellatrix_368,2016-07-06T03:23:40Z,7.997110070082169,88.02406087195426,54.5944,NaN,25.749226,NaN,35.200134,NaN,NaN
Bellatrix_368,2016-07-06T03:23:45Z,7.9971139605552315,88.02406462366217,54.191784,NaN,25.776487,NaN,35.182262,NaN,NaN
Bellatrix_368,2016-07-06T03:23:51Z,7.997117990973422,88.02406851032364,53.628124,NaN,25.798971,NaN,35.171402,NaN,NaN
Bellatrix_368,2016-07-06T03:23:56Z,7.99712190943551,88.02407228902226,53.205383,NaN,25.80942,NaN,35.171844,NaN,NaN
Bellatrix_368,2016-07-06T03:24:01Z,7.997125794466288,88.02407603548198,52.71218,NaN,25.822586,NaN,35.17094,NaN,NaN
Bellatrix_368,2016-07-06T03:24:06Z,7.997116848471151,88.02407626322417,52.2995,NaN,25.834648,NaN,35.171833,NaN,NaN
Bellatrix_368,2016-07-06T03:24:11Z,7.99710735176175,88.02407866559938,51.8063,NaN,25.839952,NaN,35.167248,NaN,NaN
Bellatrix_368,2016-07-06T03:24:16Z,7.997097601810943,88.024083421562,51.433884,NaN,25.843855,NaN,35.163605,NaN,NaN
Bellatrix_368,2016-07-06T03:24:23Z,7.997084185533814,88.02409642753493,50.68905,NaN,25.848904,NaN,35.162888,NaN,NaN
Bellatrix_368,2016-07-06T03:24:30Z,7.997071835237641,88.0241143602277,49.974407,NaN,25.86486,NaN,35.17519,NaN,NaN
Bellatrix_368,2016-07-06T03:24:36Z,7.997064421824084,88.0241300707214,49.491272,NaN,25.87913,NaN,35.182697,NaN,NaN
Bellatrix_368,2016-07-06T03:24:41Z,7.997059311703488,88.02414706931935,48.91755,NaN,25.901495,NaN,35.20472,NaN,NaN
Bellatrix_368,2016-07-06T03:24:46Z,7.99705677431817,88.0241660258815,48.444477,NaN,25.949945,NaN,35.23581,NaN,NaN
Bellatrix_368,2016-07-06T03:24:51Z,7.997057106791147,88.02418651500429,47.780163,NaN,26.017853,NaN,35.254982,NaN,NaN
Bellatrix_368,2016-07-06T03:24:56Z,7.997060397464685,88.02420855392462,47.26683,NaN,26.106167,NaN,35.21886,NaN,NaN
Bellatrix_368,2016-07-06T03:25:01Z,7.9970678198761975,88.02423267798386,46.572323,NaN,26.130636,NaN,35.21951,NaN,NaN
Bellatrix_368,2016-07-06T03:25:06Z,7.997075887317739,88.02425112406598,45.938206,NaN,26.147417,NaN,35.22029,NaN,NaN
Bellatrix_368,2016-07-06T03:25:11Z,7.997089908111871,88.0242729207493,45.364483,NaN,26.172,NaN,35.22234,NaN,NaN
Bellatrix_368,2016-07-06T03:25:17Z,7.997105097056799,88.02429040882848,44.690105,NaN,26.187853,NaN,35.25704,NaN,NaN
Bellatrix_368,2016-07-06T03:25:22Z,7.997122652089239,88.02430518005161,44.015728,NaN,26.250996,NaN,35.28095,NaN,NaN
Bellatrix_368,2016-07-06T03:25:27Z,7.997141762015927,88.02431696570808,43.371544,NaN,26.361263,NaN,35.28695,NaN,NaN
Bellatrix_368,2016-07-06T03:25:34Z,7.997171270198543,88.02432621846073,42.646843,NaN,26.500132,NaN,35.233402,NaN,NaN
Bellatrix_368,2016-07-06T03:25:42Z,7.997206151096753,88.02432892586158,41.66044,NaN,26.525444,NaN,35.242603,NaN,NaN
Bellatrix_368,2016-07-06T03:25:48Z,7.997228532188521,88.02432655527599,40.996124,NaN,26.524662,NaN,35.26751,NaN,NaN
Bellatrix_368,2016-07-06T03:25:52Z,7.997244798652524,88.02432212635163,40.583447,NaN,26.516869,NaN,35.283535,NaN,NaN
Bellatrix_368,2016-07-06T03:25:58Z,7.997262547781747,88.02431286980463,39.81848,NaN,26.49493,NaN,35.310436,NaN,NaN
Bellatrix_368,2016-07-06T03:26:03Z,7.997275402898805,88.02430264296873,39.26489,NaN,26.549004,NaN,35.290882,NaN,NaN
Bellatrix_368,2016-07-06T03:26:08Z,7.997285105355606,88.02429080269134,38.751556,NaN,26.531462,NaN,35.321026,NaN,NaN
Bellatrix_368,2016-07-06T03:26:13Z,7.9972913140667785,88.02427848296837,38.067112,NaN,26.597652,NaN,35.30039,NaN,NaN
Bellatrix_368,2016-07-06T03:26:18Z,7.997294154413582,88.02426634658956,37.654434,NaN,26.645674,NaN,35.28286,NaN,NaN
Bellatrix_368,2016-07-06T03:26:23Z,7.9972933793039225,88.0242547693602,37.110905,NaN,26.69847,NaN,35.26571,NaN,NaN
Bellatrix_368,2016-07-06T03:26:28Z,7.997288907823506,88.02424400494348,36.456657,NaN,26.735111,NaN,35.255287,NaN,NaN
Bellatrix_368,2016-07-06T03:26:33Z,7.997283230123974,88.02423713419125,36.033913,NaN,26.767748,NaN,35.259907,NaN,NaN
Bellatrix_368,2016-07-06T03:26:39Z,7.997273285287839,88.02423103709977,35.530647,NaN,26.954905,NaN,35.24427,NaN,NaN
Bellatrix_368,2016-07-06T03:26:48Z,7.997251327080177,88.02423166528742,34.57444,NaN,27.104412,NaN,35.16434,NaN,NaN
Bellatrix_368,2016-07-06T03:26:55Z,7.997232507256906,88.02423776074485,33.66856,NaN,27.146305,NaN,35.149857,NaN,NaN
Bellatrix_368,2016-07-06T03:27:01Z,7.997218746098937,88.02424654100534,33.06464,NaN,27.162764,NaN,35.151844,NaN,NaN
Bellatrix_368,2016-07-06T03:27:05Z,7.997208055074909,88.02425667721705,32.511044,NaN,27.167961,NaN,35.157654,NaN,NaN
Bellatrix_368,2016-07-06T03:27:11Z,7.997198402137377,88.02427068344325,31.856798,NaN,27.174288,NaN,35.162605,NaN,NaN
Bellatrix_368,2016-07-06T03:27:16Z,7.997191371235987,88.02428670059194,31.293139,NaN,27.179039,NaN,35.168083,NaN,NaN
Bellatrix_368,2016-07-06T03:27:21Z,7.997187139640792,88.02430425324273,30.72948,NaN,27.163155,NaN,35.183994,NaN,NaN
Bellatrix_368,2016-07-06T03:27:26Z,7.997186009389963,88.02432289492066,30.155756,NaN,27.205906,NaN,35.164593,NaN,NaN
Bellatrix_368,2016-07-06T03:27:31Z,7.997188071412791,88.02434194060679,29.561901,NaN,27.277416,NaN,35.126892,NaN,NaN
Bellatrix_368,2016-07-06T03:27:36Z,7.9971932740464835,88.02436063564957,28.978111,NaN,27.284876,NaN,35.130615,NaN,NaN
Bellatrix_368,2016-07-06T03:27:41Z,7.9972014005477,88.02437848494785,28.293669,NaN,27.332697,NaN,35.10364,NaN,NaN
Bellatrix_368,2016-07-06T03:27:46Z,7.997212233617192,88.02439499252574,27.699812,NaN,27.358171,NaN,35.099117,NaN,NaN
Bellatrix_368,2016-07-06T03:27:51Z,7.997225869753452,88.02441012089218,27.16635,NaN,27.387438,NaN,35.08515,NaN,NaN
Bellatrix_368,2016-07-06T03:27:58Z,7.997248419421632,88.02442475440603,26.441645,NaN,27.422684,NaN,35.065052,NaN,NaN
Bellatrix_368,2016-07-06T03:28:05Z,7.997275675362624,88.02443599308548,25.535765,NaN,27.448034,NaN,35.05949,NaN,NaN
Bellatrix_368,2016-07-06T03:28:11Z,7.997293811285187,88.02444032404398,25.09289,NaN,27.483942,NaN,35.05687,NaN,NaN
Bellatrix_368,2016-07-06T03:28:16Z,7.9973124345534,88.02444142253664,24.458775,NaN,27.548182,NaN,35.04139,NaN,NaN
Bellatrix_368,2016-07-06T03:28:21Z,7.997331312025058,88.02443895726906,23.88505,NaN,27.607203,NaN,35.02035,NaN,NaN
Bellatrix_368,2016-07-06T03:28:26Z,7.9973449586733025,88.02443500791874,23.462305,NaN,27.666319,NaN,34.98926,NaN,NaN
Bellatrix_368,2016-07-06T03:28:31Z,7.997360107107244,88.02442767710033,22.88858,NaN,27.87807,NaN,34.803795,NaN,NaN
Bellatrix_368,2016-07-06T03:28:37Z,7.997371275245066,88.02441962889674,22.506098,NaN,28.001438,NaN,34.682076,NaN,NaN
Bellatrix_368,2016-07-06T03:28:42Z,7.997379811649164,88.02441099266555,21.821655,NaN,28.140383,NaN,34.558384,NaN,NaN
Bellatrix_368,2016-07-06T03:28:47Z,7.997385605850074,88.02440230888581,21.288193,NaN,28.22471,NaN,34.45521,NaN,NaN
Bellatrix_368,2016-07-06T03:28:52Z,7.997388743575728,88.0243940255064,20.724533,NaN,28.314692,NaN,34.345707,NaN,NaN
Bellatrix_368,2016-07-06T03:28:57Z,7.997392681474521,88.02439782294846,20.2112,NaN,28.380919,NaN,34.249493,NaN,NaN
Bellatrix_368,2016-07-06T03:29:02Z,7.997396599159193,88.02440160089738,19.748196,NaN,28.43772,NaN,34.159466,NaN,NaN
Bellatrix_368,2016-07-06T03:29:09Z,7.997402114550197,88.02440691956575,18.993294,NaN,28.476974,NaN,34.128685,NaN,NaN
Bellatrix_368,2016-07-06T03:29:16Z,7.997394658255776,88.02440256606363,18.057219,NaN,28.587805,NaN,34.009583,NaN,NaN
Bellatrix_368,2016-07-06T03:29:22Z,7.997398918805871,88.02440667464869,17.513689,NaN,28.59629,NaN,33.967484,NaN,NaN
Bellatrix_368,2016-07-06T03:29:27Z,7.997402838822977,88.02441045484684,17.111076,NaN,28.797934,NaN,33.821285,NaN,NaN
Bellatrix_368,2016-07-06T03:29:32Z,7.997406723853755,88.02441420130658,16.728594,NaN,28.78506,NaN,33.841324,NaN,NaN
Bellatrix_368,2016-07-06T03:29:37Z,7.9974106127719855,88.0244179515151,16.275654,NaN,28.770123,NaN,33.866917,NaN,NaN
Bellatrix_368,2016-07-06T03:29:42Z,7.99740291364936,88.02442374223601,15.752255,NaN,28.759888,NaN,33.851482,NaN,NaN
Bellatrix_368,2016-07-06T03:29:47Z,7.997395108917601,88.02442939885223,15.259054,NaN,28.813871,NaN,33.804237,NaN,NaN
Bellatrix_368,2016-07-06T03:29:52Z,7.997387274641671,88.02443649318316,14.514218,NaN,28.866335,NaN,33.745964,NaN,NaN
Bellatrix_368,2016-07-06T03:29:58Z,7.997391646370267,88.0244407089812,13.890168,NaN,28.919777,NaN,33.685493,NaN,NaN
Bellatrix_368,2016-07-06T03:30:02Z,7.997395076579519,88.02444401684195,13.51775,NaN,28.914734,NaN,33.66365,NaN,NaN
Bellatrix_368,2016-07-06T03:30:08Z,7.997399445198265,88.02444822964107,12.964156,NaN,28.98197,NaN,33.621822,NaN,NaN
Bellatrix_368,2016-07-06T03:30:13Z,7.997403641218173,88.02445227599759,12.390432,NaN,28.991463,NaN,33.633385,NaN,NaN
Bellatrix_368,2016-07-06T03:30:20Z,7.997409228136666,88.02445766364221,11.605336,NaN,29.045855,NaN,33.54387,NaN,NaN
Bellatrix_368,2016-07-06T03:30:28Z,7.99741500398085,88.02446323347392,10.739717,NaN,29.117043,NaN,33.47624,NaN,NaN
Bellatrix_368,2016-07-06T03:30:33Z,7.997418921665521,88.02446701142286,10.276711,NaN,29.133171,NaN,33.465107,NaN,NaN
Bellatrix_368,2016-07-06T03:30:38Z,7.9974228098061495,88.02447076088151,9.753313,NaN,29.150331,NaN,33.451164,NaN,NaN
Bellatrix_368,2016-07-06T03:30:43Z,7.997426696391946,88.0244745088408,9.370831,NaN,29.15906,NaN,33.436905,NaN,NaN
Bellatrix_368,2016-07-06T03:30:48Z,7.997404460039632,88.02452340378278,8.696453,NaN,29.169357,NaN,33.42031,NaN,NaN
Bellatrix_368,2016-07-06T03:30:53Z,7.997403539820964,88.02453684955267,8.052271,NaN,29.17579,NaN,33.422607,NaN,NaN
Bellatrix_368,2016-07-06T03:30:58Z,7.997402536504638,88.0245505471657,7.337632,NaN,29.177279,NaN,33.417866,NaN,NaN
Bellatrix_368,2016-07-06T03:31:03Z,7.997400892313107,88.02456408464899,6.7236466,NaN,29.18307,NaN,33.431595,NaN,NaN
Bellatrix_368,2016-07-06T03:31:08Z,7.997400178636276,88.02457822006082,6.4317517,NaN,29.191677,NaN,33.42855,NaN,NaN
Bellatrix_368,2016-07-06T03:31:13Z,7.997404348221992,88.024582240926,5.847962,NaN,29.19831,NaN,33.422848,NaN,NaN
Bellatrix_368,2016-07-06T03:31:19Z,7.997408718395755,88.02458645522466,5.223911,NaN,29.201618,NaN,33.422432,NaN,NaN
Bellatrix_368,2016-07-06T03:31:23Z,7.997412146272573,88.02458976083618,4.861559,NaN,29.204678,NaN,33.4163,NaN,NaN
Bellatrix_368,2016-07-06T03:31:32Z,7.997418807658234,88.02459618462393,3.9959395,NaN,29.207727,NaN,33.410526,NaN,NaN
Bellatrix_368,2016-07-06T03:31:40Z,7.997417691710545,88.0246243185103,2.7780335,NaN,29.209564,NaN,33.411057,NaN,NaN
Bellatrix_368,2016-07-06T03:31:46Z,7.997417629163339,88.02464362729302,2.1036558,NaN,29.207468,NaN,33.425793,NaN,NaN
Bellatrix_368,2016-07-06T03:31:50Z,7.997419477820866,88.02466043893988,1.6507156,NaN,29.149992,NaN,33.460968,NaN,NaN
Bellatrix_368,2016-07-06T03:31:55Z,7.997423395505538,88.0246642168888,0.9260112,NaN,28.939842,NaN,NaN,NaN,NaN
Bellatrix_368,2016-07-06T03:32:01Z,7.997427829432071,88.02466849266631,1.0467952,NaN,28.490282,NaN,NaN,NaN,NaN
Bellatrix_368,2016-07-06T03:58:42Z,8.00045,88.03366666666668,1.7211729,NaN,29.181787,NaN,NaN,NaN,NaN
Bellatrix_368,2016-07-06T03:58:53Z,8.000453167340112,88.03367809627518,1.9023491,NaN,29.191652,NaN,NaN,NaN,NaN
Bellatrix_368,2016-07-06T03:59:01Z,8.00045549917227,88.03368651088421,1.7111076,NaN,29.220116,NaN,33.43729,NaN,NaN
Bellatrix_368,2016-07-06T03:59:08Z,8.000457313592047,88.03369305836789,1.1172526,NaN,29.219074,NaN,33.375237,NaN,NaN
Bellatrix_368,2016-07-06T03:59:14Z,8.000459128880944,88.03369960898787,0.9360765,NaN,29.235624,NaN,NaN,NaN,NaN
Bellatrix_368,2016-07-06T03:59:20Z,8.000460939824244,88.03370614392641,1.0467952,NaN,29.235622,NaN,33.34105,NaN,NaN
Bellatrix_368,2016-07-06T03:59:27Z,8.00046292285209,88.03371329984624,0.8857498,NaN,29.232157,NaN,33.29577,NaN,NaN
Bellatrix_368,2016-07-06T03:59:33Z,8.00046473929979,88.03371985464787,1.0568606,NaN,29.233816,NaN,25.767363,NaN,NaN
Bellatrix_368,2016-07-06T03:59:40Z,8.000466554588687,88.03372640526784,0.8656191,NaN,29.235023,NaN,27.108267,NaN,NaN
Bellatrix_368,2016-07-06T03:59:46Z,8.000468371615824,88.03373296216041,0.9159458,NaN,29.231602,NaN,33.33445,NaN,NaN
Bellatrix_368,2016-07-06T03:59:53Z,8.000470362175928,88.03374014526102,0.9360765,NaN,29.227436,NaN,NaN,NaN,NaN
Bellatrix_368,2016-07-06T03:59:59Z,8.000467677322156,88.03373556350537,0.9159458,NaN,29.224352,NaN,33.311783,NaN,NaN
Bellatrix_368,2016-07-06T04:00:05Z,8.000469495218413,88.03374212353424,0.8756845,NaN,29.235197,NaN,33.413612,NaN,NaN
Bellatrix_368,2016-07-06T04:00:11Z,8.000471312535234,88.03374868147215,0.9360765,NaN,29.232336,NaN,33.412632,NaN,NaN
Bellatrix_368,2016-07-06T04:00:18Z,8.000473310337979,88.03375589070843,0.9864032,NaN,29.229874,NaN,33.432144,NaN,NaN
Bellatrix_368,2016-07-06T04:00:25Z,8.000475132290083,88.03376246537314,0.9360765,NaN,29.227627,NaN,NaN,NaN,NaN
Bellatrix_368,2016-07-06T04:00:31Z,8.0004614547307,88.03375299202122,0.99646854,NaN,29.225477,NaN,33.430492,NaN,NaN
Bellatrix_368,2016-07-06T04:00:37Z,8.00044131441918,88.03374349654129,1.2984288,NaN,29.225737,NaN,33.429115,NaN,NaN
Bellatrix_368,2016-07-06T04:00:46Z,8.00040753372723,88.03372667220712,2.4861388,NaN,29.236765,NaN,33.418484,NaN,NaN
Bellatrix_368,2016-07-06T04:00:52Z,8.000375061614687,88.03372237981324,3.9254823,NaN,29.226498,NaN,33.41547,NaN,NaN
Bellatrix_368,2016-07-06T04:01:01Z,8.000322048767941,88.03372335197226,6.8846917,NaN,29.218061,NaN,33.417664,NaN,NaN
Bellatrix_368,2016-07-06T04:01:07Z,8.000289778771862,88.03372635378275,9.089001,NaN,29.212526,NaN,33.41936,NaN,NaN
Bellatrix_368,2016-07-06T04:01:12Z,8.000261371406642,88.03372994497693,11.253049,NaN,29.209991,NaN,33.422787,NaN,NaN
Bellatrix_368,2016-07-06T04:01:17Z,8.0002334934202,88.03373412548474,13.688861,NaN,29.184214,NaN,33.453075,NaN,NaN
Bellatrix_368,2016-07-06T04:01:22Z,8.000207640532354,88.03373324444757,16.164934,NaN,29.093126,NaN,33.582806,NaN,NaN
Bellatrix_368,2016-07-06T04:01:27Z,8.000186746750337,88.0337239322475,18.993294,NaN,28.838133,NaN,33.919792,NaN,NaN
Bellatrix_368,2016-07-06T04:01:32Z,8.000172382324402,88.03370869795289,21.741133,NaN,28.445816,NaN,34.386436,NaN,NaN
Bellatrix_368,2016-07-06T04:01:38Z,8.000155077997249,88.03369421621863,24.841257,NaN,27.786167,NaN,34.839386,NaN,NaN
Bellatrix_368,2016-07-06T04:01:42Z,8.000138538129,88.03368637965887,27.2972,NaN,27.663229,NaN,34.87727,NaN,NaN
Bellatrix_368,2016-07-06T04:01:48Z,8.000112769381833,88.03368154064073,30.679153,NaN,27.643555,NaN,34.845417,NaN,NaN
Bellatrix_368,2016-07-06T04:01:53Z,8.000089343075539,88.03367997021415,33.245815,NaN,27.530546,NaN,34.84994,NaN,NaN
Bellatrix_368,2016-07-06T04:01:59Z,8.00006270960547,88.03367873175883,36.14463,NaN,27.150955,NaN,34.91362,NaN,NaN
Bellatrix_368,2016-07-06T04:02:06Z,8.000029606164654,88.03367861663374,39.053516,NaN,26.933828,NaN,34.997032,NaN,NaN
Bellatrix_368,2016-07-06T04:02:13Z,7.999993645601236,88.03367931435709,42.00266,NaN,26.714844,NaN,35.02668,NaN,NaN
Bellatrix_368,2016-07-06T04:02:18Z,7.999968947797313,88.03368155933366,43.854683,NaN,26.585552,NaN,34.955437,NaN,NaN
Bellatrix_368,2016-07-06T04:02:24Z,7.999941801097023,88.03368396968995,46.048927,NaN,26.313465,NaN,35.078796,NaN,NaN
Bellatrix_368,2016-07-06T04:02:28Z,7.999920584421383,88.03368650561067,47.79023,NaN,26.173023,NaN,35.059124,NaN,NaN
Bellatrix_368,2016-07-06T04:02:34Z,7.999893558099639,88.03369071346897,49.984474,NaN,26.042398,NaN,35.094055,NaN,NaN
Bellatrix_368,2016-07-06T04:02:39Z,7.9998694684527525,88.03369510163883,51.95728,NaN,25.976715,NaN,35.1022,NaN,NaN
Bellatrix_368,2016-07-06T04:02:44Z,7.999845241531175,88.0337013681233,54.03074,NaN,25.89137,NaN,35.106266,NaN,NaN
Bellatrix_368,2016-07-06T04:02:49Z,7.999821262491994,88.03370965709617,55.983414,NaN,25.914087,NaN,35.134457,NaN,NaN
Bellatrix_368,2016-07-06T04:02:54Z,7.999797368839451,88.03371930349803,58.056873,NaN,25.930418,NaN,35.28578,NaN,NaN
Bellatrix_368,2016-07-06T04:02:59Z,7.999772269088628,88.03373204928056,59.939095,NaN,25.947872,NaN,35.19223,NaN,NaN
Bellatrix_368,2016-07-06T04:03:05Z,7.9997465772338865,88.03374764001966,61.83138,NaN,25.930174,NaN,34.74433,NaN,NaN
Bellatrix_368,2016-07-06T04:03:09Z,7.999726572619331,88.03376013466809,63.210327,NaN,25.332268,NaN,35.202976,NaN,NaN
Bellatrix_368,2016-07-06T04:03:16Z,7.999695808371497,88.03378110494972,65.424706,NaN,25.141373,NaN,35.395638,NaN,NaN
Bellatrix_368,2016-07-06T04:03:24Z,7.999660386457998,88.03380883305718,68.14234,NaN,25.130497,NaN,35.434574,NaN,NaN
Bellatrix_368,2016-07-06T04:03:30Z,7.999639720134589,88.0338269986242,69.68234,NaN,25.184475,NaN,35.323902,NaN,NaN
Bellatrix_368,2016-07-06T04:03:35Z,7.999619803715417,88.03384639907581,71.28273,NaN,25.22832,NaN,35.18501,NaN,NaN
Bellatrix_368,2016-07-06T04:03:40Z,7.999600639148739,88.03386719959997,72.792534,NaN,25.186483,NaN,35.113697,NaN,NaN
Bellatrix_368,2016-07-06T04:03:45Z,7.999582179681125,88.03388918678792,74.29227,NaN,25.149738,NaN,35.05718,NaN,NaN
Bellatrix_368,2016-07-06T04:03:50Z,7.9995645070988655,88.03391247658158,75.71148,NaN,25.112734,NaN,35.012463,NaN,NaN
Bellatrix_368,2016-07-06T04:03:55Z,7.999548586885138,88.03393711090617,77.28167,NaN,25.078493,NaN,35.0354,NaN,NaN
Bellatrix_368,2016-07-06T04:04:00Z,7.999533962708337,88.03396273997363,78.82167,NaN,25.077171,NaN,35.027184,NaN,NaN
Bellatrix_368,2016-07-06T04:04:05Z,7.9995202267538135,88.03398912864743,80.26101,NaN,24.948795,NaN,35.10822,NaN,NaN
Bellatrix_368,2016-07-06T04:04:10Z,7.999508029385435,88.03401576632507,81.75069,NaN,24.829617,NaN,35.228176,NaN,NaN
Bellatrix_368,2016-07-06T04:04:15Z,7.999496967857293,88.0340430503885,83.28062,NaN,24.70606,NaN,35.316883,NaN,NaN
Bellatrix_368,2016-07-06T04:04:20Z,7.999486969681064,88.03407067469415,84.85081,NaN,24.531776,NaN,35.421757,NaN,NaN
Bellatrix_368,2016-07-06T04:04:27Z,7.999474317901143,88.0341127501349,87.39734,NaN,24.442995,NaN,35.456367,NaN,NaN
Bellatrix_368,2016-07-06T04:04:35Z,7.9994629525600445,88.03415654533315,90.2559,NaN,24.397243,NaN,35.44627,NaN,NaN
Bellatrix_368,2016-07-06T04:04:40Z,7.999456439282599,88.03418559836577,92.097855,NaN,24.354769,NaN,35.4529,NaN,NaN
Bellatrix_368,2016-07-06T04:04:45Z,7.999450989538602,88.03421481108427,93.93981,NaN,24.35881,NaN,35.403866,NaN,NaN
Bellatrix_368,2016-07-06T04:04:50Z,7.999446888488203,88.03424427070662,95.78177,NaN,24.275784,NaN,35.430264,NaN,NaN
Bellatrix_368,2016-07-06T04:04:55Z,7.999444016901779,88.03427434199322,97.613655,NaN,24.301857,NaN,35.37404,NaN,NaN
Bellatrix_368,2016-07-06T04:05:00Z,7.999442619042048,88.03430442579305,99.16372,NaN,24.227116,NaN,35.40209,NaN,NaN
Bellatrix_368,2016-07-06T04:05:05Z,7.9994422555075975,88.034334570994,100.67352,NaN,24.14886,NaN,35.398773,NaN,NaN
Bellatrix_368,2016-07-06T04:05:10Z,7.999443225079654,88.03436464547158,102.324234,NaN,24.029871,NaN,35.380478,NaN,NaN
Bellatrix_368,2016-07-06T04:05:15Z,7.999444468014371,88.03439511411695,103.8139,NaN,23.851606,NaN,35.288597,NaN,NaN
Bellatrix_368,2016-07-06T04:05:20Z,7.999447426371878,88.03442528815705,105.394165,NaN,23.594372,NaN,35.306286,NaN,NaN
Bellatrix_368,2016-07-06T04:05:25Z,7.999452250758891,88.03445539866463,107.05495,NaN,23.638718,NaN,35.20627,NaN,NaN
Bellatrix_368,2016-07-06T04:05:30Z,7.999459097406606,88.03448521477546,108.72579,NaN,23.66531,NaN,35.183094,NaN,NaN
Bellatrix_368,2016-07-06T04:05:37Z,7.999472341402906,88.03452559797381,110.95023,NaN,23.702097,NaN,35.128464,NaN,NaN
Bellatrix_368,2016-07-06T04:05:44Z,7.999489656953862,88.03456791918097,113.23506,NaN,23.743025,NaN,35.068584,NaN,NaN
Bellatrix_368,2016-07-06T04:05:50Z,7.9995051037263005,88.03459865893434,115.026695,NaN,23.79901,NaN,35.00397,NaN,NaN
Bellatrix_368,2016-07-06T04:05:55Z,7.99952012431264,88.03462463238245,116.65728,NaN,23.720861,NaN,34.98721,NaN,NaN
Bellatrix_368,2016-07-06T04:06:00Z,7.99953620009242,88.03465044302501,118.21741,NaN,23.414093,NaN,35.16668,NaN,NaN
Bellatrix_368,2016-07-06T04:06:05Z,7.999553032893214,88.03467512909428,119.68694,NaN,23.178263,NaN,35.3245,NaN,NaN
Bellatrix_368,2016-07-06T04:06:10Z,7.999570877403439,88.03469887294807,121.24707,NaN,23.232996,NaN,35.28702,NaN,NaN
Bellatrix_368,2016-07-06T04:06:15Z,7.999589990823996,88.03472144728842,122.86759,NaN,23.278608,NaN,35.239353,NaN,NaN
Bellatrix_368,2016-07-06T04:06:20Z,7.999610404573583,88.03474274854943,124.39752,NaN,23.32376,NaN,35.191704,NaN,NaN
Bellatrix_368,2016-07-06T04:06:25Z,7.999632055652554,88.03476247232966,125.92745,NaN,23.367321,NaN,35.129177,NaN,NaN
Bellatrix_368,2016-07-06T04:06:30Z,7.999654888878247,88.03478031761902,127.57817,NaN,23.383898,NaN,35.050484,NaN,NaN
Bellatrix_368,2016-07-06T04:06:35Z,7.999678381448599,88.03479690238554,129.14836,NaN,23.35193,NaN,35.020042,NaN,NaN
Bellatrix_368,2016-07-06T04:06:40Z,7.99970185124048,88.03481267425038,130.56758,NaN,22.938076,NaN,35.294903,NaN,NaN
Bellatrix_368,2016-07-06T04:06:48Z,7.999742404584802,88.0348352087435,133.1443,NaN,22.795403,NaN,35.353752,NaN,NaN
Bellatrix_368,2016-07-06T04:06:56Z,7.999779147639865,88.03485287503177,135.41907,NaN,22.804594,NaN,35.327858,NaN,NaN
Bellatrix_368,2016-07-06T04:07:01Z,7.999804437039841,88.03486338771675,137.0396,NaN,22.814657,NaN,35.30179,NaN,NaN
Bellatrix_368,2016-07-06T04:07:06Z,7.999829907359545,88.03487267820262,138.58965,NaN,22.783602,NaN,35.299442,NaN,NaN
Bellatrix_368,2016-07-06T04:07:11Z,7.999855663264487,88.03488074340049,140.00887,NaN,22.857866,NaN,35.22408,NaN,NaN
Bellatrix_368,2016-07-06T04:07:16Z,7.999881700038144,88.03488622845863,141.61932,NaN,22.92171,NaN,35.041393,NaN,NaN
Bellatrix_368,2016-07-06T04:07:21Z,7.9999078036843425,88.03489028567449,143.08885,NaN,22.904554,NaN,34.964504,NaN,NaN
Bellatrix_368,2016-07-06T04:07:26Z,7.999933737363166,88.03489286712838,144.50807,NaN,22.726212,NaN,35.049637,NaN,NaN
Bellatrix_368,2016-07-06T04:07:31Z,7.999959283079335,88.0348933652813,145.95747,NaN,22.571619,NaN,35.140347,NaN,NaN
Bellatrix_368,2016-07-06T04:07:36Z,7.999984272762006,88.03489208895674,147.35657,NaN,22.636873,NaN,35.0331,NaN,NaN
Bellatrix_368,2016-07-06T04:07:41Z,8.000008734054893,88.03488925323008,148.7959,NaN,22.47287,NaN,35.098305,NaN,NaN
Bellatrix_368,2016-07-06T04:07:46Z,8.000032254395693,88.03488512521373,150.32584,NaN,22.254274,NaN,35.256172,NaN,NaN
Bellatrix_368,2016-07-06T04:07:51Z,8.000055181899143,88.0348796818451,151.62427,NaN,22.208258,NaN,35.287205,NaN,NaN
Bellatrix_368,2016-07-06T04:07:58Z,8.000085121457952,88.03486905087297,153.7078,NaN,22.150393,NaN,35.306442,NaN,NaN
Bellatrix_368,2016-07-06T04:08:06Z,8.0001202006015,88.0348532422713,156.16373,NaN,22.147154,NaN,35.285404,NaN,NaN
Bellatrix_368,2016-07-06T04:08:12Z,8.000141993601265,88.03484154320408,157.83458,NaN,22.044172,NaN,35.354477,NaN,NaN
Bellatrix_368,2016-07-06T04:08:16Z,8.000158246444888,88.03483149219807,159.17326,NaN,22.053503,NaN,35.3422,NaN,NaN
Bellatrix_368,2016-07-06T04:08:22Z,8.000177674584304,88.03481740424377,160.81392,NaN,21.99101,NaN,35.350964,NaN,NaN
Bellatrix_368,2016-07-06T04:08:27Z,8.000193599170483,88.03480392261643,162.35391,NaN,21.959185,NaN,35.345203,NaN,NaN
Bellatrix_368,2016-07-06T04:08:32Z,8.000208365597256,88.03478904640933,163.99457,NaN,21.939503,NaN,35.300816,NaN,NaN
Bellatrix_368,2016-07-06T04:08:37Z,8.000221340830862,88.03477317978988,165.39365,NaN,21.908813,NaN,35.259293,NaN,NaN
Bellatrix_368,2016-07-06T04:08:42Z,8.000232392763392,88.03475621806697,166.87326,NaN,21.924236,NaN,35.133236,NaN,NaN
Bellatrix_368,2016-07-06T04:08:47Z,8.000241990854418,88.03473852390549,168.43338,NaN,21.713436,NaN,34.97767,NaN,NaN
Bellatrix_368,2016-07-06T04:08:52Z,8.000249381725526,88.03472047814418,169.97337,NaN,21.518475,NaN,35.0344,NaN,NaN
Bellatrix_368,2016-07-06T04:08:57Z,8.000255287755746,88.03470209559363,171.52344,NaN,21.324947,NaN,35.10822,NaN,NaN
Bellatrix_368,2016-07-06T04:09:02Z,8.000259387273143,88.03468346719666,173.05338,NaN,21.176434,NaN,35.140316,NaN,NaN
Bellatrix_368,2016-07-06T04:09:09Z,8.000261422574608,88.03465525932522,175.21742,NaN,21.02474,NaN,35.13496,NaN,NaN
Bellatrix_368,2016-07-06T04:09:17Z,8.00025901508264,88.0346270805598,177.32108,NaN,20.83448,NaN,34.858913,NaN,NaN
Bellatrix_368,2016-07-06T04:09:22Z,8.000255297865753,88.03460816831846,178.73022,NaN,20.546944,NaN,33.766247,NaN,NaN
Bellatrix_368,2016-07-06T04:09:27Z,8.000251555077394,88.03458935247481,179.99846,NaN,18.730827,NaN,34.539883,NaN,NaN
Bellatrix_368,2016-07-06T04:09:32Z,8.000246672859358,88.03457055184413,181.36734,NaN,18.49887,NaN,34.63929,NaN,NaN
Bellatrix_368,2016-07-06T04:09:37Z,8.000239906629627,88.03455221830559,182.87714,NaN,18.743258,NaN,33.927887,NaN,NaN
Bellatrix_368,2016-07-06T04:09:42Z,8.000229396905777,88.03453520507647,184.43727,NaN,18.941826,NaN,33.5577,NaN,NaN
Bellatrix_368,2016-07-06T04:09:47Z,8.000216268375267,88.0345196431654,185.84642,NaN,18.910875,NaN,33.275528,NaN,NaN
Bellatrix_368,2016-07-06T04:09:52Z,8.00020094951888,88.03450574977492,187.03413,NaN,18.627344,NaN,33.366917,NaN,NaN
Bellatrix_368,2016-07-06T04:09:57Z,8.000184298843099,88.0344937341653,188.08092,NaN,18.387478,NaN,33.43126,NaN,NaN
Bellatrix_368,2016-07-06T04:10:02Z,8.00016650310997,88.03448327967136,189.05727,NaN,18.266048,NaN,33.48034,NaN,NaN
Bellatrix_368,2016-07-06T04:10:07Z,8.000147776938775,88.03447455455846,190.10405,NaN,18.134092,NaN,33.521576,NaN,NaN
Bellatrix_368,2016-07-06T04:10:12Z,8.000128370263962,88.03446734676818,191.04013,NaN,17.670406,NaN,33.843384,NaN,NaN
Bellatrix_368,2016-07-06T04:10:19Z,8.00010130991026,88.03445927612611,192.34863,NaN,17.551495,NaN,33.78467,NaN,NaN
Bellatrix_368,2016-07-06T04:10:26Z,8.000073622836007,88.03445034509414,193.59673,NaN,16.484272,NaN,34.46871,NaN,NaN
Bellatrix_368,2016-07-06T04:10:32Z,8.00005357169226,88.03444254307446,194.76431,NaN,16.136187,NaN,34.649033,NaN,NaN
Bellatrix_368,2016-07-06T04:10:37Z,8.000035640209909,88.03443605765872,195.76077,NaN,16.30601,NaN,34.31975,NaN,NaN
Bellatrix_368,2016-07-06T04:10:42Z,8.00001644275386,88.03443069936048,196.7975,NaN,16.439228,NaN,34.050365,NaN,NaN
Bellatrix_368,2016-07-06T04:10:47Z,7.999996605179763,88.03442653630965,197.74365,NaN,16.44324,NaN,33.97235,NaN,NaN
Bellatrix_368,2016-07-06T04:10:52Z,7.9999761543496835,88.03442371342052,198.69986,NaN,16.454954,NaN,33.864033,NaN,NaN
Bellatrix_368,2016-07-06T04:10:57Z,7.999955437459714,88.03442198036524,199.68626,NaN,16.466702,NaN,33.79706,NaN,NaN
Bellatrix_368,2016-07-06T04:11:02Z,7.999934999443773,88.0344208545396,200.59213,NaN,16.42687,NaN,33.78782,NaN,NaN
Bellatrix_368,2016-07-06T04:11:07Z,7.999914842710769,88.03441999487939,201.63893,NaN,15.561421,NaN,34.400227,NaN,NaN
Bellatrix_368,2016-07-06T04:11:12Z,7.999895011577091,88.0344193404175,202.68573,NaN,15.303569,NaN,34.594395,NaN,NaN
Bellatrix_368,2016-07-06T04:11:17Z,7.999875135250791,88.03441925385725,203.64194,NaN,15.445665,NaN,34.47396,NaN,NaN
Bellatrix_368,2016-07-06T04:11:22Z,7.999855261763772,88.0344198895391,204.4975,NaN,15.553292,NaN,34.360806,NaN,NaN
Bellatrix_368,2016-07-06T04:11:29Z,7.999827448538048,88.03442170106123,205.90663,NaN,15.538802,NaN,34.280926,NaN,NaN
Bellatrix_368,2016-07-06T04:11:36Z,7.999797583761471,88.03442421194929,207.37617,NaN,15.246777,NaN,34.495018,NaN,NaN
Bellatrix_368,2016-07-06T04:11:41Z,7.999777196081689,88.03442638822543,208.34245,NaN,15.2794075,NaN,34.468307,NaN,NaN
Bellatrix_368,2016-07-06T04:11:47Z,7.999754619883717,88.0344298181136,209.53017,NaN,15.297179,NaN,34.431717,NaN,NaN
Bellatrix_368,2016-07-06T04:11:51Z,7.999736753266129,88.0344331433458,210.42598,NaN,15.286848,NaN,34.40938,NaN,NaN
Bellatrix_368,2016-07-06T04:11:57Z,7.999714044062713,88.03443824834486,211.69421,NaN,15.256714,NaN,34.38182,NaN,NaN
Bellatrix_368,2016-07-06T04:12:02Z,7.999694132842632,88.03444357995843,212.76114,NaN,14.8997345,NaN,34.60472,NaN,NaN
Bellatrix_368,2016-07-06T04:12:07Z,7.999673962499994,88.03444949928569,213.97903,NaN,14.800901,NaN,34.63259,NaN,NaN
Bellatrix_368,2016-07-06T04:12:12Z,7.9996540108891585,88.03445612069535,215.13655,NaN,14.85639,NaN,34.563423,NaN,NaN
Bellatrix_368,2016-07-06T04:12:17Z,7.999633992221496,88.03446328361034,216.17328,NaN,14.900258,NaN,34.49638,NaN,NaN
Bellatrix_368,2016-07-06T04:12:22Z,7.999613737844159,88.03447131294355,217.25027,NaN,14.942186,NaN,34.437477,NaN,NaN
Bellatrix_368,2016-07-06T04:12:27Z,7.999593628166294,88.03448026534004,218.38766,NaN,14.917026,NaN,34.422115,NaN,NaN
Bellatrix_368,2016-07-06T04:12:32Z,7.999573272078657,88.03449021290845,219.35393,NaN,15.101853,NaN,34.17084,NaN,NaN
Bellatrix_368,2016-07-06T04:12:39Z,7.999545288291012,88.03450621596488,220.72282,NaN,15.319098,NaN,33.89303,NaN,NaN
Bellatrix_368,2016-07-06T04:12:47Z,7.999511989635762,88.03452757816692,222.31314,NaN,15.069938,NaN,33.99677,NaN,NaN
Bellatrix_368,2016-07-06T04:12:52Z,7.9994920493775545,88.03454144589229,223.33981,NaN,15.033709,NaN,33.989056,NaN,NaN
Bellatrix_368,2016-07-06T04:12:57Z,7.9994724963661215,88.03455576510022,224.09471,NaN,14.992498,NaN,34.008366,NaN,NaN
Bellatrix_368,2016-07-06T04:13:02Z,7.99945323711593,88.03457065342553,225.10124,NaN,14.982877,NaN,33.992455,NaN,NaN
Bellatrix_368,2016-07-06T04:13:07Z,7.99943426433238,88.03458637732369,225.99706,NaN,14.910213,NaN,34.01534,NaN,NaN
Bellatrix_368,2016-07-06T04:13:12Z,7.999415948951245,88.03460263241983,226.92307,NaN,14.841969,NaN,34.044254,NaN,NaN
Bellatrix_368,2016-07-06T04:13:17Z,7.999398046306502,88.0346197408856,227.88934,NaN,14.773325,NaN,34.06748,NaN,NaN
Bellatrix_368,2016-07-06T04:13:22Z,7.999380579907559,88.0346374221634,228.79523,NaN,14.711058,NaN,34.077988,NaN,NaN
Bellatrix_368,2016-07-06T04:13:27Z,7.999363323741972,88.034655466392,229.76149,NaN,14.740409,NaN,34.031033,NaN,NaN
Bellatrix_368,2016-07-06T04:13:32Z,7.999346673911399,88.03467384460733,230.7177,NaN,14.522735,NaN,34.18353,NaN,NaN
Bellatrix_368,2016-07-06T04:13:37Z,7.999330440967015,88.03469286803298,231.59338,NaN,14.497481,NaN,34.193893,NaN,NaN
Bellatrix_368,2016-07-06T04:13:42Z,7.999314588890166,88.03471239986038,232.66031,NaN,14.50624,NaN,34.176277,NaN,NaN
Bellatrix_368,2016-07-06T04:13:51Z,7.9992878045047116,88.034749558261,234.45193,NaN,14.517165,NaN,34.131874,NaN,NaN
Bellatrix_368,2016-07-06T04:13:59Z,7.9992655108621635,88.03478301056464,236.002,NaN,14.526634,NaN,34.090946,NaN,NaN
Bellatrix_368,2016-07-06T04:14:04Z,7.9992515205471,88.03480518618854,236.94815,NaN,14.534557,NaN,34.04769,NaN,NaN
Bellatrix_368,2016-07-06T04:14:09Z,7.999238114059199,88.03482767278433,237.92448,NaN,14.572118,NaN,33.99021,NaN,NaN
Bellatrix_368,2016-07-06T04:14:14Z,7.99922527818342,88.03485058506475,238.98134,NaN,14.58255,NaN,33.929695,NaN,NaN
Bellatrix_368,2016-07-06T04:14:19Z,7.999212998835778,88.0348738091363,239.93755,NaN,14.284293,NaN,34.120235,NaN,NaN
Bellatrix_368,2016-07-06T04:14:24Z,7.999201534039091,88.0348975292953,240.93402,NaN,14.271441,NaN,34.099266,NaN,NaN
Bellatrix_368,2016-07-06T04:14:29Z,7.999190882880675,88.03492156694888,242.02107,NaN,14.242681,NaN,34.101067,NaN,NaN
Bellatrix_368,2016-07-06T04:14:34Z,7.999180779489567,88.03494585779005,242.98735,NaN,14.194958,NaN,34.07328,NaN,NaN
Bellatrix_368,2016-07-06T04:14:39Z,7.999171346413543,88.03497008971938,243.95361,NaN,13.849661,NaN,34.248135,NaN,NaN
Bellatrix_368,2016-07-06T04:14:44Z,7.99916237431947,88.0349944597714,244.95009,NaN,13.784317,NaN,34.266567,NaN,NaN
Bellatrix_368,2016-07-06T04:14:49Z,7.9991539129178335,88.0350189140206,246.1076,NaN,13.553017,NaN,34.5041,NaN,NaN
Bellatrix_368,2016-07-06T04:14:54Z,7.999146191944128,88.03504364519941,247.06381,NaN,13.6733885,NaN,34.47844,NaN,NaN
Bellatrix_368,2016-07-06T04:15:01Z,7.999137501745194,88.03507914666322,248.52328,NaN,13.81304,NaN,34.41426,NaN,NaN
Bellatrix_368,2016-07-06T04:15:09Z,7.999129223212695,88.03511902153679,250.10355,NaN,13.96301,NaN,34.299973,NaN,NaN
Bellatrix_368,2016-07-06T04:15:14Z,7.9991246945434575,88.0351451086685,251.18053,NaN,13.947006,NaN,34.32268,NaN,NaN
Bellatrix_368,2016-07-06T04:15:19Z,7.999120737720442,88.03517099530254,252.30785,NaN,13.851382,NaN,34.418026,NaN,NaN
Bellatrix_368,2016-07-06T04:15:24Z,7.9991174484819005,88.0351969433305,253.39491,NaN,13.496427,NaN,34.72491,NaN,NaN
Bellatrix_368,2016-07-06T04:15:29Z,7.999115093772172,88.03522309105074,254.48196,NaN,13.570012,NaN,34.656643,NaN,NaN
Bellatrix_368,2016-07-06T04:15:34Z,7.999113889434875,88.03524952077997,255.52876,NaN,13.819174,NaN,34.421875,NaN,NaN
Bellatrix_368,2016-07-06T04:15:39Z,7.999113222609713,88.03527616518232,256.5655,NaN,14.028385,NaN,34.195698,NaN,NaN
Bellatrix_368,2016-07-06T04:15:44Z,7.999113254287609,88.03530293361233,257.56195,NaN,13.766945,NaN,34.349506,NaN,NaN
Bellatrix_368,2016-07-06T04:15:49Z,7.99911399262119,88.03532977955759,258.68927,NaN,13.555212,NaN,34.50065,NaN,NaN
Bellatrix_368,2016-07-06T04:15:54Z,7.999115778610048,88.03535668224345,259.71594,NaN,13.696919,NaN,34.328026,NaN,NaN
Bellatrix_368,2016-07-06T04:15:59Z,7.999118579628212,88.03538360355529,260.67215,NaN,13.740486,NaN,34.27466,NaN,NaN
Bellatrix_368,2016-07-06T04:16:04Z,7.999122349367946,88.03541042270159,261.68875,NaN,13.720264,NaN,34.277016,NaN,NaN
Bellatrix_368,2016-07-06T04:16:10Z,7.9991297480014145,88.03544733704456,263.12808,NaN,13.695371,NaN,34.282272,NaN,NaN
Bellatrix_368,2016-07-06T04:16:18Z,7.999139700851435,88.035486465709,264.50705,NaN,13.7361145,NaN,34.23308,NaN,NaN
Bellatrix_368,2016-07-06T04:16:23Z,7.999147322016404,88.03551273852558,265.58405,NaN,13.677355,NaN,34.24599,NaN,NaN
Bellatrix_368,2016-07-06T04:16:28Z,7.999155626266883,88.03553841857212,266.62076,NaN,13.617075,NaN,34.28106,NaN,NaN
Bellatrix_368,2016-07-06T04:16:33Z,7.9991643862295145,88.03556382227086,267.6273,NaN,13.518871,NaN,34.34906,NaN,NaN
Bellatrix_368,2016-07-06T04:16:38Z,7.999173513298937,88.03558893773061,268.6439,NaN,13.154455,NaN,34.62927,NaN,NaN
Bellatrix_368,2016-07-06T04:16:43Z,7.99918335683389,88.03561365997803,269.6605,NaN,13.293166,NaN,34.511166,NaN,NaN
Bellatrix_368,2016-07-06T04:16:48Z,7.999194241047757,88.035637916339,270.65695,NaN,13.395218,NaN,34.404243,NaN,NaN
Bellatrix_368,2016-07-06T04:16:53Z,7.999205859581487,88.03566174749407,271.64337,NaN,13.36715,NaN,34.408737,NaN,NaN
Bellatrix_368,2016-07-06T04:16:58Z,7.999218034653997,88.03568521776181,272.74048,NaN,13.3118105,NaN,34.43945,NaN,NaN
Bellatrix_368,2016-07-06T04:17:03Z,7.999230731377089,88.03570827516012,273.79736,NaN,13.163747,NaN,34.545536,NaN,NaN
Bellatrix_368,2016-07-06T04:17:08Z,7.999243948229576,88.03573085720076,274.77368,NaN,13.196952,NaN,34.510715,NaN,NaN
Bellatrix_368,2016-07-06T04:17:13Z,7.999257597023889,88.03575304097325,275.8406,NaN,13.073708,NaN,34.591934,NaN,NaN
Bellatrix_368,2016-07-06T04:17:20Z,7.999277123117915,88.03578298427637,277.34036,NaN,12.969845,NaN,34.67019,NaN,NaN
Bellatrix_368,2016-07-06T04:17:28Z,7.999301961658144,88.03581768617612,279.05145,NaN,13.049941,NaN,34.59609,NaN,NaN
Bellatrix_368,2016-07-06T04:17:34Z,7.999320011081912,88.03584037957432,280.35995,NaN,13.09969,NaN,34.540638,NaN,NaN
Bellatrix_368,2016-07-06T04:17:38Z,7.999334705801855,88.03585761914034,281.3564,NaN,13.136658,NaN,34.497784,NaN,NaN
Bellatrix_368,2016-07-06T04:17:44Z,7.999354514466703,88.03587888836813,282.54413,NaN,13.180294,NaN,34.447624,NaN,NaN
Bellatrix_368,2016-07-06T04:17:49Z,7.999372335028621,88.03589645860207,283.5406,NaN,13.112376,NaN,34.473694,NaN,NaN
Bellatrix_368,2016-07-06T04:17:54Z,7.99939125733079,88.03591348529496,284.68805,NaN,13.07978,NaN,34.474533,NaN,NaN
Bellatrix_368,2016-07-06T04:17:59Z,7.999410537208553,88.03592953275829,285.69458,NaN,13.033597,NaN,34.491833,NaN,NaN
Bellatrix_368,2016-07-06T04:18:04Z,7.999430236480827,88.0359447710632,286.77158,NaN,12.996586,NaN,34.509773,NaN,NaN
Bellatrix_368,2016-07-06T04:18:09Z,7.99945040035219,88.03595919868228,287.74792,NaN,13.026079,NaN,34.466286,NaN,NaN
Bellatrix_368,2016-07-06T04:18:14Z,7.9994706360408765,88.03597268778084,288.94568,NaN,12.9288645,NaN,34.52087,NaN,NaN
Bellatrix_368,2016-07-06T04:18:19Z,7.999491248360779,88.03598549800003,289.85156,NaN,12.77765,NaN,34.634495,NaN,NaN
Bellatrix_368,2016-07-06T04:18:24Z,7.999512097157718,88.03599766264406,290.9185,NaN,12.807657,NaN,34.59871,NaN,NaN
Bellatrix_368,2016-07-06T04:18:31Z,7.99954407690058,88.03601361621027,292.52896,NaN,12.827527,NaN,34.565773,NaN,NaN
Bellatrix_368,2016-07-06T04:18:39Z,7.999576264677337,88.03602796201831,294.1092,NaN,12.835744,NaN,34.54507,NaN,NaN
Bellatrix_368,2016-07-06T04:18:44Z,7.99959818011468,88.03603672471867,295.13586,NaN,12.825803,NaN,34.534977,NaN,NaN
Bellatrix_368,2016-07-06T04:18:49Z,7.999619978048307,88.03604469572754,296.24304,NaN,12.705304,NaN,34.622612,NaN,NaN
Bellatrix_368,2016-07-06T04:18:54Z,7.9996418793721435,88.03605167046565,297.30997,NaN,12.71435,NaN,34.62162,NaN,NaN
Bellatrix_368,2016-07-06T04:18:59Z,7.999663657650676,88.03605781124513,298.45743,NaN,12.711379,NaN,34.622204,NaN,NaN
Bellatrix_368,2016-07-06T04:19:04Z,7.9996855225519825,88.03606325843867,299.41364,NaN,12.677414,NaN,34.65219,NaN,NaN
Bellatrix_368,2016-07-06T04:19:09Z,7.999707316303058,88.03606755154127,300.55103,NaN,12.730753,NaN,34.609756,NaN,NaN
Bellatrix_368,2016-07-06T04:19:14Z,7.9997290696121786,88.03607068232293,301.6381,NaN,12.688969,NaN,34.63762,NaN,NaN
Bellatrix_368,2016-07-06T04:19:19Z,7.999750429609197,88.03607273890866,302.7352,NaN,12.640237,NaN,34.674435,NaN,NaN
Bellatrix_368,2016-07-06T04:19:24Z,7.99977165817553,88.03607415458566,303.88266,NaN,12.5733795,NaN,34.72795,NaN,NaN
Bellatrix_368,2016-07-06T04:19:29Z,7.999794979066713,88.03607468113258,305.07037,NaN,12.578478,NaN,34.7241,NaN,NaN
Bellatrix_368,2016-07-06T04:19:34Z,7.999813237042235,88.03607445504697,306.02658,NaN,12.401861,NaN,34.86021,NaN,NaN
Bellatrix_368,2016-07-06T04:19:40Z,7.999838473652579,88.03607274178957,307.3552,NaN,12.421558,NaN,34.852882,NaN,NaN
Bellatrix_368,2016-07-06T04:19:46Z,7.999864436258574,88.03606966618588,308.85492,NaN,12.438985,NaN,34.82493,NaN,NaN
Bellatrix_368,2016-07-06T04:19:52Z,7.999884185148142,88.03606670768316,309.92184,NaN,12.434472,NaN,34.818523,NaN,NaN
Bellatrix_368,2016-07-06T04:19:57Z,7.999905633153287,88.03606238355965,311.2102,NaN,12.440683,NaN,34.80008,NaN,NaN
Bellatrix_368,2016-07-06T04:20:02Z,7.999924488043636,88.03605778333022,312.24695,NaN,12.445953,NaN,34.787632,NaN,NaN
Bellatrix_368,2016-07-06T04:20:07Z,7.99994289982945,88.03605234795141,313.26355,NaN,12.461102,NaN,34.769127,NaN,NaN
Bellatrix_368,2016-07-06T04:20:12Z,7.999960857493971,88.03604620134487,314.28015,NaN,12.470329,NaN,34.75805,NaN,NaN
Bellatrix_368,2016-07-06T04:20:17Z,7.999976381733519,88.03604025997203,315.17596,NaN,12.431614,NaN,34.78586,NaN,NaN
Bellatrix_368,2016-07-06T04:20:22Z,7.99999352093775,88.03603305798242,316.23282,NaN,12.376102,NaN,34.821175,NaN,NaN
Bellatrix_368,2016-07-06T04:20:27Z,8.000012060683451,88.03602430076926,317.4507,NaN,12.30359,NaN,34.875027,NaN,NaN
Bellatrix_368,2016-07-06T04:20:32Z,8.00002815250607,88.03601592768737,318.48746,NaN,12.35452,NaN,34.831505,NaN,NaN
Bellatrix_368,2016-07-06T04:20:37Z,8.000042002748275,88.03600815891397,319.494,NaN,12.344347,NaN,34.836605,NaN,NaN
Bellatrix_368,2016-07-06T04:20:42Z,8.000059232459261,88.03599812197882,320.66156,NaN,12.277443,NaN,34.858227,NaN,NaN
Bellatrix_368,2016-07-06T04:20:47Z,8.000074200309275,88.03598875865262,321.70837,NaN,12.140018,NaN,34.93804,NaN,NaN
Bellatrix_368,2016-07-06T04:20:52Z,8.000087141310928,88.0359802894818,322.6847,NaN,12.141041,NaN,34.938496,NaN,NaN
Bellatrix_368,2016-07-06T04:20:57Z,8.00010331036203,88.03596926877721,323.97305,NaN,12.110613,NaN,34.955814,NaN,NaN
Bellatrix_368,2016-07-06T04:21:02Z,8.000117121930796,88.03595897103078,325.08026,NaN,12.106565,NaN,34.956238,NaN,NaN
Bellatrix_368,2016-07-06T04:21:07Z,8.000130305617773,88.03594818596726,326.21762,NaN,12.167212,NaN,34.8998,NaN,NaN
Bellatrix_368,2016-07-06T04:21:12Z,8.000142772493554,88.03593691268748,327.32483,NaN,12.171426,NaN,34.886986,NaN,NaN
Bellatrix_368,2016-07-06T04:21:17Z,8.000153401709458,88.03592666344615,328.22064,NaN,12.1383505,NaN,34.898537,NaN,NaN
Bellatrix_368,2016-07-06T04:21:22Z,8.00016478798523,88.03591470923104,329.35803,NaN,12.072441,NaN,34.92273,NaN,NaN
Bellatrix_368,2016-07-06T04:21:27Z,8.000176405712613,88.03590072618933,330.56586,NaN,12.123204,NaN,34.86852,NaN,NaN
Bellatrix_368,2016-07-06T04:21:32Z,8.000185167127185,88.03588943564603,331.49188,NaN,12.123587,NaN,34.862453,NaN,NaN
Bellatrix_368,2016-07-06T04:21:37Z,8.000195222668713,88.0358747005649,332.70978,NaN,12.095388,NaN,34.875668,NaN,NaN
Bellatrix_368,2016-07-06T04:21:42Z,8.00020322765248,88.03586111720315,333.6962,NaN,12.043322,NaN,34.912575,NaN,NaN
Bellatrix_368,2016-07-06T04:21:47Z,8.000209541640622,88.03584880564308,334.74298,NaN,12.0775795,NaN,34.8803,NaN,NaN
Bellatrix_368,2016-07-06T04:21:52Z,8.000215613284261,88.03583458225229,335.78976,NaN,12.146792,NaN,34.80927,NaN,NaN
Bellatrix_368,2016-07-06T04:21:57Z,8.00022091998901,88.03581838374994,336.95737,NaN,12.151574,NaN,34.79727,NaN,NaN
Bellatrix_368,2016-07-06T04:22:02Z,8.000224954005086,88.03580377251004,338.06454,NaN,12.127053,NaN,34.80508,NaN,NaN
Bellatrix_368,2016-07-06T04:22:07Z,8.000228058472185,88.03578908113305,338.97043,NaN,12.057407,NaN,34.856827,NaN,NaN
Bellatrix_368,2016-07-06T04:22:12Z,8.00023047427223,88.03577435046972,340.17825,NaN,12.002861,NaN,34.89558,NaN,NaN
Bellatrix_368,2016-07-06T04:22:17Z,8.00023203089842,88.03576129946403,341.10428,NaN,12.004526,NaN,34.890247,NaN,NaN
Bellatrix_368,2016-07-06T04:22:22Z,8.000232477247508,88.03574656309607,342.21146,NaN,12.030885,NaN,34.86373,NaN,NaN
Bellatrix_368,2016-07-06T04:22:27Z,8.000231179959902,88.03573086386626,343.33878,NaN,12.105894,NaN,34.78618,NaN,NaN
Bellatrix_368,2016-07-06T04:22:33Z,8.000227912188816,88.03571479920136,344.53656,NaN,12.082855,NaN,34.772022,NaN,NaN
Bellatrix_368,2016-07-06T04:22:38Z,8.00022373087846,88.0357003356821,345.6538,NaN,12.026937,NaN,34.790085,NaN,NaN
Bellatrix_368,2016-07-06T04:22:43Z,8.00021921240722,88.03568720579983,346.75092,NaN,11.93065,NaN,34.852585,NaN,NaN
Bellatrix_368,2016-07-06T04:22:49Z,8.000212295359235,88.03567087255938,348.01917,NaN,11.834285,NaN,34.930367,NaN,NaN
Bellatrix_368,2016-07-06T04:22:56Z,8.00020245241747,88.03565181033842,349.4887,NaN,11.860933,NaN,34.893684,NaN,NaN
Bellatrix_368,2016-07-06T04:23:02Z,8.000193754477591,88.03563798985537,350.77707,NaN,11.869748,NaN,34.873898,NaN,NaN
Bellatrix_368,2016-07-06T04:23:07Z,8.000185023870431,88.03562624400821,351.76346,NaN,11.909215,NaN,34.836,NaN,NaN
Bellatrix_368,2016-07-06T04:23:12Z,8.000175602348776,88.03561494956433,352.9411,NaN,11.887513,NaN,34.841312,NaN,NaN
Bellatrix_368,2016-07-06T04:23:17Z,8.000165374493337,88.03560424184442,354.00803,NaN,11.809306,NaN,34.89727,NaN,NaN
Bellatrix_368,2016-07-06T04:23:21Z,8.000155707192162,88.03559526098825,354.88373,NaN,11.832436,NaN,34.8706,NaN,NaN
Bellatrix_368,2016-07-06T04:23:27Z,8.00014256142376,88.03558476727503,356.08148,NaN,11.875665,NaN,34.831455,NaN,NaN
Bellatrix_368,2016-07-06T04:23:32Z,8.000130179544016,88.03557593093923,357.05783,NaN,11.871091,NaN,34.827904,NaN,NaN
Bellatrix_368,2016-07-06T04:23:37Z,8.000117168160427,88.03556777618769,358.09457,NaN,11.8035345,NaN,34.868664,NaN,NaN
Bellatrix_368,2016-07-06T04:23:41Z,8.000105282373003,88.03556100195307,358.9904,NaN,11.769108,NaN,34.898582,NaN,NaN
Bellatrix_368,2016-07-06T04:23:47Z,8.000089499690963,88.03555345045555,360.06738,NaN,11.7931,NaN,34.860092,NaN,NaN
Bellatrix_368,2016-07-06T04:23:52Z,8.00007478528086,88.03554750348037,361.25507,NaN,11.812557,NaN,34.839085,NaN,NaN
Bellatrix_368,2016-07-06T04:23:56Z,8.000061441763863,88.03554285269074,362.1811,NaN,11.794052,NaN,34.8489,NaN,NaN
Bellatrix_368,2016-07-06T04:24:02Z,8.000043985734866,88.035537733789,363.1977,NaN,11.716833,NaN,34.90905,NaN,NaN
Bellatrix_368,2016-07-06T04:24:07Z,8.000028021420032,88.03553396271303,364.325,NaN,11.747624,NaN,34.8815,NaN,NaN
Bellatrix_368,2016-07-06T04:24:12Z,8.000011590167322,88.03553108083258,365.36172,NaN,11.791487,NaN,34.8389,NaN,NaN
Bellatrix_368,2016-07-06T04:24:17Z,7.99999480625915,88.03552908691337,366.3079,NaN,11.822193,NaN,34.800922,NaN,NaN
Bellatrix_368,2016-07-06T04:24:21Z,7.9999797142254065,88.03552792057276,367.2037,NaN,11.767522,NaN,34.83499,NaN,NaN
Bellatrix_368,2016-07-06T04:24:26Z,7.9999623965706785,88.03552742710598,368.2807,NaN,11.727334,NaN,34.867123,NaN,NaN
Bellatrix_368,2016-07-06T04:24:32Z,7.999942801828775,88.03552807369748,369.2671,NaN,11.737483,NaN,34.85131,NaN,NaN
Bellatrix_368,2016-07-06T04:24:37Z,7.999925054432572,88.03552947045473,370.52527,NaN,11.73917,NaN,34.839603,NaN,NaN
Bellatrix_368,2016-07-06T04:24:41Z,7.999909341099372,88.0355312432804,371.33047,NaN,11.701479,NaN,34.866676,NaN,NaN
Bellatrix_368,2016-07-06T04:24:47Z,7.99988933174142,88.03553451737329,372.46786,NaN,11.688959,NaN,34.8761,NaN,NaN
Bellatrix_368,2016-07-06T04:24:52Z,7.999871331500147,88.03553837522887,373.46432,NaN,11.696919,NaN,34.86483,NaN,NaN
Bellatrix_368,2016-07-06T04:24:56Z,7.999855412647087,88.03554232566835,374.36014,NaN,11.683799,NaN,34.863434,NaN,NaN
Bellatrix_368,2016-07-06T04:25:02Z,7.999835119967301,88.03554824167212,375.49753,NaN,11.673086,NaN,34.857185,NaN,NaN
Bellatrix_368,2016-07-06T04:25:07Z,7.999817067971575,88.03555419192325,376.49402,NaN,11.668103,NaN,34.85467,NaN,NaN
Bellatrix_368,2016-07-06T04:25:12Z,7.9997990500753975,88.03556079151167,377.43008,NaN,11.650292,NaN,34.836964,NaN,NaN
Bellatrix_368,2016-07-06T04:25:17Z,7.999781081974675,88.0355680427117,378.39636,NaN,11.569588,NaN,34.86923,NaN,NaN
Bellatrix_368,2016-07-06T04:25:21Z,7.999765227991009,88.0355749776043,379.3425,NaN,11.58497,NaN,34.856697,NaN,NaN
Bellatrix_368,2016-07-06T04:25:27Z,7.999745362614382,88.03558459382613,380.3591,NaN,11.586296,NaN,34.852734,NaN,NaN
Bellatrix_368,2016-07-06T04:25:32Z,7.999727676976161,88.03559396327216,381.3958,NaN,11.610264,NaN,34.82758,NaN,NaN
Bellatrix_368,2016-07-06T04:25:37Z,7.999708917534852,88.0356048243425,382.3923,NaN,11.615688,NaN,34.80872,NaN,NaN
Bellatrix_368,2016-07-06T04:25:43Z,7.999689526377429,88.03561730734643,383.35855,NaN,11.604404,NaN,34.809505,NaN,NaN
Bellatrix_368,2016-07-06T04:25:48Z,7.999672497290148,88.0356291077155,384.32483,NaN,11.595563,NaN,34.815353,NaN,NaN
Bellatrix_368,2016-07-06T04:25:53Z,7.999655813097109,88.0356417341019,385.34143,NaN,11.58215,NaN,34.82424,NaN,NaN
Bellatrix_368,2016-07-06T04:26:00Z,7.999633564043433,88.03566049139927,386.6298,NaN,11.57273,NaN,34.829933,NaN,NaN
Bellatrix_368,2016-07-06T04:26:07Z,7.999610466552914,88.03568210794626,387.96848,NaN,11.561581,NaN,34.835182,NaN,NaN
Bellatrix_368,2016-07-06T04:26:13Z,7.999593267056773,88.03569918378389,389.03543,NaN,11.526003,NaN,34.840733,NaN,NaN
Bellatrix_368,2016-07-06T04:26:18Z,7.999578314776089,88.03571492147822,390.052,NaN,11.492853,NaN,34.852745,NaN,NaN
Bellatrix_368,2016-07-06T04:26:23Z,7.999563879062647,88.0357314219596,390.97803,NaN,11.504331,NaN,34.846096,NaN,NaN
Bellatrix_368,2016-07-06T04:26:27Z,7.999551465076654,88.03574650665958,391.66248,NaN,11.466999,NaN,34.873714,NaN,NaN
Bellatrix_368,2016-07-06T04:26:33Z,7.999536455713643,88.0357663246087,392.73947,NaN,11.496468,NaN,34.84191,NaN,NaN
Bellatrix_368,2016-07-06T04:26:38Z,7.999523607027037,88.03578478017134,393.78625,NaN,11.486311,NaN,34.842052,NaN,NaN
Bellatrix_368,2016-07-06T04:26:43Z,7.9995111936314425,88.03580384204771,394.6418,NaN,11.456326,NaN,34.864143,NaN,NaN
Bellatrix_368,2016-07-06T04:26:48Z,7.999499120599404,88.03582362487323,395.63828,NaN,11.4543,NaN,34.864616,NaN,NaN
Bellatrix_368,2016-07-06T04:26:53Z,7.999488003950343,88.0358430943577,396.5341,NaN,11.440286,NaN,34.874004,NaN,NaN
Bellatrix_368,2016-07-06T04:26:58Z,7.999477285019179,88.03586355321691,397.48022,NaN,11.437925,NaN,34.87124,NaN,NaN
Bellatrix_368,2016-07-06T04:27:02Z,7.999468366874146,88.03588197087883,398.3056,NaN,11.459493,NaN,34.854023,NaN,NaN
Bellatrix_368,2016-07-06T04:27:08Z,7.999457829682444,88.03590606225191,399.4027,NaN,11.452765,NaN,34.855526,NaN,NaN
Bellatrix_368,2016-07-06T04:27:13Z,7.999449113067072,88.03592790991769,400.17773,NaN,11.444241,NaN,34.86127,NaN,NaN
Bellatrix_368,2016-07-06T04:27:18Z,7.999441008099865,88.0359501179689,401.0937,NaN,11.440971,NaN,34.863934,NaN,NaN
Bellatrix_368,2016-07-06T04:27:23Z,7.99943337156271,88.0359726011524,402.05997,NaN,11.438812,NaN,34.865143,NaN,NaN
Bellatrix_368,2016-07-06T04:27:27Z,7.999427097200056,88.03599272962339,402.85513,NaN,11.404992,NaN,34.892326,NaN,NaN
Bellatrix_368,2016-07-06T04:27:33Z,7.999420107143669,88.03601854806318,403.81134,NaN,11.413555,NaN,34.88332,NaN,NaN
Bellatrix_368,2016-07-06T04:27:38Z,7.999414611731348,88.03604221257248,404.78766,NaN,11.412277,NaN,34.876766,NaN,NaN
Bellatrix_368,2016-07-06T04:27:43Z,7.999409869952846,88.03606572422908,405.72375,NaN,11.403163,NaN,34.880703,NaN,NaN
Bellatrix_368,2016-07-06T04:27:47Z,7.999406326980693,88.03608689687202,406.4384,NaN,11.395399,NaN,34.88251,NaN,NaN
Bellatrix_368,2016-07-06T04:27:53Z,7.9994030588791425,88.03611392491263,407.4248,NaN,11.405554,NaN,34.858086,NaN,NaN
Bellatrix_368,2016-07-06T04:27:58Z,7.999400988384601,88.03613833345948,408.4112,NaN,11.401671,NaN,34.852634,NaN,NaN
Bellatrix_368,2016-07-06T04:28:02Z,7.999399635239948,88.03615989099886,409.23654,NaN,11.366488,NaN,34.877354,NaN,NaN
Bellatrix_368,2016-07-06T04:28:08Z,7.999398811216952,88.03618748935759,410.22296,NaN,11.337327,NaN,34.8969,NaN,NaN
Bellatrix_368,2016-07-06T04:28:13Z,7.999398849066028,88.03621212005488,411.0483,NaN,11.336429,NaN,34.896908,NaN,NaN
Bellatrix_368,2016-07-06T04:28:18Z,7.9993997934069565,88.03623677815146,412.02466,NaN,11.3368435,NaN,34.876446,NaN,NaN
Bellatrix_368,2016-07-06T04:28:23Z,7.999401343047149,88.03626145208311,412.93054,NaN,11.304889,NaN,34.899826,NaN,NaN
Bellatrix_368,2016-07-06T04:28:27Z,7.9994032483675825,88.03628326642875,413.67535,NaN,11.313239,NaN,34.874966,NaN,NaN
Bellatrix_368,2016-07-06T04:28:32Z,7.99940624127687,88.03630788232799,414.5913,NaN,11.268196,NaN,34.879448,NaN,NaN
Bellatrix_368,2016-07-06T04:28:38Z,7.999410813841359,88.036335229095,415.6079,NaN,11.259056,NaN,34.852978,NaN,NaN
Bellatrix_368,2016-07-06T04:28:43Z,7.999415874795343,88.03635957889949,416.47354,NaN,11.256059,NaN,34.846123,NaN,NaN
Bellatrix_368,2016-07-06T04:28:49Z,7.999423046411502,88.03638819914723,417.56058,NaN,11.246873,NaN,34.838676,NaN,NaN
Bellatrix_368,2016-07-06T04:28:54Z,7.999430742398004,88.03641502881844,418.43628,NaN,11.236733,NaN,34.853893,NaN,NaN
Bellatrix_368,2016-07-06T04:28:59Z,7.999437192204207,88.03643600692017,419.1811,NaN,11.215915,NaN,34.867283,NaN,NaN
Bellatrix_368,2016-07-06T04:29:04Z,7.999444946291429,88.0364595187314,420.03665,NaN,11.156806,NaN,34.911964,NaN,NaN
Bellatrix_368,2016-07-06T04:29:11Z,7.999457031882881,88.03649294319199,421.39548,NaN,11.110257,NaN,34.955185,NaN,NaN
Bellatrix_368,2016-07-06T04:29:17Z,7.999468981340502,88.0365229108688,422.48254,NaN,11.126939,NaN,34.944603,NaN,NaN
Bellatrix_368,2016-07-06T04:29:23Z,7.999480399228038,88.0365481055203,423.52933,NaN,11.175928,NaN,34.89377,NaN,NaN
Bellatrix_368,2016-07-06T04:29:28Z,7.99949127984878,88.0365700977509,424.46542,NaN,11.18292,NaN,34.88266,NaN,NaN
Bellatrix_368,2016-07-06T04:29:32Z,7.999501497291928,88.03658922034346,425.1599,NaN,11.179558,NaN,34.883488,NaN,NaN
Bellatrix_368,2016-07-06T04:29:37Z,7.999513895123107,88.03661023526693,425.95508,NaN,11.18349,NaN,34.874184,NaN,NaN
Bellatrix_368,2016-07-06T04:29:43Z,7.999528805804113,88.03663294805997,426.8811,NaN,11.184589,NaN,34.862427,NaN,NaN
Bellatrix_368,2016-07-06T04:29:48Z,7.999542785149883,88.03665278335279,427.73663,NaN,11.136006,NaN,34.87819,NaN,NaN
Bellatrix_368,2016-07-06T04:29:53Z,7.999555877554762,88.03667036399926,428.411,NaN,11.118089,NaN,34.891678,NaN,NaN
Bellatrix_368,2016-07-06T04:29:58Z,7.999572792430892,88.03669151395397,429.41754,NaN,11.124505,NaN,34.878597,NaN,NaN
Bellatrix_368,2016-07-06T04:30:03Z,7.999586574902031,88.0367076667066,430.253,NaN,11.118688,NaN,34.883156,NaN,NaN
Bellatrix_368,2016-07-06T04:30:08Z,7.999602674979206,88.03672526324385,431.01794,NaN,11.126659,NaN,34.883533,NaN,NaN
Bellatrix_368,2016-07-06T04:30:13Z,7.999621250212796,88.03674409557912,431.96408,NaN,11.13876,NaN,34.892906,NaN,NaN
Bellatrix_368,2016-07-06T04:30:18Z,7.999636335520707,88.03675847928345,432.81964,NaN,11.1256275,NaN,34.914303,NaN,NaN
Bellatrix_368,2016-07-06T04:30:23Z,7.999655905771904,88.03677572562377,433.6752,NaN,11.128083,NaN,34.929817,NaN,NaN
Bellatrix_368,2016-07-06T04:30:28Z,7.999671726413813,88.03678889477371,434.50055,NaN,11.135909,NaN,34.920765,NaN,NaN
Bellatrix_368,2016-07-06T04:30:33Z,7.99969213980819,88.03680469558839,435.4467,NaN,11.1182575,NaN,34.914543,NaN,NaN
Bellatrix_368,2016-07-06T04:30:38Z,7.999708498066747,88.03681658969819,436.12106,NaN,11.104026,NaN,34.92452,NaN,NaN
Bellatrix_368,2016-07-06T04:30:43Z,7.999729886776716,88.0368308150249,436.95648,NaN,11.120027,NaN,34.90493,NaN,NaN
Bellatrix_368,2016-07-06T04:30:48Z,7.999746882090321,88.03684152278058,437.78186,NaN,11.104784,NaN,34.90839,NaN,NaN
Bellatrix_368,2016-07-06T04:30:53Z,7.999768642034054,88.03685436129132,438.70786,NaN,11.06607,NaN,34.915897,NaN,NaN
Bellatrix_368,2016-07-06T04:30:58Z,7.999786061345471,88.03686399581458,439.3923,NaN,11.047338,NaN,34.914352,NaN,NaN
Bellatrix_368,2016-07-06T04:31:03Z,7.999808360879221,88.03687523762633,440.32837,NaN,11.048219,NaN,34.88395,NaN,NaN
Bellatrix_368,2016-07-06T04:31:08Z,7.999826064684712,88.03688348320571,440.92224,NaN,11.03784,NaN,34.883434,NaN,NaN
Bellatrix_368,2016-07-06T04:31:13Z,7.999848870884087,88.03689305053757,441.80798,NaN,11.026807,NaN,34.885525,NaN,NaN
Bellatrix_368,2016-07-06T04:31:18Z,7.999866932116405,88.03689975197636,442.54276,NaN,11.038389,NaN,34.87395,NaN,NaN
Bellatrix_368,2016-07-06T04:31:23Z,7.999889807456476,88.03690738813452,443.46878,NaN,11.0055065,NaN,34.897892,NaN,NaN
Bellatrix_368,2016-07-06T04:31:28Z,7.999907963384806,88.03691278274566,444.03244,NaN,11.008887,NaN,34.89328,NaN,NaN
Bellatrix_368,2016-07-06T04:31:33Z,7.999930915438695,88.03691858069381,444.98865,NaN,11.006133,NaN,34.895115,NaN,NaN
Bellatrix_368,2016-07-06T04:31:38Z,7.999948959096427,88.03692246024151,445.73346,NaN,10.994372,NaN,34.89949,NaN,NaN
Bellatrix_368,2016-07-06T04:31:43Z,7.999972032466738,88.03692640705437,446.6595,NaN,10.989429,NaN,34.87932,NaN,NaN
Bellatrix_368,2016-07-06T04:31:48Z,7.999990108977083,88.0369289119588,447.31372,NaN,10.979259,NaN,34.861805,NaN,NaN
Bellatrix_368,2016-07-06T04:31:53Z,8.00001044915263,88.0369308095414,448.1391,NaN,10.954692,NaN,34.861572,NaN,NaN
Bellatrix_368,2016-07-06T04:31:58Z,8.000031536095523,88.03693175495168,448.84366,NaN,10.955902,NaN,34.84837,NaN,NaN
Bellatrix_368,2016-07-06T04:32:04Z,8.000053882740188,88.03693159926408,449.84012,NaN,10.939777,NaN,34.85051,NaN,NaN
Bellatrix_368,2016-07-06T04:32:08Z,8.00007234074505,88.03693059563227,450.56482,NaN,10.9293995,NaN,34.85136,NaN,NaN
Bellatrix_368,2016-07-06T04:32:14Z,8.000093947276921,88.03692860045301,451.44052,NaN,10.904007,NaN,34.86571,NaN,NaN
Bellatrix_368,2016-07-06T04:32:20Z,8.000117363343316,88.03692463824686,452.55777,NaN,10.891822,NaN,34.872063,NaN,NaN
Bellatrix_368,2016-07-06T04:32:27Z,8.00014093118118,88.03691887815772,453.57437,NaN,10.900376,NaN,34.855347,NaN,NaN
Bellatrix_368,2016-07-06T04:32:36Z,8.000143605154443,88.03692852741119,455.0439,NaN,10.892682,NaN,NaN,NaN,NaN
Bellatrix_368,2016-07-06T04:32:42Z,8.00014545549761,88.0369352045274,455.829,NaN,10.86915,NaN,NaN,NaN,NaN
Bellatrix_368,2016-07-06T04:32:49Z,8.00014727629084,88.03694177501022,456.34235,NaN,10.8811655,NaN,NaN,NaN,NaN
Bellatrix_368,2016-07-06T04:32:54Z,8.00014884330295,88.0369474297029,456.5235,NaN,10.886322,NaN,NaN,NaN,NaN
Bellatrix_368,2016-07-06T04:33:00Z,8.000150641788956,88.03695391968827,456.68457,NaN,10.89291,NaN,NaN,NaN,NaN
Bellatrix_368,2016-07-06T04:33:07Z,8.000152594687501,88.03696096688404,456.83554,NaN,10.909284,NaN,NaN,NaN,NaN
Bellatrix_368,2016-07-06T04:33:12Z,8.000154154456968,88.03696659544104,456.91608,NaN,10.927982,NaN,NaN,NaN,NaN
Bellatrix_368,2016-07-06T04:33:18Z,8.000155716833726,88.03697223340667,456.91608,NaN,10.928786,NaN,NaN,NaN,NaN
Bellatrix_368,2016-07-06T04:33:24Z,8.00015753791671,88.03697880493509,457.1073,NaN,10.907224,NaN,NaN,NaN,NaN
Bellatrix_368,2016-07-06T04:33:30Z,8.000159274116257,88.03698507015461,457.2784,NaN,10.887672,NaN,NaN,NaN,NaN
Bellatrix_368,2016-07-06T04:33:41Z,8.00016230645408,88.03699601259622,457.48978,NaN,10.853524,NaN,NaN,NaN,NaN
Bellatrix_368,2016-07-06T04:33:46Z,8.000163830879595,88.03700151361164,457.34888,NaN,10.833169,NaN,NaN,NaN,NaN
Bellatrix_368,2016-07-06T04:33:51Z,8.000165385144662,88.03700712230557,457.17776,NaN,10.758928,NaN,NaN,NaN,NaN
Bellatrix_368,2016-07-06T04:33:58Z,8.000167342968172,88.03701418727347,456.6946,NaN,10.7262745,NaN,NaN,NaN,NaN
Bellatrix_368,2016-07-06T04:34:04Z,8.000169160284992,88.0370207452114,456.56378,NaN,10.702635,NaN,NaN,NaN,NaN
Bellatrix_368,2016-07-06T04:34:10Z,8.000170734539676,88.03702642603949,456.48325,NaN,10.703716,NaN,NaN,NaN,NaN
Bellatrix_368,2016-07-06T04:34:15Z,8.000172301551716,88.03703208073192,456.45306,NaN,10.7105665,NaN,NaN,NaN,NaN
Bellatrix_368,2016-07-06T04:34:22Z,8.000174244600329,88.0370390923834,456.36246,NaN,10.860214,NaN,NaN,NaN,NaN
Bellatrix_368,2016-07-06T04:34:27Z,8.000175806977156,88.03704473034927,456.40274,NaN,11.014664,NaN,NaN,NaN,NaN
Bellatrix_368,2016-07-06T04:34:33Z,8.00017736993335,88.03705037040585,456.3222,NaN,11.128261,NaN,NaN,NaN,NaN
Bellatrix_368,2016-07-06T04:34:39Z,8.00017919333394,88.03705695029754,456.14102,NaN,11.120969,NaN,NaN,NaN,NaN
Bellatrix_368,2016-07-06T04:34:48Z,8.000181958274478,88.03706692781394,455.93973,NaN,11.094235,NaN,NaN,NaN,NaN
Bellatrix_368,2016-07-06T04:34:54Z,8.000183586703859,88.03707280413592,455.68808,NaN,10.948019,NaN,NaN,NaN,NaN
Bellatrix_368,2016-07-06T04:34:59Z,8.000185033778264,88.03707802602348,455.45657,NaN,10.917423,NaN,NaN,NaN,NaN
Bellatrix_368,2016-07-06T04:35:04Z,8.000186482301157,88.03708325313802,455.1647,NaN,10.869376,NaN,NaN,NaN,NaN
Bellatrix_368,2016-07-06T04:35:08Z,8.00018777467327,88.03708791676958,454.8929,NaN,10.838771,NaN,NaN,NaN,NaN
Bellatrix_368,2016-07-06T04:35:13Z,8.000189212766793,88.03709310624889,454.66144,NaN,10.8255005,NaN,NaN,NaN,NaN
Bellatrix_368,2016-07-06T04:35:19Z,8.000190829608071,88.03709894075423,454.2286,NaN,10.826157,NaN,NaN,NaN,NaN
Bellatrix_368,2016-07-06T04:35:24Z,8.000192276392722,88.0371041615962,453.826,NaN,10.830191,NaN,34.885403,NaN,NaN
Bellatrix_368,2016-07-06T04:35:28Z,8.000193558045785,88.03710878654718,453.52405,NaN,10.847987,NaN,34.87683,NaN,NaN
Bellatrix_368,2016-07-06T04:35:34Z,8.000195175176746,88.03711462209787,453.1516,NaN,10.869057,NaN,34.86008,NaN,NaN
Bellatrix_368,2016-07-06T04:35:39Z,8.000196623409884,88.03711984816682,452.70874,NaN,10.894611,NaN,34.843452,NaN,NaN
Bellatrix_368,2016-07-06T04:35:43Z,8.00019789839974,88.03712444907308,452.29608,NaN,10.922506,NaN,34.816048,NaN,NaN
Bellatrix_368,2016-07-06T04:35:49Z,8.000199526539506,88.03713032434995,451.83307,NaN,11.022837,NaN,34.75347,NaN,NaN
Bellatrix_368,2016-07-06T04:35:54Z,8.000200974772714,88.03713555041915,451.42038,NaN,11.084616,NaN,34.71462,NaN,NaN
Bellatrix_368,2016-07-06T04:35:59Z,8.000202502384957,88.03714106293414,451.11844,NaN,11.127854,NaN,34.6684,NaN,NaN
Bellatrix_368,2016-07-06T04:36:05Z,8.000204131683457,88.03714694239241,450.5447,NaN,11.183598,NaN,34.637333,NaN,NaN
Bellatrix_368,2016-07-06T04:36:09Z,8.000205411598278,88.03715156107081,450.12195,NaN,11.155426,NaN,34.63866,NaN,NaN
Bellatrix_368,2016-07-06T04:36:14Z,8.000206859252051,88.03715678504906,449.62875,NaN,11.149146,NaN,34.642136,NaN,NaN
Bellatrix_368,2016-07-06T04:36:20Z,8.000208476962449,88.0371626226907,449.10535,NaN,11.140881,NaN,34.645454,NaN,NaN
Bellatrix_368,2016-07-06T04:36:25Z,8.000209924326537,88.03716784562361,448.76312,NaN,11.133602,NaN,34.64944,NaN,NaN
Bellatrix_368,2016-07-06T04:36:29Z,8.000211204531043,88.03717246534735,448.3102,NaN,11.130902,NaN,34.645794,NaN,NaN
Bellatrix_368,2016-07-06T04:36:35Z,8.000212822820806,88.03717830507968,447.80692,NaN,11.156367,NaN,34.636166,NaN,NaN
Bellatrix_368,2016-07-06T04:36:40Z,8.0002142713437,88.03718353219423,447.3842,NaN,11.146112,NaN,34.64532,NaN,NaN
Bellatrix_368,2016-07-06T04:36:44Z,8.000215549230598,88.0371881435547,447.0017,NaN,11.106101,NaN,34.655914,NaN,NaN
Bellatrix_368,2016-07-06T04:36:50Z,8.000217176790928,88.03719401674063,446.43805,NaN,11.125114,NaN,34.65797,NaN,NaN
Bellatrix_368,2016-07-06T04:36:55Z,8.000218626182939,88.03719924699146,445.94485,NaN,11.125091,NaN,34.657978,NaN,NaN
Bellatrix_368,2016-07-06T04:37:00Z,8.000220074126394,88.03720447201506,445.65295,NaN,11.125945,NaN,34.66035,NaN,NaN
Bellatrix_368,2016-07-06T04:37:05Z,8.000221523228722,88.03720970122056,445.15976,NaN,11.12794,NaN,34.659122,NaN,NaN
Bellatrix_368,2016-07-06T04:37:10Z,8.000222867457927,88.03721455198271,444.84772,NaN,11.147441,NaN,34.65168,NaN,NaN
Bellatrix_368,2016-07-06T04:37:15Z,8.000224326989624,88.03721981882344,444.274,NaN,11.153422,NaN,34.64729,NaN,NaN
Bellatrix_368,2016-07-06T04:37:20Z,8.000225943541148,88.0372256522832,443.86133,NaN,11.151269,NaN,34.64903,NaN,NaN
Bellatrix_368,2016-07-06T04:37:25Z,8.000227224035406,88.03723027305253,443.41846,NaN,11.149957,NaN,34.652164,NaN,NaN
Bellatrix_368,2016-07-06T04:37:30Z,8.000228673137734,88.03723550225803,442.90512,NaN,11.148472,NaN,34.656433,NaN,NaN
Bellatrix_368,2016-07-06T04:37:35Z,8.00023028968926,88.03724133571778,442.5226,NaN,11.148029,NaN,34.657463,NaN,NaN
Bellatrix_368,2016-07-06T04:37:40Z,8.000231569893765,88.03724595544152,442.01935,NaN,11.166835,NaN,34.65406,NaN,NaN
Bellatrix_368,2016-07-06T04:37:45Z,8.000233017257854,88.03725117837442,441.76773,NaN,11.1617365,NaN,34.65521,NaN,NaN
Bellatrix_368,2016-07-06T04:37:52Z,8.000235045479586,88.03725849738014,441.1336,NaN,11.170884,NaN,34.676697,NaN,NaN
Bellatrix_368,2016-07-06T04:37:57Z,8.000236606697609,88.03726413116438,440.62027,NaN,11.11139,NaN,34.72771,NaN,NaN
Bellatrix_368,2016-07-06T04:38:02Z,8.000238167046444,88.03726976181208,440.117,NaN,11.055979,NaN,34.79299,NaN,NaN
Bellatrix_368,2016-07-06T04:38:10Z,8.000240406752525,88.03727784397653,439.42252,NaN,10.979032,NaN,34.85704,NaN,NaN
Bellatrix_368,2016-07-06T04:38:16Z,8.00024203576141,88.0372837223897,438.8689,NaN,10.982239,NaN,34.872982,NaN,NaN
Bellatrix_368,2016-07-06T04:38:20Z,8.000243307274786,88.03728831075078,438.4663,NaN,10.9793215,NaN,34.882534,NaN,NaN
Bellatrix_368,2016-07-06T04:38:26Z,8.000244935414484,88.03729418602741,437.76172,NaN,10.976337,NaN,34.893223,NaN,NaN
Bellatrix_368,2016-07-06T04:38:31Z,8.000246384227129,88.03729941418756,437.24838,NaN,10.973599,NaN,34.90265,NaN,NaN
Bellatrix_368,2016-07-06T04:38:35Z,8.000247666169873,88.03730404018388,436.6344,NaN,10.9712715,NaN,34.90645,NaN,NaN
Bellatrix_368,2016-07-06T04:38:41Z,8.000249281272911,88.03730986841664,436.13113,NaN,10.984814,NaN,34.907616,NaN,NaN
Bellatrix_368,2016-07-06T04:38:46Z,8.000250729795804,88.03731509553118,435.46683,NaN,10.976331,NaN,34.91856,NaN,NaN
Bellatrix_368,2016-07-06T04:38:50Z,8.0002520021783,88.03731968702857,435.04407,NaN,10.950851,NaN,34.939392,NaN,NaN
Bellatrix_368,2016-07-06T04:38:56Z,8.00025362973863,88.0373255602145,434.35965,NaN,10.932881,NaN,34.95519,NaN,NaN
Bellatrix_368,2016-07-06T04:39:01Z,8.000255078551204,88.03733078837439,433.77585,NaN,10.958929,NaN,34.95723,NaN,NaN
Bellatrix_368,2016-07-06T04:39:06Z,8.000256527074097,88.03733601548893,433.14172,NaN,10.945886,NaN,34.96929,NaN,NaN
Bellatrix_368,2016-07-06T04:39:11Z,8.000257975596988,88.03734124260349,432.61835,NaN,10.947442,NaN,34.987537,NaN,NaN
Bellatrix_368,2016-07-06T04:39:15Z,8.000259257539733,88.0373458685998,431.92383,NaN,10.950487,NaN,34.99396,NaN,NaN
Bellatrix_368,2016-07-06T04:39:21Z,8.000260872063334,88.03735169474163,431.19913,NaN,10.981251,NaN,34.995182,NaN,NaN
Bellatrix_368,2016-07-06T04:39:26Z,8.000262321455347,88.03735692499247,430.6254,NaN,10.9633045,NaN,35.00941,NaN,NaN
Bellatrix_368,2016-07-06T04:39:31Z,8.000263769688555,88.03736215106166,430.02148,NaN,10.993648,NaN,35.011448,NaN,NaN
Bellatrix_368,2016-07-06T04:39:35Z,8.00026507886356,88.03736687532785,429.4679,NaN,10.987845,NaN,35.0192,NaN,NaN
Bellatrix_368,2016-07-06T04:39:41Z,8.00026670555477,88.03737274537748,428.79352,NaN,10.985666,NaN,35.021763,NaN,NaN
Bellatrix_368,2016-07-06T04:39:46Z,8.0002681558159,88.03737797876461,428.20972,NaN,11.013153,NaN,35.011147,NaN,NaN
Bellatrix_368,2016-07-06T04:39:50Z,8.00026943022632,88.03738257757992,427.67624,NaN,11.018188,NaN,35.006176,NaN,NaN
Bellatrix_368,2016-07-06T04:39:56Z,8.00027105865577,88.03738845390214,427.00186,NaN,11.031326,NaN,35.007805,NaN,NaN
Bellatrix_368,2016-07-06T04:40:01Z,8.000272507468345,88.03739368206203,426.39795,NaN,11.012947,NaN,35.025803,NaN,NaN
Bellatrix_368,2016-07-06T04:40:06Z,8.000273955411801,88.03739890708563,425.84436,NaN,11.017089,NaN,35.021576,NaN,NaN
Bellatrix_368,2016-07-06T04:40:11Z,8.000275403934692,88.03740413420019,425.20016,NaN,11.074597,NaN,34.99732,NaN,NaN
Bellatrix_368,2016-07-06T04:40:15Z,8.00027668529807,88.03740875810581,424.7271,NaN,11.058072,NaN,34.993023,NaN,NaN
Bellatrix_368,2016-07-06T04:40:21Z,8.00027846205622,88.03741516968441,424.04266,NaN,11.075773,NaN,34.98419,NaN,NaN
Bellatrix_368,2016-07-06T04:40:27Z,8.000280090195986,88.03742104496128,423.26764,NaN,11.052479,NaN,34.976894,NaN,NaN
Bellatrix_368,2016-07-06T04:40:32Z,8.000281537849757,88.03742626893954,422.88516,NaN,11.102482,NaN,34.95169,NaN,NaN
Bellatrix_368,2016-07-06T04:40:37Z,8.0002828186337,88.03743089075422,422.35168,NaN,11.093796,NaN,34.93884,NaN,NaN
Bellatrix_368,2016-07-06T04:40:42Z,8.00028443576466,88.03743672630492,421.75784,NaN,11.087276,NaN,34.930588,NaN,NaN
Bellatrix_368,2016-07-06T04:40:47Z,8.000285884577236,88.03744195446481,421.22437,NaN,11.083832,NaN,34.92136,NaN,NaN
Bellatrix_368,2016-07-06T04:40:51Z,8.000287156959732,88.03744654596218,420.71103,NaN,11.098033,NaN,34.915794,NaN,NaN
Bellatrix_368,2016-07-06T04:40:57Z,8.000288612435583,88.03745179816706,420.21783,NaN,11.083338,NaN,34.91624,NaN,NaN
Bellatrix_368,2016-07-06T04:41:02Z,8.00029024057528,88.03745767344368,419.63403,NaN,11.079211,NaN,34.91929,NaN,NaN
Bellatrix_368,2016-07-06T04:41:07Z,8.000291689677608,88.03746290264917,418.99994,NaN,11.080146,NaN,34.920605,NaN,NaN
Bellatrix_368,2016-07-06T04:41:13Z,8.000293471650476,88.03746933304551,418.51678,NaN,11.079982,NaN,34.925858,NaN,NaN
Bellatrix_368,2016-07-06T04:41:21Z,8.0002955966335,88.03747700122234,417.6713,NaN,11.059795,NaN,34.941494,NaN,NaN
Bellatrix_368,2016-07-06T04:41:26Z,8.00029705645488,88.03748226910841,417.22842,NaN,11.057169,NaN,34.948116,NaN,NaN
Bellatrix_368,2016-07-06T04:41:31Z,8.000298672137355,88.03748809943212,416.70505,NaN,11.072991,NaN,34.944187,NaN,NaN
Bellatrix_368,2016-07-06T04:41:36Z,8.000299952631543,88.03749272020121,416.27222,NaN,11.10351,NaN,34.944588,NaN,NaN
Bellatrix_368,2016-07-06T04:41:41Z,8.000301401154434,88.03749794731576,415.77902,NaN,11.0794,NaN,34.95375,NaN,NaN
Bellatrix_368,2016-07-06T04:41:46Z,8.000303017995712,88.0375037818211,415.24554,NaN,11.089122,NaN,34.955345,NaN,NaN
Bellatrix_368,2016-07-06T04:41:51Z,8.000304299648775,88.03750840677208,414.73224,NaN,11.101744,NaN,34.94699,NaN,NaN
Bellatrix_368,2016-07-06T04:41:56Z,8.000305747012863,88.03751362970499,414.19876,NaN,11.108816,NaN,34.949207,NaN,NaN
Bellatrix_368,2016-07-06T04:42:01Z,8.000307195825437,88.03751885786488,413.71564,NaN,11.074257,NaN,34.959595,NaN,NaN
Bellatrix_368,2016-07-06T04:42:06Z,8.000308811797595,88.03752468923395,413.07144,NaN,11.105339,NaN,34.95318,NaN,NaN
Bellatrix_368,2016-07-06T04:42:11Z,8.00031009287122,88.03752931209397,412.7393,NaN,11.134756,NaN,34.93875,NaN,NaN
Bellatrix_368,2016-07-06T04:42:16Z,8.000311708843379,88.03753514346303,412.17563,NaN,11.142895,NaN,34.937687,NaN,NaN
Bellatrix_368,2016-07-06T04:42:21Z,8.000312990786124,88.03753976945936,411.79315,NaN,11.106018,NaN,34.95746,NaN,NaN
Bellatrix_368,2016-07-06T04:42:26Z,8.000314438439895,88.0375449934376,411.17917,NaN,11.081135,NaN,34.973675,NaN,NaN
Bellatrix_368,2016-07-06T04:42:31Z,8.000316054412053,88.03755082480667,410.66583,NaN,11.087297,NaN,34.97559,NaN,NaN
Bellatrix_368,2016-07-06T04:42:36Z,8.000317334326876,88.03755544348506,410.19275,NaN,11.076056,NaN,34.98554,NaN,NaN
Bellatrix_368,2016-07-06T04:42:41Z,8.000318784588007,88.03756067687219,409.6794,NaN,11.04501,NaN,35.000237,NaN,NaN
Bellatrix_368,2016-07-06T04:42:46Z,8.000320400270413,88.03756650719565,409.27682,NaN,11.054187,NaN,35.000957,NaN,NaN
Bellatrix_368,2016-07-06T04:42:51Z,8.000321680474919,88.03757112691939,408.80374,NaN,11.053234,NaN,35.006516,NaN,NaN
Bellatrix_368,2016-07-06T04:42:56Z,8.000323129577247,88.03757635612487,408.3508,NaN,11.03299,NaN,35.020294,NaN,NaN
Bellatrix_368,2016-07-06T04:43:01Z,8.000324578100138,88.03758158323943,407.767,NaN,11.038001,NaN,35.01875,NaN,NaN
Bellatrix_368,2016-07-06T04:43:06Z,8.000326194072295,88.03758741460848,407.28387,NaN,11.056472,NaN,35.0065,NaN,NaN
Bellatrix_368,2016-07-06T04:43:11Z,8.000327474856237,88.03759203642316,406.8108,NaN,11.058344,NaN,35.001556,NaN,NaN
Bellatrix_368,2016-07-06T04:43:16Z,8.000329091118079,88.03759786883758,406.27734,NaN,11.0828905,NaN,34.99559,NaN,NaN
Bellatrix_368,2016-07-06T04:43:21Z,8.00033037277114,88.03760249378855,405.95526,NaN,11.102953,NaN,34.987747,NaN,NaN
Bellatrix_368,2016-07-06T04:43:26Z,8.000331819845476,88.03760771567586,405.35132,NaN,11.113664,NaN,34.97983,NaN,NaN
Bellatrix_368,2016-07-06T04:43:31Z,8.000333436686754,88.0376135501812,404.84805,NaN,11.126573,NaN,34.970387,NaN,NaN
Bellatrix_368,2016-07-06T04:43:36Z,8.000334717180943,88.0376181709503,404.44547,NaN,11.14793,NaN,34.968857,NaN,NaN
Bellatrix_368,2016-07-06T04:43:41Z,8.00033616541415,88.0376233970195,404.00256,NaN,11.150122,NaN,34.975563,NaN,NaN
Bellatrix_368,2016-07-06T04:43:46Z,8.000337782545111,88.0376292325702,403.56976,NaN,11.174886,NaN,34.979492,NaN,NaN
Bellatrix_368,2016-07-06T04:43:51Z,8.000339064198174,88.03763385752117,403.08664,NaN,11.165719,NaN,34.985825,NaN,NaN
Bellatrix_368,2016-07-06T04:43:56Z,8.000340510693142,88.03763907731778,402.6538,NaN,11.158267,NaN,35.003536,NaN,NaN
Bellatrix_368,2016-07-06T04:44:01Z,8.000342189241444,88.03764513449802,402.1606,NaN,11.164082,NaN,35.01776,NaN,NaN
Bellatrix_368,2016-07-06T04:44:07Z,8.000343816512089,88.03765100663861,401.57684,NaN,11.160917,NaN,35.0216,NaN,NaN
Bellatrix_368,2016-07-06T04:44:12Z,8.000345265324665,88.0376562347985,401.10376,NaN,11.159545,NaN,35.023136,NaN,NaN
Bellatrix_368,2016-07-06T04:44:17Z,8.000346714716676,88.03766146504934,400.681,NaN,11.167516,NaN,35.028038,NaN,NaN
Bellatrix_368,2016-07-06T04:44:24Z,8.000348745256083,88.03766879241857,400.06702,NaN,11.177198,NaN,35.030052,NaN,NaN
Bellatrix_368,2016-07-06T04:44:33Z,8.000351285385793,88.03767795868653,399.1511,NaN,11.211119,NaN,35.015976,NaN,NaN
Bellatrix_368,2016-07-06T04:44:38Z,8.00035291439468,88.03768383709969,398.678,NaN,11.215131,NaN,35.011433,NaN,NaN
Bellatrix_368,2016-07-06T04:44:43Z,8.00035419401975,88.03768845473249,398.20493,NaN,11.228656,NaN,35.005764,NaN,NaN
Bellatrix_368,2016-07-06T04:44:48Z,8.000355641673522,88.03769367871075,397.7822,NaN,11.232255,NaN,35.0066,NaN,NaN
Bellatrix_368,2016-07-06T04:44:53Z,8.000357259963355,88.03769951844333,397.3091,NaN,11.224528,NaN,35.00912,NaN,NaN
Bellatrix_368,2016-07-06T04:44:58Z,8.000358540457544,88.03770413921242,396.81592,NaN,11.232923,NaN,35.009964,NaN,NaN
Bellatrix_368,2016-07-06T04:45:03Z,8.000359988980437,88.03770936632696,396.36298,NaN,11.230169,NaN,35.01242,NaN,NaN
Bellatrix_368,2016-07-06T04:45:08Z,8.000361435765088,88.03771458716892,395.8597,NaN,11.249048,NaN,35.011345,NaN,NaN
Bellatrix_368,2016-07-06T04:45:13Z,8.000363054054922,88.03772042690152,395.38666,NaN,11.250902,NaN,35.013058,NaN,NaN
Bellatrix_368,2016-07-06T04:45:18Z,8.000364333390309,88.03772504348896,394.95383,NaN,11.2492285,NaN,35.019497,NaN,NaN
Bellatrix_368,2016-07-06T04:45:23Z,8.000365951100704,88.0377308811306,394.5009,NaN,11.24426,NaN,35.026417,NaN,NaN
Bellatrix_368,2016-07-06T04:45:28Z,8.00036723217433,88.03773550399063,394.058,NaN,11.246373,NaN,35.02784,NaN,NaN
Bellatrix_368,2016-07-06T04:45:33Z,8.000368679828103,88.03774072796888,393.46417,NaN,11.250415,NaN,35.02788,NaN,NaN
Bellatrix_368,2016-07-06T04:45:38Z,8.000370296959064,88.03774656351958,393.06155,NaN,11.261349,NaN,35.02522,NaN,NaN
Bellatrix_368,2016-07-06T04:45:43Z,8.000371576873885,88.03775118219798,392.4979,NaN,11.267229,NaN,35.026184,NaN,NaN
Bellatrix_368,2016-07-06T04:45:48Z,8.00037302481734,88.03775640722158,392.1255,NaN,11.257912,NaN,35.02767,NaN,NaN
Bellatrix_368,2016-07-06T04:45:53Z,8.000374641948302,88.03776224277227,391.49136,NaN,11.272151,NaN,35.02234,NaN,NaN
Bellatrix_368,2016-07-06T04:45:58Z,8.000375923021997,88.03776686563255,391.11893,NaN,11.277427,NaN,35.023006,NaN,NaN
Bellatrix_368,2016-07-06T04:46:03Z,8.000377370965452,88.03777209065616,390.66602,NaN,11.266344,NaN,35.027348,NaN,NaN
Bellatrix_368,2016-07-06T04:46:08Z,8.00037881919866,88.03777731672535,390.02182,NaN,11.2669,NaN,35.028774,NaN,NaN
Bellatrix_368,2016-07-06T04:46:13Z,8.000380436619306,88.0377831533214,389.58902,NaN,11.268837,NaN,35.02928,NaN,NaN
Bellatrix_368,2016-07-06T04:46:18Z,8.000381715665007,88.0377877688635,389.21658,NaN,11.268322,NaN,35.02911,NaN,NaN
Bellatrix_368,2016-07-06T04:46:23Z,8.000383333375405,88.03779360650515,388.6026,NaN,11.278983,NaN,35.026016,NaN,NaN
Bellatrix_368,2016-07-06T04:46:28Z,8.000384668044362,88.03779842276835,388.14966,NaN,11.290998,NaN,35.02253,NaN,NaN
Bellatrix_368,2016-07-06T04:46:34Z,8.000386295315007,88.03780429490894,387.6162,NaN,11.29619,NaN,35.020844,NaN,NaN
Bellatrix_368,2016-07-06T04:46:39Z,8.0003877438379,88.03780952202348,387.12302,NaN,11.299278,NaN,35.0203,NaN,NaN
Bellatrix_368,2016-07-06T04:46:44Z,8.00038919236079,88.03781474913804,386.6902,NaN,11.303135,NaN,35.019844,NaN,NaN
Bellatrix_368,2016-07-06T04:46:49Z,8.000390665218829,88.03782006406797,386.23724,NaN,11.304489,NaN,35.02039,NaN,NaN
Bellatrix_368,2016-07-06T04:46:54Z,8.00039223396911,88.03782572503297,385.69373,NaN,11.30466,NaN,35.024334,NaN,NaN
Bellatrix_368,2016-07-06T04:47:00Z,8.00039386152944,88.03783159821892,385.16025,NaN,11.306174,NaN,35.02826,NaN,NaN
Bellatrix_368,2016-07-06T04:47:04Z,8.00039513854722,88.03783620644309,384.77777,NaN,11.31159,NaN,35.029236,NaN,NaN
Bellatrix_368,2016-07-06T04:47:10Z,8.000396767266352,88.03784208381066,384.1638,NaN,11.3109,NaN,35.027878,NaN,NaN
Bellatrix_368,2016-07-06T04:47:15Z,8.000398215209877,88.03784730883451,383.731,NaN,11.321779,NaN,35.026733,NaN,NaN
Bellatrix_368,2016-07-06T04:47:20Z,8.000399663732768,88.03785253594906,383.18744,NaN,11.316116,NaN,35.029026,NaN,NaN
Bellatrix_368,2016-07-06T04:47:24Z,8.000400943357906,88.03785715358211,382.90564,NaN,11.31597,NaN,35.030315,NaN,NaN
Bellatrix_368,2016-07-06T04:47:30Z,8.000402561647672,88.03786299331443,382.3319,NaN,11.318367,NaN,35.029385,NaN,NaN
Bellatrix_368,2016-07-06T04:47:37Z,8.000404637380964,88.03787048376954,381.59714,NaN,11.322475,NaN,35.02994,NaN,NaN
Bellatrix_368,2016-07-06T04:47:42Z,8.000406211635648,88.03787616459765,381.10394,NaN,11.315761,NaN,35.040077,NaN,NaN
Bellatrix_368,2016-07-06T04:47:50Z,8.000408507254733,88.0378844485288,380.21817,NaN,11.334851,NaN,35.044487,NaN,NaN
Bellatrix_368,2016-07-06T04:47:56Z,8.000410134815063,88.03789032171474,379.6042,NaN,11.34677,NaN,35.03916,NaN,NaN
Bellatrix_368,2016-07-06T04:48:01Z,8.000411583337955,88.03789554882928,379.21164,NaN,11.351666,NaN,35.036278,NaN,NaN
Bellatrix_368,2016-07-06T04:48:06Z,8.000413032440214,88.03790077803453,378.5574,NaN,11.355027,NaN,35.03548,NaN,NaN
Bellatrix_368,2016-07-06T04:48:10Z,8.00041430482271,88.0379053695319,378.13464,NaN,11.356267,NaN,35.035877,NaN,NaN
Bellatrix_368,2016-07-06T04:48:16Z,8.000415932962476,88.03791124480877,377.59113,NaN,11.354371,NaN,35.036835,NaN,NaN
Bellatrix_368,2016-07-06T04:48:20Z,8.000417212877299,88.03791586348717,377.00732,NaN,11.354403,NaN,35.037296,NaN,NaN
Bellatrix_368,2016-07-06T04:48:26Z,8.000418828849456,88.03792169485622,376.43362,NaN,11.359866,NaN,35.038925,NaN,NaN
Bellatrix_368,2016-07-06T04:48:31Z,8.000420277662032,88.03792692301612,375.96054,NaN,11.362156,NaN,35.04347,NaN,NaN
Bellatrix_368,2016-07-06T04:48:35Z,8.000421560184213,88.03793155110338,375.41702,NaN,11.37148,NaN,35.044228,NaN,NaN
Bellatrix_368,2016-07-06T04:48:41Z,8.000423174707814,88.03793737724521,374.7829,NaN,11.373959,NaN,35.04364,NaN,NaN
Bellatrix_368,2016-07-06T04:48:45Z,8.000424455202074,88.03794199801455,374.2595,NaN,11.378231,NaN,35.042995,NaN,NaN
Bellatrix_368,2016-07-06T04:48:51Z,8.000426071463915,88.03794783042895,373.6254,NaN,11.379352,NaN,35.04356,NaN,NaN
Bellatrix_368,2016-07-06T04:48:55Z,8.00042735253754,88.03795245328898,373.05167,NaN,11.379665,NaN,35.04408,NaN,NaN
Bellatrix_368,2016-07-06T04:49:01Z,8.000428968509699,88.03795828465805,372.3974,NaN,11.390811,NaN,35.054165,NaN,NaN
Bellatrix_368,2016-07-06T04:49:06Z,8.00043041877076,88.03796351804492,371.74316,NaN,11.413899,NaN,35.061825,NaN,NaN
Bellatrix_368,2016-07-06T04:49:10Z,8.000431693181248,88.03796811686047,371.28015,NaN,11.436523,NaN,35.060356,NaN,NaN
Bellatrix_368,2016-07-06T04:49:15Z,8.000433153292313,88.0379733857919,370.73663,NaN,11.451027,NaN,35.05862,NaN,NaN
Bellatrix_368,2016-07-06T04:49:21Z,8.000434769843837,88.03797921925165,369.9314,NaN,11.457655,NaN,35.05709,NaN,NaN
Bellatrix_368,2016-07-06T04:49:26Z,8.00043621836673,88.0379844463662,369.35767,NaN,11.46763,NaN,35.061604,NaN,NaN
Bellatrix_368,2016-07-06T04:49:31Z,8.000437667179304,88.03798967452609,368.87454,NaN,11.477197,NaN,35.064323,NaN,NaN
Bellatrix_368,2016-07-06T04:49:35Z,8.000438948832366,88.03799429947706,368.1599,NaN,11.479728,NaN,35.06417,NaN,NaN
Bellatrix_368,2016-07-06T04:49:40Z,8.000440396196455,88.03799952240996,367.62643,NaN,11.485536,NaN,35.063316,NaN,NaN
Bellatrix_368,2016-07-06T04:49:46Z,8.000442012168612,88.03800535377903,366.9923,NaN,11.486486,NaN,35.06399,NaN,NaN
Bellatrix_368,2016-07-06T04:49:51Z,8.000443460981188,88.03801058193892,366.45886,NaN,11.491965,NaN,35.061535,NaN,NaN
Bellatrix_368,2016-07-06T04:49:55Z,8.000444742344566,88.03801520584454,365.91534,NaN,11.496776,NaN,35.06091,NaN,NaN
Bellatrix_368,2016-07-06T04:50:01Z,8.00044635802697,88.038021036168,365.27115,NaN,11.4961195,NaN,35.066624,NaN,NaN
Bellatrix_368,2016-07-06T04:50:07Z,8.000447964728563,88.03802683408347,364.72763,NaN,11.493916,NaN,35.072586,NaN,NaN
Bellatrix_368,2016-07-06T04:50:12Z,8.00044942426026,88.0380321009242,364.11365,NaN,11.504596,NaN,35.072002,NaN,NaN
Bellatrix_368,2016-07-06T04:50:17Z,8.000451040232349,88.03803793229301,363.53992,NaN,11.510897,NaN,35.070602,NaN,NaN
Bellatrix_368,2016-07-06T04:50:22Z,8.000452321595727,88.03804255619863,363.06683,NaN,11.512287,NaN,35.071083,NaN,NaN
Bellatrix_368,2016-07-06T04:50:27Z,8.000453937567885,88.03804838756768,362.46292,NaN,11.519281,NaN,35.072514,NaN,NaN
Bellatrix_368,2016-07-06T04:50:32Z,8.00045521777239,88.03805300729142,361.96973,NaN,11.524652,NaN,35.073063,NaN,NaN
Bellatrix_368,2016-07-06T04:50:37Z,8.000456835772471,88.03805884597841,361.41614,NaN,11.534113,NaN,35.07368,NaN,NaN
Bellatrix_368,2016-07-06T04:50:42Z,8.000458110472643,88.03806344583931,360.9028,NaN,11.530627,NaN,35.07547,NaN,NaN
Bellatrix_368,2016-07-06T04:50:47Z,8.000459738902023,88.03806932216129,360.35925,NaN,11.535988,NaN,35.07614,NaN,NaN
Bellatrix_368,2016-07-06T04:50:53Z,8.000461517688166,88.03807574105807,359.6547,NaN,11.540394,NaN,35.07659,NaN,NaN
Bellatrix_368,2016-07-06T04:51:01Z,8.000463655707918,88.038083456279,358.79913,NaN,11.543332,NaN,35.075962,NaN,NaN
Bellatrix_368,2016-07-06T04:51:06Z,8.000465284137368,88.03808933260123,358.18515,NaN,11.555734,NaN,35.06947,NaN,NaN
Bellatrix_368,2016-07-06T04:51:11Z,8.000466565210992,88.03809395546126,357.69196,NaN,11.564779,NaN,35.06717,NaN,NaN
Bellatrix_368,2016-07-06T04:51:16Z,8.000468012575082,88.03809917839416,357.15848,NaN,11.556885,NaN,35.07097,NaN,NaN
Bellatrix_368,2016-07-06T04:51:21Z,8.00046946080829,88.03810440446337,356.6351,NaN,11.556221,NaN,35.074265,NaN,NaN
Bellatrix_368,2016-07-06T04:51:26Z,8.000471078228934,88.03811024105941,356.00098,NaN,11.565762,NaN,35.075012,NaN,NaN
Bellatrix_368,2016-07-06T04:51:31Z,8.000472358143757,88.0381148597378,355.59836,NaN,11.575833,NaN,35.07687,NaN,NaN
Bellatrix_368,2016-07-06T04:51:36Z,8.000473975274717,88.0381206952885,355.0347,NaN,11.572493,NaN,35.080944,NaN,NaN
Bellatrix_368,2016-07-06T04:51:41Z,8.000475256348343,88.03812531814853,354.5717,NaN,11.575192,NaN,35.081127,NaN,NaN
Bellatrix_368,2016-07-06T04:51:46Z,8.000476704581551,88.03813054421772,353.847,NaN,11.589631,NaN,35.08157,NaN,NaN
Bellatrix_368,2016-07-06T04:51:51Z,8.000478320843392,88.03813637663214,353.41418,NaN,11.58757,NaN,35.08487,NaN,NaN
Bellatrix_368,2016-07-06T04:51:56Z,8.000479600758215,88.03814099531053,352.84045,NaN,11.604796,NaN,35.07935,NaN,NaN
Bellatrix_368,2016-07-06T04:52:01Z,8.000481049281106,88.03814622242507,352.29694,NaN,11.6143675,NaN,35.07408,NaN,NaN
Bellatrix_368,2016-07-06T04:52:06Z,8.000482666412067,88.03815205797576,351.81378,NaN,11.6154995,NaN,35.075565,NaN,NaN
Bellatrix_368,2016-07-06T04:52:11Z,8.00048394719601,88.03815667979046,351.1998,NaN,11.611623,NaN,35.077854,NaN,NaN
Bellatrix_368,2016-07-06T04:52:16Z,8.00048539398066,88.03816190063242,350.57574,NaN,11.62514,NaN,35.07708,NaN,NaN
Bellatrix_368,2016-07-06T04:52:21Z,8.000486843952109,88.0381671329742,350.1027,NaN,11.623166,NaN,35.077583,NaN,NaN
Bellatrix_368,2016-07-06T04:52:26Z,8.000488460503634,88.03817296643395,349.36792,NaN,11.63115,NaN,35.078773,NaN,NaN
Bellatrix_368,2016-07-06T04:52:31Z,8.00048974070821,88.03817758615794,349.04584,NaN,11.638564,NaN,35.07943,NaN,NaN
Bellatrix_368,2016-07-06T04:52:36Z,8.0004913578391,88.03818342170838,348.3211,NaN,11.63566,NaN,35.0832,NaN,NaN
Bellatrix_368,2016-07-06T04:52:41Z,8.000492637753991,88.03818804038703,347.8279,NaN,11.632749,NaN,35.086006,NaN,NaN
Bellatrix_368,2016-07-06T04:52:46Z,8.000494085697447,88.03819326541063,347.224,NaN,11.644908,NaN,35.089344,NaN,NaN
Bellatrix_368,2016-07-06T04:52:51Z,8.000495702538725,88.03819909991599,346.74088,NaN,11.645725,NaN,35.09343,NaN,NaN
Bellatrix_368,2016-07-06T04:52:56Z,8.000496982453548,88.03820371859437,346.3181,NaN,11.664663,NaN,35.09105,NaN,NaN
Bellatrix_368,2016-07-06T04:53:01Z,8.000498432424926,88.03820895093591,345.7142,NaN,11.675701,NaN,35.082043,NaN,NaN
Bellatrix_368,2016-07-06T04:53:06Z,8.000500048686767,88.03821478335031,345.01968,NaN,11.694051,NaN,35.07745,NaN,NaN
Bellatrix_368,2016-07-06T04:53:11Z,8.000501328891342,88.03821940307431,344.47617,NaN,11.692406,NaN,35.077915,NaN,NaN
Bellatrix_368,2016-07-06T04:53:16Z,8.000502777703916,88.0382246312342,343.9427,NaN,11.705527,NaN,35.07768,NaN,NaN
Bellatrix_368,2016-07-06T04:53:21Z,8.00050422535769,88.03822985521245,343.33878,NaN,11.738503,NaN,35.082664,NaN,NaN
Bellatrix_368,2016-07-06T04:53:26Z,8.000505843068018,88.03823569285385,342.84558,NaN,11.721559,NaN,35.099915,NaN,NaN
Bellatrix_368,2016-07-06T04:53:31Z,8.000507122693156,88.03824031048688,342.22153,NaN,11.731936,NaN,35.102657,NaN,NaN
Bellatrix_368,2016-07-06T04:53:36Z,8.000508740113801,88.03824614708293,341.82898,NaN,11.755598,NaN,35.100563,NaN,NaN
Bellatrix_368,2016-07-06T04:53:42Z,8.000510413157768,88.03825218440033,341.18478,NaN,11.759854,NaN,35.10088,NaN,NaN
Bellatrix_368,2016-07-06T04:53:47Z,8.000511872689465,88.03825745124105,340.6312,NaN,11.762376,NaN,35.100758,NaN,NaN
Bellatrix_368,2016-07-06T04:53:53Z,8.000513488082186,88.03826328051917,340.08768,NaN,11.780649,NaN,35.093277,NaN,NaN
Bellatrix_368,2016-07-06T04:53:58Z,8.000514936315325,88.03826850658812,339.57434,NaN,11.7854595,NaN,35.092445,NaN,NaN
Bellatrix_368,2016-07-06T04:54:04Z,8.000516867486082,88.03827547537736,338.79932,NaN,11.786834,NaN,35.093292,NaN,NaN
Bellatrix_368,2016-07-06T04:54:11Z,8.000518771134825,88.03828234485115,338.17526,NaN,11.806484,NaN,35.08459,NaN,NaN
Bellatrix_368,2016-07-06T04:54:17Z,8.000520399564275,88.03828822117337,337.672,NaN,11.808999,NaN,35.08342,NaN,NaN
Bellatrix_368,2016-07-06T04:54:21Z,8.000521676582053,88.03829282939755,337.10834,NaN,11.815278,NaN,35.087337,NaN,NaN
Bellatrix_368,2016-07-06T04:54:27Z,8.000523304432068,88.03829870362884,336.5346,NaN,11.802999,NaN,35.09404,NaN,NaN
Bellatrix_368,2016-07-06T04:54:32Z,8.00052475295496,88.03830393074338,335.9508,NaN,11.821456,NaN,35.088017,NaN,NaN
Bellatrix_368,2016-07-06T04:54:37Z,8.00052620147785,88.03830915785792,335.42743,NaN,11.83439,NaN,35.08386,NaN,NaN
Bellatrix_368,2016-07-06T04:54:42Z,8.000527650000743,88.03831438497247,334.87384,NaN,11.836372,NaN,35.08965,NaN,NaN
Bellatrix_368,2016-07-06T04:54:46Z,8.000528932233241,88.0383190120144,334.3303,NaN,11.805041,NaN,35.103516,NaN,NaN
Bellatrix_368,2016-07-06T04:54:52Z,8.000530546756842,88.03832483815621,333.72638,NaN,11.821352,NaN,35.10347,NaN,NaN
Bellatrix_368,2016-07-06T04:54:57Z,8.000531995569418,88.0383300663161,333.16272,NaN,11.84549,NaN,35.093327,NaN,NaN
Bellatrix_368,2016-07-06T04:55:02Z,8.000533444092309,88.03833529343065,332.59906,NaN,11.849195,NaN,35.09323,NaN,NaN
Bellatrix_368,2016-07-06T04:55:07Z,8.000534933753308,88.03834066899546,331.99515,NaN,11.852852,NaN,35.09186,NaN,NaN
Bellatrix_368,2016-07-06T04:55:12Z,8.000536365183626,88.03834583443003,331.49188,NaN,11.875072,NaN,35.08381,NaN,NaN
Bellatrix_368,2016-07-06T04:55:17Z,8.00053779024042,88.03835097686523,330.96848,NaN,11.871286,NaN,35.085342,NaN,NaN
Bellatrix_368,2016-07-06T04:55:21Z,8.000539060594994,88.03835556104468,330.5256,NaN,11.875594,NaN,35.084965,NaN,NaN
Bellatrix_368,2016-07-06T04:55:27Z,8.000540688445007,88.03836143527596,329.84116,NaN,11.890652,NaN,35.079506,NaN,NaN
Bellatrix_368,2016-07-06T04:55:32Z,8.0005421369679,88.0383666623905,329.29764,NaN,11.883772,NaN,35.081886,NaN,NaN
Bellatrix_368,2016-07-06T04:55:37Z,8.00054358549079,88.03837188950504,328.67358,NaN,11.89899,NaN,35.08142,NaN,NaN
Bellatrix_368,2016-07-06T04:55:42Z,8.000545034013681,88.0383771166196,328.01932,NaN,11.903191,NaN,35.088863,NaN,NaN
Bellatrix_368,2016-07-06T04:55:47Z,8.000546528309895,88.03838250891096,327.5664,NaN,11.898676,NaN,35.104073,NaN,NaN
Bellatrix_368,2016-07-06T04:55:51Z,8.000547802720384,88.0383871077265,326.99268,NaN,11.930316,NaN,35.101738,NaN,NaN
Bellatrix_368,2016-07-06T04:55:57Z,8.000549430570397,88.03839298195778,326.36862,NaN,11.955222,NaN,35.086994,NaN,NaN
Bellatrix_368,2016-07-06T04:56:02Z,8.000550879382972,88.03839821011768,325.7043,NaN,11.968827,NaN,35.080303,NaN,NaN
Bellatrix_368,2016-07-06T04:56:06Z,8.000552202753509,88.03840298560961,325.10037,NaN,11.979161,NaN,35.07835,NaN,NaN
Bellatrix_368,2016-07-06T04:56:12Z,8.000553831182959,88.03840886193183,324.54678,NaN,11.98902,NaN,35.075623,NaN,NaN
Bellatrix_368,2016-07-06T04:56:17Z,8.000555279416098,88.03841408800078,323.95294,NaN,11.996583,NaN,35.0708,NaN,NaN
Bellatrix_368,2016-07-06T04:56:21Z,8.000556557013313,88.03841869831591,323.31882,NaN,12.002815,NaN,35.06859,NaN,NaN
Bellatrix_368,2016-07-06T04:56:27Z,8.000558185732446,88.03842457568348,322.75516,NaN,12.007193,NaN,35.07003,NaN,NaN
Bellatrix_368,2016-07-06T04:56:32Z,8.000559633386217,88.03842979966173,322.12103,NaN,12.007902,NaN,35.083282,NaN,NaN
Bellatrix_368,2016-07-06T04:56:37Z,8.00056108190911,88.03843502677627,321.59766,NaN,12.0462885,NaN,35.08642,NaN,NaN
Bellatrix_368,2016-07-06T04:56:41Z,8.000562362982736,88.0384396496363,321.1145,NaN,12.066987,NaN,35.079857,NaN,NaN
Bellatrix_368,2016-07-06T04:56:47Z,8.000563979534329,88.03844548309631,320.36966,NaN,12.0752125,NaN,35.08512,NaN,NaN
Bellatrix_368,2016-07-06T04:56:53Z,8.000565752236632,88.03845188003905,319.65503,NaN,12.101488,NaN,35.0819,NaN,NaN
Bellatrix_368,2016-07-06T04:56:59Z,8.000567380086645,88.03845775427033,319.0813,NaN,12.101188,NaN,35.079453,NaN,NaN
Bellatrix_368,2016-07-06T04:57:04Z,8.000568828609536,88.03846298138487,318.32642,NaN,12.116612,NaN,35.071667,NaN,NaN
Bellatrix_368,2016-07-06T04:57:08Z,8.000570108524359,88.03846760006327,317.8634,NaN,12.11821,NaN,35.07055,NaN,NaN
Bellatrix_368,2016-07-06T04:57:14Z,8.000571882675217,88.03847400223324,317.14877,NaN,12.121045,NaN,35.07043,NaN,NaN
Bellatrix_368,2016-07-06T04:57:21Z,8.000573786034279,88.03848087066167,316.3234,NaN,12.128373,NaN,35.067303,NaN,NaN
Bellatrix_368,2016-07-06T04:57:26Z,8.000575244696854,88.03848613436611,315.7698,NaN,12.118799,NaN,35.07034,NaN,NaN
Bellatrix_368,2016-07-06T04:57:31Z,8.000576693219747,88.03849136148067,315.2263,NaN,12.122898,NaN,35.071056,NaN,NaN
Bellatrix_368,2016-07-06T04:57:36Z,8.00057830977127,88.03849719494042,314.5217,NaN,12.117473,NaN,35.074787,NaN,NaN
Bellatrix_368,2016-07-06T04:57:41Z,8.000579590265529,88.03850181570975,313.93793,NaN,12.1188345,NaN,35.07589,NaN,NaN
Bellatrix_368,2016-07-06T04:57:46Z,8.000581207106737,88.03850765021485,313.39438,NaN,12.1157465,NaN,35.080162,NaN,NaN
Bellatrix_368,2016-07-06T04:57:51Z,8.00058248789068,88.03851227202954,312.77036,NaN,12.111669,NaN,35.09359,NaN,NaN
Bellatrix_368,2016-07-06T04:57:56Z,8.000583935544451,88.03851749600778,312.21674,NaN,12.093391,NaN,35.112366,NaN,NaN
Bellatrix_368,2016-07-06T04:58:01Z,8.000585552675414,88.03852333155848,311.6229,NaN,12.099368,NaN,35.116108,NaN,NaN
Bellatrix_368,2016-07-06T04:58:06Z,8.000586833749107,88.03852795441877,311.08942,NaN,12.1192665,NaN,35.11643,NaN,NaN
Bellatrix_368,2016-07-06T04:58:11Z,8.000588282561683,88.03853318257866,310.38486,NaN,12.104967,NaN,35.127155,NaN,NaN
Bellatrix_368,2016-07-06T04:58:16Z,8.000589898244089,88.03853901290212,309.73062,NaN,12.155649,NaN,35.10538,NaN,NaN
Bellatrix_368,2016-07-06T04:58:21Z,8.000591179317782,88.03854363576241,309.177,NaN,12.184905,NaN,35.092438,NaN,NaN
Bellatrix_368,2016-07-06T04:58:26Z,8.000592626681803,88.03854885869507,308.63348,NaN,12.198212,NaN,35.08628,NaN,NaN
Bellatrix_368,2016-07-06T04:58:31Z,8.00059407578413,88.03855408790055,307.99936,NaN,12.189676,NaN,35.089344,NaN,NaN
Bellatrix_368,2016-07-06T04:58:36Z,8.000595692335654,88.0385599213603,307.4961,NaN,12.195104,NaN,35.09098,NaN,NaN
Bellatrix_368,2016-07-06T04:58:41Z,8.00059697340935,88.03856454422058,307.0029,NaN,12.190239,NaN,35.091454,NaN,NaN
Bellatrix_368,2016-07-06T04:58:46Z,8.000598589091755,88.03857037454405,306.30838,NaN,12.200905,NaN,35.095192,NaN,NaN
Bellatrix_368,2016-07-06T04:58:51Z,8.000599910144615,88.03857514167245,305.73468,NaN,12.169986,NaN,35.108154,NaN,NaN
Bellatrix_368,2016-07-06T04:58:57Z,8.000601537125577,88.0385810127677,305.28174,NaN,12.178407,NaN,35.11153,NaN,NaN
Bellatrix_368,2016-07-06T04:59:02Z,8.000602985358716,88.03858623883664,304.74826,NaN,12.173632,NaN,35.112743,NaN,NaN
Bellatrix_368,2016-07-06T04:59:07Z,8.000604433881609,88.03859146595119,304.20474,NaN,12.174885,NaN,35.115894,NaN,NaN
Bellatrix_368,2016-07-06T04:59:11Z,8.000605714955302,88.03859608881147,303.66122,NaN,12.168156,NaN,35.11982,NaN,NaN
Bellatrix_368,2016-07-06T04:59:17Z,8.000607331217145,88.03860192122588,302.9667,NaN,12.173463,NaN,35.118137,NaN,NaN
Bellatrix_368,2016-07-06T04:59:22Z,8.000608780319403,88.0386071504311,302.51376,NaN,12.192632,NaN,35.105377,NaN,NaN
Bellatrix_368,2016-07-06T04:59:26Z,8.00061005357102,88.03861174506477,302.05075,NaN,12.20434,NaN,35.09803,NaN,NaN
Bellatrix_368,2016-07-06T04:59:32Z,8.00061168200047,88.038617621387,301.3059,NaN,12.204446,NaN,35.099953,NaN,NaN
Bellatrix_368,2016-07-06T04:59:37Z,8.000613131102797,88.03862285059249,300.77246,NaN,12.171838,NaN,35.120907,NaN,NaN
Bellatrix_368,2016-07-06T04:59:41Z,8.000614409569064,88.03862746404366,300.25912,NaN,12.156654,NaN,35.125317,NaN,NaN
Bellatrix_368,2016-07-06T04:59:47Z,8.000616036839709,88.03863333618423,299.69547,NaN,12.187347,NaN,35.116142,NaN,NaN
Bellatrix_368,2016-07-06T04:59:52Z,8.000617463634743,88.03863848489202,299.16202,NaN,12.178121,NaN,35.10928,NaN,NaN
Bellatrix_368,2016-07-06T04:59:57Z,8.000618924325243,88.03864375591438,298.61847,NaN,12.216368,NaN,35.092915,NaN,NaN
Bellatrix_368,2016-07-06T05:00:03Z,8.000620788284506,88.0386504821654,297.87363,NaN,12.220686,NaN,35.090603,NaN,NaN
Bellatrix_368,2016-07-06T05:00:09Z,8.000622415844836,88.03865635535134,297.22946,NaN,12.179928,NaN,35.107544,NaN,NaN
Bellatrix_368,2016-07-06T05:00:14Z,8.000623843219238,88.0386615061498,296.6356,NaN,12.191174,NaN,35.10779,NaN,NaN
Bellatrix_368,2016-07-06T05:00:19Z,8.000625303040618,88.03866677403587,296.1424,NaN,12.187091,NaN,35.10908,NaN,NaN
Bellatrix_368,2016-07-06T05:00:26Z,8.000627344009393,88.03867413904035,295.45795,NaN,12.188247,NaN,35.116367,NaN,NaN
Bellatrix_368,2016-07-06T05:00:33Z,8.00062950085996,88.03868192221384,294.58228,NaN,12.173844,NaN,35.128635,NaN,NaN
Bellatrix_368,2016-07-06T05:00:39Z,8.00063109858074,88.03868768772129,293.98843,NaN,12.199947,NaN,35.12614,NaN,NaN
Bellatrix_368,2016-07-06T05:00:44Z,8.000632558981486,88.03869295769806,293.39456,NaN,12.206181,NaN,35.12451,NaN,NaN
Bellatrix_368,2016-07-06T05:00:49Z,8.000634007214694,88.03869818376725,292.97183,NaN,12.217564,NaN,35.132618,NaN,NaN
Bellatrix_368,2016-07-06T05:00:54Z,8.000635456316953,88.0387034129725,292.34778,NaN,12.213315,NaN,35.13823,NaN,NaN
Bellatrix_368,2016-07-06T05:00:59Z,8.000636903101675,88.03870863381471,291.85455,NaN,12.261381,NaN,35.12479,NaN,NaN
Bellatrix_368,2016-07-06T05:01:04Z,8.000638353073054,88.03871386615624,291.29092,NaN,12.286114,NaN,35.10912,NaN,NaN
Bellatrix_368,2016-07-06T05:01:09Z,8.000639800726825,88.03871909013449,290.78763,NaN,12.295965,NaN,35.10781,NaN,NaN
Bellatrix_368,2016-07-06T05:01:14Z,8.000641248960033,88.0387243162037,290.1334,NaN,12.301081,NaN,35.110806,NaN,NaN
Bellatrix_368,2016-07-06T05:01:19Z,8.000642697482926,88.03872954331824,289.62006,NaN,12.319875,NaN,35.111565,NaN,NaN
Bellatrix_368,2016-07-06T05:01:24Z,8.0006441462955,88.03873477147813,289.0866,NaN,12.326558,NaN,35.119064,NaN,NaN
Bellatrix_368,2016-07-06T05:01:29Z,8.000645595687512,88.03874000172897,288.47263,NaN,12.301784,NaN,35.129898,NaN,NaN
Bellatrix_368,2016-07-06T05:01:36Z,8.00064759899466,88.03874723082833,287.8989,NaN,12.338296,NaN,35.128315,NaN,NaN
Bellatrix_368,2016-07-06T05:01:44Z,8.000650086687912,88.038756207875,286.8823,NaN,12.3422785,NaN,35.142204,NaN,NaN
Bellatrix_368,2016-07-06T05:01:50Z,8.000651715117362,88.03876208419722,286.2985,NaN,12.345236,NaN,35.14815,NaN,NaN
Bellatrix_368,2016-07-06T05:01:54Z,8.000652988368978,88.03876667883088,285.87576,NaN,12.385413,NaN,35.143627,NaN,NaN
Bellatrix_368,2016-07-06T05:02:00Z,8.000654615639556,88.03877255097123,285.36243,NaN,12.398916,NaN,35.133606,NaN,NaN
Bellatrix_368,2016-07-06T05:02:05Z,8.000656011146553,88.03877758677353,284.83902,NaN,12.410896,NaN,35.137524,NaN,NaN
Bellatrix_368,2016-07-06T05:02:10Z,8.0006574715473,88.0387828567503,284.3559,NaN,12.390043,NaN,35.150356,NaN,NaN
Bellatrix_368,2016-07-06T05:02:15Z,8.00065891891139,88.03878807968321,283.81235,NaN,12.408647,NaN,35.14915,NaN,NaN
Bellatrix_368,2016-07-06T05:02:20Z,8.0006603683034,88.03879330993405,283.37955,NaN,12.420524,NaN,35.149277,NaN,NaN
Bellatrix_368,2016-07-06T05:02:25Z,8.000661817695411,88.03879854018489,282.82596,NaN,12.404595,NaN,35.15329,NaN,NaN
Bellatrix_368,2016-07-06T05:02:30Z,8.00066326592855,88.03880376625384,282.19183,NaN,12.432772,NaN,35.150013,NaN,NaN
Bellatrix_368,2016-07-06T05:02:35Z,8.000664714741195,88.03880899441397,281.83957,NaN,12.433352,NaN,35.147915,NaN,NaN
Bellatrix_368,2016-07-06T05:02:40Z,8.00066616181553,88.03881421630129,281.25577,NaN,12.460248,NaN,35.139587,NaN,NaN
Bellatrix_368,2016-07-06T05:02:47Z,8.00066834618804,88.03882209878998,280.60153,NaN,12.473833,NaN,35.127186,NaN,NaN
Bellatrix_368,2016-07-06T05:02:55Z,8.000670510860685,88.03882991019009,279.8567,NaN,12.476381,NaN,35.12477,NaN,NaN
Bellatrix_368,2016-07-06T05:03:00Z,8.000671970392313,88.03883517703056,279.25278,NaN,12.509166,NaN,35.112823,NaN,NaN
Bellatrix_368,2016-07-06T05:03:05Z,8.000673418915204,88.0388404041451,278.78976,NaN,12.531859,NaN,35.098923,NaN,NaN
Bellatrix_368,2016-07-06T05:03:10Z,8.000674876418977,88.03884566366791,278.24622,NaN,12.543741,NaN,35.09793,NaN,NaN
Bellatrix_368,2016-07-06T05:03:15Z,8.000676316830107,88.03885086151048,277.66245,NaN,12.537861,NaN,35.102016,NaN,NaN
Bellatrix_368,2016-07-06T05:03:20Z,8.000677764483878,88.03885608548875,277.1793,NaN,12.571059,NaN,35.09596,NaN,NaN
Bellatrix_368,2016-07-06T05:03:25Z,8.000679213296523,88.03886131364888,276.6056,NaN,12.586556,NaN,35.09047,NaN,NaN
Bellatrix_368,2016-07-06T05:03:30Z,8.000680662109097,88.03886654180877,276.04193,NaN,12.586171,NaN,35.093727,NaN,NaN
Bellatrix_368,2016-07-06T05:03:35Z,8.000682109473187,88.03887176474169,275.49838,NaN,12.604458,NaN,35.088287,NaN,NaN
Bellatrix_368,2016-07-06T05:03:40Z,8.000683558575446,88.03887699394693,274.84415,NaN,12.610917,NaN,35.086006,NaN,NaN
Bellatrix_368,2016-07-06T05:03:45Z,8.000685006808654,88.03888222001612,274.30063,NaN,12.617368,NaN,35.085323,NaN,NaN
Bellatrix_368,2016-07-06T05:03:50Z,8.000686464891794,88.03888748162962,273.81747,NaN,12.635766,NaN,35.0843,NaN,NaN
Bellatrix_368,2016-07-06T05:03:57Z,8.000688618555634,88.03889525330354,272.9619,NaN,12.631868,NaN,35.09169,NaN,NaN
Bellatrix_368,2016-07-06T05:04:05Z,8.000690780910602,88.03890305634012,271.9856,NaN,12.618215,NaN,35.126995,NaN,NaN
Bellatrix_368,2016-07-06T05:04:10Z,8.00069224131142,88.03890832631713,271.52258,NaN,12.6099825,NaN,35.140278,NaN,NaN
Bellatrix_368,2016-07-06T05:04:15Z,8.00069377674567,88.0389138670585,271.05957,NaN,12.615747,NaN,35.138527,NaN,NaN
Bellatrix_368,2016-07-06T05:04:21Z,8.000695405464803,88.03891974442608,270.40533,NaN,12.664439,NaN,35.12268,NaN,NaN
Bellatrix_368,2016-07-06T05:04:25Z,8.000696679295787,88.03892434115043,270.00272,NaN,12.687411,NaN,35.107647,NaN,NaN
Bellatrix_368,2016-07-06T05:04:31Z,8.00069830801499,88.03893021851826,269.2881,NaN,12.72956,NaN,35.08624,NaN,NaN
Bellatrix_368,2016-07-06T05:04:36Z,8.000699855037412,88.0389358010765,268.6741,NaN,12.739032,NaN,35.08267,NaN,NaN
Bellatrix_368,2016-07-06T05:04:42Z,8.000701482018306,88.03894167217149,267.98965,NaN,12.762091,NaN,35.08486,NaN,NaN
Bellatrix_368,2016-07-06T05:04:46Z,8.000702773811053,88.03894633371236,267.5367,NaN,12.741123,NaN,35.10907,NaN,NaN
Bellatrix_368,2016-07-06T05:04:52Z,8.000704379353841,88.03895212744618,266.92273,NaN,12.692448,NaN,35.14845,NaN,NaN
Bellatrix_368,2016-07-06T05:04:57Z,8.000705812812082,88.03895730019869,266.49997,NaN,12.706708,NaN,35.152206,NaN,NaN
Bellatrix_368,2016-07-06T05:05:02Z,8.00070727234371,88.03896256703916,265.89606,NaN,12.725288,NaN,35.144386,NaN,NaN
Bellatrix_368,2016-07-06T05:05:09Z,8.000709304041921,88.03896989859004,265.1915,NaN,12.754137,NaN,35.13659,NaN,NaN
Bellatrix_368,2016-07-06T05:05:16Z,8.000711573877304,88.03897808947856,264.3762,NaN,12.757259,NaN,35.138252,NaN,NaN
Bellatrix_368,2016-07-06T05:05:22Z,8.000713036306044,88.03898336677351,263.7018,NaN,12.756214,NaN,35.142544,NaN,NaN
Bellatrix_368,2016-07-06T05:05:27Z,8.000714482221575,88.03898858447918,263.30927,NaN,12.750432,NaN,35.142525,NaN,NaN
Bellatrix_368,2016-07-06T05:05:32Z,8.000715930744468,88.03899381159373,262.71542,NaN,12.774094,NaN,35.13724,NaN,NaN
Bellatrix_368,2016-07-06T05:05:37Z,8.000717379846796,88.03899904079923,262.2524,NaN,12.771766,NaN,35.14996,NaN,NaN
Bellatrix_368,2016-07-06T05:05:42Z,8.000718830107857,88.0390042741861,261.7894,NaN,12.767447,NaN,35.17872,NaN,NaN
Bellatrix_368,2016-07-06T05:05:47Z,8.000720275444023,88.03900948980107,261.27606,NaN,12.784037,NaN,35.18192,NaN,NaN
Bellatrix_368,2016-07-06T05:05:52Z,8.00072172454635,88.03901471900656,260.67215,NaN,12.836514,NaN,35.170483,NaN,NaN
Bellatrix_368,2016-07-06T05:05:57Z,8.000723173938361,88.03901994925741,260.2192,NaN,12.86167,NaN,35.171658,NaN,NaN
Bellatrix_368,2016-07-06T05:06:02Z,8.000724621881817,88.03902517428101,259.76627,NaN,12.853017,NaN,35.18368,NaN,NaN
Bellatrix_368,2016-07-06T05:06:07Z,8.000726069245905,88.0390303972139,259.16235,NaN,12.864344,NaN,35.190956,NaN,NaN
Bellatrix_368,2016-07-06T05:06:12Z,8.000727519217284,88.03903562955544,258.7396,NaN,12.910331,NaN,35.189224,NaN,NaN
Bellatrix_368,2016-07-06T05:06:19Z,8.00072962507988,88.03904322873463,258.03503,NaN,12.9725065,NaN,35.17717,NaN,NaN
Bellatrix_368,2016-07-06T05:06:27Z,8.000732027889626,88.03905189947214,257.11908,NaN,12.980862,NaN,35.184204,NaN,NaN
Bellatrix_368,2016-07-06T05:06:33Z,8.000733655449956,88.03905777265807,256.5655,NaN,12.977467,NaN,35.200333,NaN,NaN
Bellatrix_368,2016-07-06T05:06:37Z,8.000734932178052,88.03906237983689,256.20312,NaN,13.006005,NaN,35.198933,NaN,NaN
Bellatrix_368,2016-07-06T05:06:43Z,8.000736559448697,88.03906825197748,255.66968,NaN,13.059837,NaN,35.17237,NaN,NaN
Bellatrix_368,2016-07-06T05:06:48Z,8.000737990879015,88.03907341741207,255.29726,NaN,13.09093,NaN,35.158245,NaN,NaN
Bellatrix_368,2016-07-06T05:06:53Z,8.000739451279761,88.03907868738884,254.83426,NaN,13.078875,NaN,35.15241,NaN,NaN
Bellatrix_368,2016-07-06T05:06:58Z,8.000740899223217,88.03908391241244,254.32092,NaN,13.096132,NaN,35.142654,NaN,NaN
Bellatrix_368,2016-07-06T05:07:03Z,8.000742348035862,88.03908914057257,253.9183,NaN,13.079896,NaN,35.147285,NaN,NaN
Bellatrix_368,2016-07-06T05:07:08Z,8.000743800904283,88.03909438336832,253.54588,NaN,13.067591,NaN,35.14659,NaN,NaN
Bellatrix_368,2016-07-06T05:07:13Z,8.000745245661012,88.03909959689236,253.06276,NaN,13.088861,NaN,35.128693,NaN,NaN
Bellatrix_368,2016-07-06T05:07:18Z,8.000746693604537,88.03910482191621,252.55948,NaN,13.102208,NaN,35.107887,NaN,NaN
Bellatrix_368,2016-07-06T05:07:23Z,8.000748142127428,88.03911004903075,252.177,NaN,13.096889,NaN,35.099773,NaN,NaN
Bellatrix_368,2016-07-06T05:07:32Z,8.000750878676834,88.03911992409542,251.26106,NaN,13.082461,NaN,35.09751,NaN,NaN
Bellatrix_368,2016-07-06T05:07:38Z,8.000752708450948,88.0391265269865,250.67726,NaN,13.053931,NaN,35.09538,NaN,NaN
Bellatrix_368,2016-07-06T05:07:48Z,8.000755422982882,88.03913632259928,249.86197,NaN,13.071531,NaN,35.060005,NaN,NaN
Bellatrix_368,2016-07-06T05:07:53Z,8.000756883093946,88.0391415915307,249.33858,NaN,13.049904,NaN,35.04625,NaN,NaN
Bellatrix_368,2016-07-06T05:07:58Z,8.000758359428465,88.0391469190058,248.88564,NaN,13.038189,NaN,35.028984,NaN,NaN
Bellatrix_368,2016-07-06T05:08:04Z,8.000759986988793,88.03915279219173,248.29178,NaN,12.996215,NaN,35.00917,NaN,NaN
Bellatrix_368,2016-07-06T05:08:08Z,8.000761390028048,88.0391578551748,247.83884,NaN,12.983616,NaN,35.012077,NaN,NaN
Bellatrix_368,2016-07-06T05:08:13Z,8.000762849559745,88.03916312201554,247.19466,NaN,12.977703,NaN,35.030533,NaN,NaN
Bellatrix_368,2016-07-06T05:08:18Z,8.000764300110559,88.03916835644802,246.80211,NaN,12.982789,NaN,35.05904,NaN,NaN
Bellatrix_368,2016-07-06T05:08:24Z,8.000765760221624,88.03917362537943,246.28877,NaN,12.992675,NaN,35.099945,NaN,NaN
Bellatrix_368,2016-07-06T05:08:29Z,8.000767209034267,88.03917885353957,245.63454,NaN,13.018814,NaN,35.122803,NaN,NaN
Bellatrix_368,2016-07-06T05:08:34Z,8.000768656398288,88.03918407647224,245.10107,NaN,13.066415,NaN,35.124496,NaN,NaN
Bellatrix_368,2016-07-06T05:08:39Z,8.000770105790298,88.03918930672307,244.55754,NaN,13.100483,NaN,35.120556,NaN,NaN
Bellatrix_368,2016-07-06T05:08:44Z,8.000771566191116,88.03919457670008,243.95361,NaN,13.125549,NaN,35.12387,NaN,NaN
Bellatrix_368,2016-07-06T05:08:51Z,8.000773596730454,88.03920190406907,243.30943,NaN,13.214234,NaN,35.111027,NaN,NaN
Bellatrix_368,2016-07-06T05:08:58Z,8.000775758216372,88.0392097039696,242.42369,NaN,13.296123,NaN,35.093597,NaN,NaN
Bellatrix_368,2016-07-06T05:09:03Z,8.00077722585976,88.03921500008205,242.01102,NaN,13.292267,NaN,35.115173,NaN,NaN
Bellatrix_368,2016-07-06T05:09:09Z,8.000778835168644,88.03922080740612,241.36682,NaN,13.293986,NaN,35.129208,NaN,NaN
Bellatrix_368,2016-07-06T05:09:13Z,8.000780107840892,88.0392253999491,240.87363,NaN,13.319814,NaN,35.13075,NaN,NaN
Bellatrix_368,2016-07-06T05:09:19Z,8.000781735690905,88.03923127418038,240.30997,NaN,13.330947,NaN,35.13554,NaN,NaN
Bellatrix_368,2016-07-06T05:09:24Z,8.000783184793233,88.03923650338588,239.7463,NaN,13.328782,NaN,35.15329,NaN,NaN
Bellatrix_368,2016-07-06T05:09:29Z,8.000784645773418,88.03924177545359,239.30344,NaN,13.327668,NaN,35.16591,NaN,NaN
Bellatrix_368,2016-07-06T05:09:34Z,8.000786094006557,88.03924700152254,238.70958,NaN,13.33146,NaN,35.17164,NaN,NaN
Bellatrix_368,2016-07-06T05:09:39Z,8.000787541950082,88.03925222654638,238.18619,NaN,13.345985,NaN,35.171967,NaN,NaN
Bellatrix_368,2016-07-06T05:09:44Z,8.00078899105234,88.03925745575162,237.66278,NaN,13.375192,NaN,35.16878,NaN,NaN
Bellatrix_368,2016-07-06T05:09:49Z,8.000790450584036,88.03926272259235,237.20984,NaN,13.392688,NaN,35.164528,NaN,NaN
Bellatrix_368,2016-07-06T05:09:54Z,8.000791899106929,88.0392679497069,236.68645,NaN,13.405413,NaN,35.160454,NaN,NaN
Bellatrix_368,2016-07-06T05:10:01Z,8.000794004969524,88.03927554888608,235.89128,NaN,13.421239,NaN,35.155827,NaN,NaN
Bellatrix_368,2016-07-06T05:10:10Z,8.000796505699435,88.0392845729766,235.0156,NaN,13.446072,NaN,35.1514,NaN,NaN
Bellatrix_368,2016-07-06T05:10:15Z,8.000797964941379,88.03928983877172,234.51233,NaN,13.463879,NaN,35.149677,NaN,NaN
Bellatrix_368,2016-07-06T05:10:20Z,8.000799414623074,88.03929507006791,234.00906,NaN,13.495192,NaN,35.14124,NaN,NaN
Bellatrix_368,2016-07-06T05:10:25Z,8.000800862856282,88.03930029613711,233.51587,NaN,13.520834,NaN,35.13904,NaN,NaN
Bellatrix_368,2016-07-06T05:10:30Z,8.000802309061568,88.03930551488838,232.96227,NaN,13.516984,NaN,35.161945,NaN,NaN
Bellatrix_368,2016-07-06T05:10:35Z,8.000803768882879,88.03931078277421,232.44894,NaN,13.497434,NaN,35.182728,NaN,NaN
Bellatrix_368,2016-07-06T05:10:40Z,8.000805216826402,88.03931600779805,231.97586,NaN,13.552442,NaN,35.17463,NaN,NaN
Bellatrix_368,2016-07-06T05:10:45Z,8.000806666508097,88.03932123909424,231.48267,NaN,13.582754,NaN,35.165504,NaN,NaN
Bellatrix_368,2016-07-06T05:10:50Z,8.000808115030988,88.03932646620878,231.09012,NaN,13.607224,NaN,35.15835,NaN,NaN
Bellatrix_368,2016-07-06T05:10:55Z,8.000809575142053,88.03933173514021,230.53653,NaN,13.648327,NaN,35.154194,NaN,NaN
Bellatrix_368,2016-07-06T05:11:00Z,8.000811023085577,88.03933696016405,230.08359,NaN,13.635652,NaN,35.161137,NaN,NaN
Bellatrix_368,2016-07-06T05:11:05Z,8.00081247160847,88.0393421872786,229.6407,NaN,13.662329,NaN,35.1606,NaN,NaN
Bellatrix_368,2016-07-06T05:11:13Z,8.000814796777352,88.03935057784264,228.87575,NaN,13.688811,NaN,35.14204,NaN,NaN
Bellatrix_368,2016-07-06T05:11:19Z,8.000816626841218,88.03935718177932,228.1309,NaN,13.712279,NaN,35.127903,NaN,NaN
Bellatrix_368,2016-07-06T05:11:27Z,8.00081899952173,88.039365743793,227.51692,NaN,13.764353,NaN,35.121067,NaN,NaN
Bellatrix_368,2016-07-06T05:11:33Z,8.000820628530548,88.03937162220592,226.96333,NaN,13.755095,NaN,35.125957,NaN,NaN
Bellatrix_368,2016-07-06T05:11:38Z,8.000822077343123,88.03937685036581,226.49025,NaN,13.797925,NaN,35.115055,NaN,NaN
Bellatrix_368,2016-07-06T05:11:44Z,8.000823705772572,88.03938272668805,225.95679,NaN,13.835425,NaN,35.109074,NaN,NaN
Bellatrix_368,2016-07-06T05:11:48Z,8.000825061590017,88.03938761926733,225.59444,NaN,13.880741,NaN,35.111095,NaN,NaN
Bellatrix_368,2016-07-06T05:11:54Z,8.000826689150347,88.03939349245326,225.04085,NaN,13.924212,NaN,35.112686,NaN,NaN
Bellatrix_368,2016-07-06T05:11:59Z,8.000828141729086,88.03939873420366,224.51746,NaN,13.983337,NaN,35.111095,NaN,NaN
Bellatrix_368,2016-07-06T05:12:04Z,8.000829601550466,88.03940400208974,224.16516,NaN,14.041675,NaN,35.0982,NaN,NaN
Bellatrix_368,2016-07-06T05:12:09Z,8.000831051232161,88.03940923338592,223.67197,NaN,14.090123,NaN,35.094913,NaN,NaN
Bellatrix_368,2016-07-06T05:12:14Z,8.000832498885933,88.03941445736417,223.27942,NaN,14.118635,NaN,35.087185,NaN,NaN
Bellatrix_368,2016-07-06T05:12:19Z,8.000833951174988,88.03941969806922,222.73589,NaN,14.141839,NaN,35.086395,NaN,NaN
Bellatrix_368,2016-07-06T05:12:24Z,8.000835410706685,88.03942496490995,222.28294,NaN,14.168022,NaN,35.093918,NaN,NaN
Bellatrix_368,2016-07-06T05:12:31Z,8.000837492234062,88.03943247627349,221.68909,NaN,14.220697,NaN,35.10058,NaN,NaN
Bellatrix_368,2016-07-06T05:12:38Z,8.000839474972157,88.03943963114774,220.91406,NaN,14.244777,NaN,35.104607,NaN,NaN
Bellatrix_368,2016-07-06T05:12:47Z,8.000842102013296,88.03944911104276,220.06857,NaN,14.364024,NaN,35.08179,NaN,NaN
Bellatrix_368,2016-07-06T05:12:53Z,8.000843730732429,88.03945498841034,219.49484,NaN,14.439927,NaN,35.070965,NaN,NaN
Bellatrix_368,2016-07-06T05:12:57Z,8.00084502107662,88.03945964472396,219.05197,NaN,14.481043,NaN,35.06091,NaN,NaN
Bellatrix_368,2016-07-06T05:13:03Z,8.000846627778213,88.03946544263943,218.38766,NaN,14.514923,NaN,35.047325,NaN,NaN
Bellatrix_368,2016-07-06T05:13:08Z,8.00084807861878,88.0394706781175,217.79381,NaN,14.545265,NaN,35.045662,NaN,NaN
Bellatrix_368,2016-07-06T05:13:13Z,8.000849537860724,88.03947594391262,217.18988,NaN,14.600224,NaN,35.041985,NaN,NaN
Bellatrix_368,2016-07-06T05:13:18Z,8.000850986962982,88.03948117311786,216.59602,NaN,14.623482,NaN,35.02791,NaN,NaN
Bellatrix_368,2016-07-06T05:13:23Z,8.000852436354995,88.0394864033687,216.09276,NaN,14.639339,NaN,35.022213,NaN,NaN
Bellatrix_368,2016-07-06T05:13:28Z,8.000853885747006,88.03949163361953,215.5593,NaN,14.650862,NaN,35.01503,NaN,NaN
Bellatrix_368,2016-07-06T05:13:33Z,8.000855345858069,88.03949690255097,214.95538,NaN,14.660754,NaN,35.00705,NaN,NaN
Bellatrix_368,2016-07-06T05:13:38Z,8.000856793801594,88.0395021275748,214.39172,NaN,14.667749,NaN,35.00448,NaN,NaN
Bellatrix_368,2016-07-06T05:13:43Z,8.00085824261417,88.0395073557347,213.73747,NaN,14.676437,NaN,35.01377,NaN,NaN
Bellatrix_368,2016-07-06T05:13:52Z,8.000860861253862,88.03951680531242,212.62022,NaN,14.634867,NaN,35.105267,NaN,NaN
Bellatrix_368,2016-07-06T05:13:59Z,8.000863013469147,88.0395245717591,211.89552,NaN,14.640447,NaN,35.123585,NaN,NaN
Bellatrix_368,2016-07-06T05:14:05Z,8.000864641029477,88.03953044494503,211.15068,NaN,14.704658,NaN,35.09464,NaN,NaN
Bellatrix_368,2016-07-06T05:14:10Z,8.000866021471822,88.03953542638531,210.66754,NaN,14.763029,NaN,35.066753,NaN,NaN
Bellatrix_368,2016-07-06T05:14:15Z,8.000867480713767,88.03954069218044,210.31526,NaN,14.779977,NaN,35.06518,NaN,NaN
Bellatrix_368,2016-07-06T05:14:20Z,8.000868929816095,88.03954592138592,209.60062,NaN,14.783697,NaN,35.08401,NaN,NaN
Bellatrix_368,2016-07-06T05:14:25Z,8.00087037775955,88.03955114640952,209.11748,NaN,14.800849,NaN,35.10607,NaN,NaN
Bellatrix_368,2016-07-06T05:14:30Z,8.000871827441244,88.03955637770571,208.56389,NaN,14.808676,NaN,35.112904,NaN,NaN
Bellatrix_368,2016-07-06T05:14:35Z,8.000873279440615,88.03956161736542,208.0707,NaN,14.8450775,NaN,35.103806,NaN,NaN
Bellatrix_368,2016-07-06T05:14:40Z,8.00087472477678,88.0395668329804,207.50703,NaN,14.938244,NaN,35.063118,NaN,NaN
Bellatrix_368,2016-07-06T05:14:45Z,8.000876172430553,88.03957205695865,206.97357,NaN,15.003146,NaN,35.037918,NaN,NaN
Bellatrix_368,2016-07-06T05:14:50Z,8.000877620953444,88.0395772840732,206.37971,NaN,15.041141,NaN,35.038643,NaN,NaN
Bellatrix_368,2016-07-06T05:14:55Z,8.00087907411162,88.03958252791455,205.96703,NaN,15.079057,NaN,35.043514,NaN,NaN
Bellatrix_368,2016-07-06T05:15:02Z,8.000881133331704,88.03958995878037,205.26245,NaN,15.148127,NaN,35.03815,NaN,NaN
Bellatrix_368,2016-07-06T05:15:10Z,8.000883388971555,88.03959809844315,204.57802,NaN,15.196214,NaN,35.01065,NaN,NaN
Bellatrix_368,2016-07-06T05:15:15Z,8.000884847923816,88.03960336319294,204.04456,NaN,15.222229,NaN,35.011684,NaN,NaN
Bellatrix_368,2016-07-06T05:15:20Z,8.00088629760551,88.03960859448912,203.63187,NaN,15.214611,NaN,35.044594,NaN,NaN
Bellatrix_368,2016-07-06T05:15:25Z,8.000887745838718,88.03961382055832,203.2192,NaN,15.241504,NaN,35.05028,NaN,NaN
Bellatrix_368,2016-07-06T05:15:30Z,8.000889194651293,88.03961904871821,202.86691,NaN,15.309698,NaN,35.039787,NaN,NaN
Bellatrix_368,2016-07-06T05:15:35Z,8.000890642884501,88.03962427478741,202.4039,NaN,15.353368,NaN,35.033672,NaN,NaN
Bellatrix_368,2016-07-06T05:15:40Z,8.000892095173556,88.03962951549246,202.02142,NaN,15.383057,NaN,35.03377,NaN,NaN
Bellatrix_368,2016-07-06T05:15:45Z,8.000893540219968,88.03963473006185,201.649,NaN,15.433963,NaN,35.033672,NaN,NaN
Bellatrix_368,2016-07-06T05:15:50Z,8.000894987584056,88.03963995299476,201.25645,NaN,15.463395,NaN,35.053955,NaN,NaN
Bellatrix_368,2016-07-06T05:15:55Z,8.000896436396701,88.0396451811549,200.88403,NaN,15.511048,NaN,35.05637,NaN,NaN
Bellatrix_368,2016-07-06T05:16:00Z,8.000897888685756,88.03965042185995,200.52168,NaN,15.551959,NaN,35.050762,NaN,NaN
Bellatrix_368,2016-07-06T05:16:05Z,8.000899334601288,88.03965563956562,200.18953,NaN,15.600149,NaN,35.057236,NaN,NaN
Bellatrix_368,2016-07-06T05:16:12Z,8.000901419315394,88.03966316242874,199.72652,NaN,15.6614065,NaN,35.062347,NaN,NaN
Bellatrix_368,2016-07-06T05:16:18Z,8.000903243005736,88.03966974336602,199.19305,NaN,15.757906,NaN,35.059013,NaN,NaN
Bellatrix_368,2016-07-06T05:16:25Z,8.000905322215507,88.0396772463663,198.63947,NaN,15.820574,NaN,35.043003,NaN,NaN
Bellatrix_368,2016-07-06T05:16:32Z,8.000907144746979,88.03968382312169,198.1664,NaN,15.903363,NaN,35.03002,NaN,NaN
Bellatrix_368,2016-07-06T05:16:41Z,8.000909786563085,88.03969335633342,197.59267,NaN,15.974187,NaN,35.025387,NaN,NaN
Bellatrix_368,2016-07-06T05:16:46Z,8.000911246674148,88.03969862526483,197.19005,NaN,16.030537,NaN,35.040936,NaN,NaN
Bellatrix_368,2016-07-06T05:16:51Z,8.000912704467536,88.03970388583272,196.89816,NaN,16.123976,NaN,35.033203,NaN,NaN
Bellatrix_368,2016-07-06T05:16:56Z,8.000914164578669,88.0397091547644,196.47542,NaN,16.212172,NaN,35.014374,NaN,NaN
Bellatrix_368,2016-07-06T05:17:01Z,8.000915613101562,88.03971438187894,196.27411,NaN,16.256668,NaN,34.996147,NaN,NaN
Bellatrix_368,2016-07-06T05:17:06Z,8.00091706046558,88.03971960481161,195.85136,NaN,16.287878,NaN,34.989304,NaN,NaN
Bellatrix_368,2016-07-06T05:17:11Z,8.000918516520796,88.03972485910717,195.59973,NaN,16.308077,NaN,34.982883,NaN,NaN
Bellatrix_368,2016-07-06T05:17:16Z,8.000919957801116,88.03973006008628,195.21725,NaN,16.32729,NaN,34.999767,NaN,NaN
Bellatrix_368,2016-07-06T05:17:21Z,8.000921407193127,88.03973529033712,194.94548,NaN,16.366669,NaN,34.986317,NaN,NaN
Bellatrix_368,2016-07-06T05:17:26Z,8.000922854846898,88.03974051431538,194.70392,NaN,16.38948,NaN,34.976612,NaN,NaN
Bellatrix_368,2016-07-06T05:17:31Z,8.00092431032268,88.03974576652,194.3315,NaN,16.403873,NaN,34.98228,NaN,NaN
Bellatrix_368,2016-07-06T05:17:36Z,8.00092575334117,88.03975097377146,194.00941,NaN,16.431786,NaN,35.00242,NaN,NaN
Bellatrix_368,2016-07-06T05:17:43Z,8.000927855727285,88.03975856040547,193.46588,NaN,16.502665,NaN,35.010944,NaN,NaN
Bellatrix_368,2016-07-06T05:17:49Z,8.000929677969072,88.03976513611553,193.01294,NaN,16.5887,NaN,35.009666,NaN,NaN
Bellatrix_368,2016-07-06T05:17:57Z,8.000931833081468,88.03977291301669,192.30836,NaN,16.700603,NaN,35.02263,NaN,NaN
Bellatrix_368,2016-07-06T05:18:03Z,8.00093365503357,88.0397794876814,191.78497,NaN,16.8509,NaN,35.05119,NaN,NaN
Bellatrix_368,2016-07-06T05:18:09Z,8.000935479303282,88.03978607070938,191.1408,NaN,16.954487,NaN,35.06159,NaN,NaN
Bellatrix_368,2016-07-06T05:18:16Z,8.000937303572991,88.03979265373736,190.57713,NaN,17.128586,NaN,35.07828,NaN,NaN
Bellatrix_368,2016-07-06T05:18:26Z,8.000940240308326,88.03980325118948,189.2183,NaN,17.45365,NaN,35.228252,NaN,NaN
Bellatrix_368,2016-07-06T05:18:31Z,8.000941700998826,88.03980852221186,188.37282,NaN,17.652332,NaN,35.128464,NaN,NaN
Bellatrix_368,2016-07-06T05:18:36Z,8.000943147783477,88.03981374305381,187.78903,NaN,17.840637,NaN,35.1424,NaN,NaN
Bellatrix_368,2016-07-06T05:18:41Z,8.000944597465173,88.03981897435,186.96367,NaN,17.973484,NaN,35.118675,NaN,NaN
Bellatrix_368,2016-07-06T05:18:46Z,8.000946052071903,88.03982422341858,186.02759,NaN,18.234512,NaN,35.256363,NaN,NaN
Bellatrix_368,2016-07-06T05:18:51Z,8.00094749480064,88.03982942962443,185.22237,NaN,19.332674,NaN,35.67635,NaN,NaN
Bellatrix_368,2016-07-06T05:18:56Z,8.000948943613285,88.03983465778458,184.4272,NaN,19.997755,NaN,35.717415,NaN,NaN
Bellatrix_368,2016-07-06T05:19:01Z,8.000950392136176,88.03983988489912,183.75282,NaN,20.101393,NaN,35.745304,NaN,NaN
Bellatrix_368,2016-07-06T05:19:06Z,8.00095184790164,88.03984513814909,183.02812,NaN,20.414053,NaN,35.585617,NaN,NaN
Bellatrix_368,2016-07-06T05:19:11Z,8.00095328831284,88.03985033599193,182.37387,NaN,20.527822,NaN,35.519108,NaN,NaN
Bellatrix_368,2016-07-06T05:19:16Z,8.000954737125413,88.03985556415182,181.71964,NaN,20.585958,NaN,35.47871,NaN,NaN
Bellatrix_368,2016-07-06T05:19:21Z,8.000956185358623,88.03986079022101,181.07545,NaN,20.707264,NaN,35.421772,NaN,NaN
Bellatrix_368,2016-07-06T05:19:30Z,8.000958787774861,88.03987018125505,179.99846,NaN,20.806871,NaN,35.40541,NaN,NaN
Bellatrix_368,2016-07-06T05:19:37Z,8.00096094056958,88.03987794979268,179.06238,NaN,20.875418,NaN,35.38788,NaN,NaN
Bellatrix_368,2016-07-06T05:19:43Z,8.000962568709278,88.03988382506931,178.42827,NaN,20.915771,NaN,35.368572,NaN,NaN
Bellatrix_368,2016-07-06T05:19:48Z,8.000963930031126,88.03988873751169,177.82434,NaN,20.937138,NaN,35.363743,NaN,NaN
Bellatrix_368,2016-07-06T05:19:53Z,8.000965390431874,88.03989400748846,177.18016,NaN,20.946455,NaN,35.38369,NaN,NaN
Bellatrix_368,2016-07-06T05:19:58Z,8.000966839244448,88.03989923564835,176.50578,NaN,21.018959,NaN,35.40432,NaN,NaN
Bellatrix_368,2016-07-06T05:20:03Z,8.000968287187973,88.03990446067219,175.8314,NaN,21.088968,NaN,35.41998,NaN,NaN
Bellatrix_368,2016-07-06T05:20:08Z,8.000969735421181,88.0399096867414,175.27782,NaN,21.169989,NaN,35.422665,NaN,NaN
Bellatrix_368,2016-07-06T05:20:13Z,8.00097119321457,88.03991494730928,174.67389,NaN,21.2623,NaN,35.45043,NaN,NaN
Bellatrix_368,2016-07-06T05:20:18Z,8.000972632177213,88.03992013992489,173.87872,NaN,21.375002,NaN,35.49553,NaN,NaN
Bellatrix_368,2016-07-06T05:20:23Z,8.00097408127954,88.03992536913037,173.20435,NaN,21.529684,NaN,35.500774,NaN,NaN
Bellatrix_368,2016-07-06T05:20:28Z,8.000975529512749,88.03993059519958,172.63063,NaN,21.652481,NaN,35.48503,NaN,NaN
Bellatrix_368,2016-07-06T05:20:33Z,8.000976977745887,88.03993582126853,172.03677,NaN,21.72458,NaN,35.479176,NaN,NaN
Bellatrix_368,2016-07-06T05:20:40Z,8.000978991482404,88.03994308800314,171.3322,NaN,21.780783,NaN,35.475796,NaN,NaN
Bellatrix_368,2016-07-06T05:20:47Z,8.000981235534082,88.03995118584905,170.39612,NaN,21.830076,NaN,35.470146,NaN,NaN
Bellatrix_368,2016-07-06T05:20:53Z,8.000982863963532,88.03995706217127,169.68149,NaN,21.8557,NaN,35.468796,NaN,NaN
Bellatrix_368,2016-07-06T05:20:58Z,8.000984323784913,88.03996233005735,169.0675,NaN,21.879208,NaN,35.461014,NaN,NaN
Bellatrix_368,2016-07-06T05:21:04Z,8.00098595105549,88.03996820219768,168.35286,NaN,21.89334,NaN,35.45792,NaN,NaN
Bellatrix_368,2016-07-06T05:21:08Z,8.000987228073269,88.03997281042186,167.83952,NaN,21.900724,NaN,35.455486,NaN,NaN
Bellatrix_368,2016-07-06T05:21:14Z,8.000988857082154,88.03997868883502,167.21547,NaN,21.907259,NaN,35.453552,NaN,NaN
Bellatrix_368,2016-07-06T05:21:18Z,8.000990258093486,88.03998374450018,166.59143,NaN,21.910604,NaN,35.45308,NaN,NaN
Bellatrix_368,2016-07-06T05:21:23Z,8.000991717625112,88.03998901134065,165.97743,NaN,21.915537,NaN,35.44967,NaN,NaN
Bellatrix_368,2016-07-06T05:21:28Z,8.00099316759656,88.03999424368243,165.38359,NaN,21.918325,NaN,35.451572,NaN,NaN
Bellatrix_368,2016-07-06T05:21:33Z,8.000994615829768,88.03999946975163,164.76959,NaN,21.926414,NaN,35.448452,NaN,NaN
Bellatrix_368,2016-07-06T05:21:38Z,8.000996066959951,88.0400047062748,164.19588,NaN,21.936886,NaN,35.44253,NaN,NaN
Bellatrix_368,2016-07-06T05:21:43Z,8.00099751171668,88.04000991979883,163.63222,NaN,21.94269,NaN,35.441235,NaN,NaN
Bellatrix_368,2016-07-06T05:21:51Z,8.000999545732567,88.04001725971324,162.84712,NaN,21.93479,NaN,35.450043,NaN,NaN
Bellatrix_368,2016-07-06T05:21:58Z,8.001001700265526,88.04002503452345,161.88084,NaN,21.9088,NaN,35.480373,NaN,NaN
Bellatrix_368,2016-07-06T05:22:03Z,8.00100322005569,88.04003051881183,161.36751,NaN,21.894447,NaN,35.488792,NaN,NaN
Bellatrix_368,2016-07-06T05:22:09Z,8.00100484848514,88.04003639513405,160.61261,NaN,21.955795,NaN,35.47195,NaN,NaN
Bellatrix_368,2016-07-06T05:22:13Z,8.001006124633799,88.04004100022195,160.24019,NaN,21.973759,NaN,35.471,NaN,NaN
Bellatrix_368,2016-07-06T05:22:19Z,8.001007752773566,88.04004687549882,159.43497,NaN,22.002707,NaN,35.465427,NaN,NaN
Bellatrix_368,2016-07-06T05:22:24Z,8.001009181886205,88.04005203256987,158.85118,NaN,22.019136,NaN,35.456955,NaN,NaN
Bellatrix_368,2016-07-06T05:22:29Z,8.001010641417903,88.0400572994106,158.15668,NaN,22.023964,NaN,35.45975,NaN,NaN
Bellatrix_368,2016-07-06T05:22:34Z,8.001012089940794,88.04006252652515,157.57288,NaN,22.017979,NaN,35.47054,NaN,NaN
Bellatrix_368,2016-07-06T05:22:39Z,8.001013539332806,88.04006775677598,156.91864,NaN,22.044453,NaN,35.46875,NaN,NaN
Bellatrix_368,2016-07-06T05:22:44Z,8.001014988435134,88.04007298598147,156.3751,NaN,22.062134,NaN,35.47068,NaN,NaN
Bellatrix_368,2016-07-06T05:22:49Z,8.00101643637859,88.04007821100507,155.70073,NaN,22.101091,NaN,35.46348,NaN,NaN
Bellatrix_368,2016-07-06T05:22:54Z,8.001017884901481,88.04008343811962,155.11694,NaN,22.121237,NaN,35.465378,NaN,NaN
Bellatrix_368,2016-07-06T05:23:01Z,8.001019973092065,88.04009097352788,154.29158,NaN,22.095114,NaN,35.49694,NaN,NaN
Bellatrix_368,2016-07-06T05:23:09Z,8.001022361416597,88.0400995919943,153.28505,NaN,22.13368,NaN,35.488785,NaN,NaN
Bellatrix_368,2016-07-06T05:23:15Z,8.001023988976927,88.04010546518025,152.68112,NaN,22.128935,NaN,35.501778,NaN,NaN
Bellatrix_368,2016-07-06T05:23:20Z,8.001025347401733,88.0401103671684,152.20805,NaN,22.134056,NaN,35.498867,NaN,NaN
Bellatrix_368,2016-07-06T05:23:25Z,8.00102680780248,88.04011563714516,151.54375,NaN,22.187773,NaN,35.47713,NaN,NaN
Bellatrix_368,2016-07-06T05:23:30Z,8.001028255456252,88.04012086112343,151.05054,NaN,22.181248,NaN,35.47368,NaN,NaN
Bellatrix_368,2016-07-06T05:23:35Z,8.00102970455858,88.04012609032891,150.48688,NaN,22.206558,NaN,35.467205,NaN,NaN
Bellatrix_368,2016-07-06T05:23:40Z,8.00103115308147,88.04013131744345,149.8729,NaN,22.211775,NaN,35.466946,NaN,NaN
Bellatrix_368,2016-07-06T05:23:45Z,8.00103260218373,88.0401365466487,149.24884,NaN,22.208395,NaN,35.47544,NaN,NaN
Bellatrix_368,2016-07-06T05:23:50Z,8.001034054762536,88.04014178839934,148.61473,NaN,22.212912,NaN,35.4827,NaN,NaN
Bellatrix_368,2016-07-06T05:23:55Z,8.001035499229513,88.04014700087778,147.9806,NaN,22.230198,NaN,35.492863,NaN,NaN
Bellatrix_368,2016-07-06T05:24:00Z,8.00103694746272,88.04015222694699,147.3465,NaN,22.273884,NaN,35.48816,NaN,NaN
Bellatrix_368,2016-07-06T05:24:05Z,8.001038395116494,88.04015745092524,146.76271,NaN,22.27996,NaN,35.490116,NaN,NaN
Bellatrix_368,2016-07-06T05:24:12Z,8.001040662634269,88.0401656334505,145.8367,NaN,22.355652,NaN,35.48023,NaN,NaN
Bellatrix_368,2016-07-06T05:24:20Z,8.001042910162358,88.04017374384131,144.79997,NaN,22.39879,NaN,35.47457,NaN,NaN
Bellatrix_368,2016-07-06T05:24:26Z,8.001044538012371,88.0401796180726,144.13565,NaN,22.4409,NaN,35.474457,NaN,NaN
Bellatrix_368,2016-07-06T05:24:30Z,8.001045814740467,88.04018422525142,143.65251,NaN,22.46868,NaN,35.47143,NaN,NaN
Bellatrix_368,2016-07-06T05:24:35Z,8.001047276879454,88.04018950150078,143.12912,NaN,22.505709,NaN,35.468567,NaN,NaN
Bellatrix_368,2016-07-06T05:24:41Z,8.001048890244252,88.04019532346096,142.38428,NaN,22.5056,NaN,35.48289,NaN,NaN
Bellatrix_368,2016-07-06T05:24:45Z,8.001050164944424,88.04019992332186,141.7401,NaN,22.506073,NaN,35.50336,NaN,NaN
Bellatrix_368,2016-07-06T05:24:51Z,8.001051793663557,88.04020580068944,141.28717,NaN,22.532791,NaN,35.515186,NaN,NaN
Bellatrix_368,2016-07-06T05:24:56Z,8.001053229729157,88.04021098285081,140.51213,NaN,22.590622,NaN,35.4934,NaN,NaN
Bellatrix_368,2016-07-06T05:25:01Z,8.001054689260785,88.04021624969128,139.85788,NaN,22.614246,NaN,35.488857,NaN,NaN
Bellatrix_368,2016-07-06T05:25:06Z,8.001056138652796,88.04022147994212,139.26402,NaN,22.640717,NaN,35.47887,NaN,NaN
Bellatrix_368,2016-07-06T05:25:11Z,8.001057586596321,88.04022670496597,138.67018,NaN,22.63812,NaN,35.481136,NaN,NaN
Bellatrix_368,2016-07-06T05:25:16Z,8.001059035408895,88.04023193312587,138.02599,NaN,22.658985,NaN,35.478027,NaN,NaN
Bellatrix_368,2016-07-06T05:25:23Z,8.00106107174239,88.04023928140354,137.2107,NaN,22.665169,NaN,35.49079,NaN,NaN
Bellatrix_368,2016-07-06T05:25:30Z,8.001063215556227,88.04024701753292,136.023,NaN,22.684875,NaN,35.492943,NaN,NaN
Bellatrix_368,2016-07-06T05:25:36Z,8.00106484253719,88.04025288862816,135.40901,NaN,22.68014,NaN,35.503235,NaN,NaN
Bellatrix_368,2016-07-06T05:25:41Z,8.001066280630713,88.04025807810747,134.76482,NaN,22.696037,NaN,35.502098,NaN,NaN
Bellatrix_368,2016-07-06T05:25:46Z,8.001067739872658,88.0402633439026,134.06026,NaN,22.724266,NaN,35.484646,NaN,NaN
Bellatrix_368,2016-07-06T05:25:51Z,8.001069190133789,88.04026857728972,133.39594,NaN,22.748802,NaN,35.48132,NaN,NaN
Bellatrix_368,2016-07-06T05:25:56Z,8.00107063865668,88.04027380440426,132.72156,NaN,22.783571,NaN,35.500114,NaN,NaN
Bellatrix_368,2016-07-06T05:26:01Z,8.0010720958707,88.04027906288147,132.0673,NaN,22.824362,NaN,35.511944,NaN,NaN
Bellatrix_368,2016-07-06T05:26:06Z,8.00107353454366,88.04028425445172,131.41307,NaN,22.874346,NaN,35.500183,NaN,NaN
Bellatrix_368,2016-07-06T05:26:11Z,8.001074982197432,88.04028947842997,130.7085,NaN,22.906267,NaN,35.495594,NaN,NaN
Bellatrix_368,2016-07-06T05:26:16Z,8.001076432748247,88.04029471286245,130.02405,NaN,22.926888,NaN,35.49138,NaN,NaN
Bellatrix_368,2016-07-06T05:26:21Z,8.00107788677554,88.04029995984008,129.4,NaN,22.949,NaN,35.482517,NaN,NaN
Bellatrix_368,2016-07-06T05:26:26Z,8.001079328635226,88.0403051629099,128.6451,NaN,22.964993,NaN,35.479084,NaN,NaN
Bellatrix_368,2016-07-06T05:26:33Z,8.001081345268787,88.04031244009873,127.84994,NaN,22.985043,NaN,35.477127,NaN,NaN
Bellatrix_368,2016-07-06T05:26:40Z,8.001083498353191,88.04032020968171,126.8736,NaN,22.997082,NaN,35.471973,NaN,NaN
Bellatrix_368,2016-07-06T05:26:45Z,8.001084962230417,88.04032549220365,126.15896,NaN,22.998652,NaN,35.472404,NaN,NaN
Bellatrix_368,2016-07-06T05:26:51Z,8.001086574436412,88.0403313099822,125.43426,NaN,22.991743,NaN,35.485394,NaN,NaN
Bellatrix_368,2016-07-06T05:26:55Z,8.001087851164508,88.04033591716102,124.82027,NaN,22.961157,NaN,35.51014,NaN,NaN
Bellatrix_368,2016-07-06T05:27:01Z,8.001089480173324,88.04034179557394,124.15595,NaN,22.972055,NaN,35.516396,NaN,NaN
Bellatrix_368,2016-07-06T05:27:06Z,8.001090913921317,88.04034696937204,123.441315,NaN,23.001348,NaN,35.509727,NaN,NaN
Bellatrix_368,2016-07-06T05:27:11Z,8.0010923749015,88.04035224143975,122.73674,NaN,22.976456,NaN,35.53329,NaN,NaN
Bellatrix_368,2016-07-06T05:27:16Z,8.001093821686153,88.04035746228172,122.0825,NaN,23.003181,NaN,35.546574,NaN,NaN
Bellatrix_368,2016-07-06T05:27:21Z,8.001095270209044,88.04036268939626,121.45844,NaN,23.072937,NaN,35.547604,NaN,NaN
Bellatrix_368,2016-07-06T05:27:26Z,8.001096723367219,88.0403679332376,120.89478,NaN,23.164547,NaN,35.507168,NaN,NaN
Bellatrix_368,2016-07-06T05:27:31Z,8.001098168123947,88.04037314676164,120.2808,NaN,23.197641,NaN,35.485588,NaN,NaN
Bellatrix_368,2016-07-06T05:27:36Z,8.001099616357086,88.04037837283059,119.64668,NaN,23.202885,NaN,35.482273,NaN,NaN
Bellatrix_368,2016-07-06T05:27:43Z,8.001101626906877,88.04038562806564,119.012566,NaN,23.220179,NaN,35.485157,NaN,NaN
Bellatrix_368,2016-07-06T05:27:51Z,8.001104063901773,88.04039442216309,117.88525,NaN,23.259262,NaN,35.470066,NaN,NaN
Bellatrix_368,2016-07-06T05:27:57Z,8.001105691751855,88.04040029639462,117.231,NaN,23.28127,NaN,35.460163,NaN,NaN
Bellatrix_368,2016-07-06T05:28:01Z,8.001106967900514,88.0404049014825,116.80826,NaN,23.291264,NaN,35.450424,NaN,NaN
Bellatrix_368,2016-07-06T05:28:06Z,8.001108428590944,88.04041017250462,116.26473,NaN,23.2875,NaN,35.445755,NaN,NaN
Bellatrix_368,2016-07-06T05:28:12Z,8.001109950988537,88.04041566620212,115.7212,NaN,23.269554,NaN,35.455917,NaN,NaN
Bellatrix_368,2016-07-06T05:28:17Z,8.001111410809918,88.0404209340882,115.11728,NaN,23.301147,NaN,35.47087,NaN,NaN
Bellatrix_368,2016-07-06T05:28:22Z,8.001112859622493,88.0404261622481,114.54356,NaN,23.369684,NaN,35.473858,NaN,NaN
Bellatrix_368,2016-07-06T05:28:27Z,8.001114307566016,88.04043138727195,113.9799,NaN,23.419504,NaN,35.479324,NaN,NaN
Bellatrix_368,2016-07-06T05:28:32Z,8.001115763910919,88.04043664261286,113.4565,NaN,23.469942,NaN,35.477352,NaN,NaN
Bellatrix_368,2016-07-06T05:28:37Z,8.001117204901485,88.04044184254639,112.80225,NaN,23.508097,NaN,35.503426,NaN,NaN
Bellatrix_368,2016-07-06T05:28:42Z,8.001118652844939,88.04044706756999,112.329185,NaN,23.617487,NaN,35.61799,NaN,NaN
Bellatrix_368,2016-07-06T05:28:47Z,8.001120101367832,88.04045229468453,111.62461,NaN,23.678734,NaN,35.643112,NaN,NaN
Bellatrix_368,2016-07-06T05:28:54Z,8.001122283712418,88.0404601698553,110.829445,NaN,23.79889,NaN,35.65737,NaN,NaN
Bellatrix_368,2016-07-06T05:29:02Z,8.001124437086574,88.04046794048386,109.89337,NaN,23.856535,NaN,35.640507,NaN,NaN
Bellatrix_368,2016-07-06T05:29:07Z,8.001125896618202,88.04047320732435,109.41023,NaN,23.911228,NaN,35.631054,NaN,NaN
Bellatrix_368,2016-07-06T05:29:12Z,8.001127346010213,88.04047843757519,108.88683,NaN,23.923342,NaN,35.637363,NaN,NaN
Bellatrix_368,2016-07-06T05:29:17Z,8.001128811335995,88.04048372532435,108.28291,NaN,23.966198,NaN,35.624268,NaN,NaN
Bellatrix_368,2016-07-06T05:29:22Z,8.001130271736743,88.04048899530112,107.74945,NaN,24.006327,NaN,35.603996,NaN,NaN
Bellatrix_368,2016-07-06T05:29:27Z,8.001131720259634,88.04049422241566,107.26632,NaN,24.044847,NaN,35.589485,NaN,NaN
Bellatrix_368,2016-07-06T05:29:32Z,8.00113316820316,88.04049944743952,106.82344,NaN,24.065004,NaN,35.5824,NaN,NaN
Bellatrix_368,2016-07-06T05:29:37Z,8.00113462454806,88.04050470278042,106.30004,NaN,24.09869,NaN,35.57613,NaN,NaN
Bellatrix_368,2016-07-06T05:29:42Z,8.001136065248943,88.0405099016686,105.81691,NaN,24.124205,NaN,35.571426,NaN,NaN
Bellatrix_368,2016-07-06T05:29:47Z,8.001137514061517,88.04051512982849,105.29351,NaN,24.145548,NaN,35.569595,NaN,NaN
Bellatrix_368,2016-07-06T05:29:52Z,8.00113896258441,88.04052035694305,104.82044,NaN,24.146301,NaN,35.570305,NaN,NaN
Bellatrix_368,2016-07-06T05:29:57Z,8.00114041632202,88.04052560287533,104.3373,NaN,24.153965,NaN,35.567905,NaN,NaN
Bellatrix_368,2016-07-06T05:30:04Z,8.001142502194929,88.04053312992008,103.8441,NaN,24.161503,NaN,35.565895,NaN,NaN
Bellatrix_368,2016-07-06T05:30:11Z,8.001144656727888,88.04054090473029,102.91809,NaN,24.193798,NaN,35.562393,NaN,NaN
Bellatrix_368,2016-07-06T05:30:17Z,8.001146283998533,88.04054677687088,102.31417,NaN,24.22096,NaN,35.565166,NaN,NaN
Bellatrix_368,2016-07-06T05:30:22Z,8.001147717746457,88.04055195066873,101.810905,NaN,24.252365,NaN,35.55661,NaN,NaN
Bellatrix_368,2016-07-06T05:30:28Z,8.001149345886224,88.04055782594561,101.13653,NaN,24.265322,NaN,35.550327,NaN,NaN
Bellatrix_368,2016-07-06T05:30:32Z,8.00115062348337,88.04056243626047,100.78424,NaN,24.268229,NaN,35.547333,NaN,NaN
Bellatrix_368,2016-07-06T05:30:38Z,8.00115225191282,88.0405683125827,100.09979,NaN,24.270603,NaN,35.543682,NaN,NaN
Bellatrix_368,2016-07-06T05:30:43Z,8.00115368363289,88.04057347906289,99.5764,NaN,24.273716,NaN,35.552616,NaN,NaN
Bellatrix_368,2016-07-06T05:30:48Z,8.0011551434542,88.04057874694871,99.04294,NaN,24.30634,NaN,35.566963,NaN,NaN
Bellatrix_368,2016-07-06T05:30:53Z,8.001156591687408,88.0405839730179,98.51954,NaN,24.333984,NaN,35.557896,NaN,NaN
Bellatrix_368,2016-07-06T05:30:58Z,8.001158040210301,88.04058920013244,97.84516,NaN,24.349468,NaN,35.55278,NaN,NaN
Bellatrix_368,2016-07-06T05:31:03Z,8.00115949278904,88.04059444188285,97.23117,NaN,24.365232,NaN,35.551743,NaN,NaN
Bellatrix_368,2016-07-06T05:31:08Z,8.0011609369664,88.04059965331619,96.80843,NaN,24.37494,NaN,35.557014,NaN,NaN
Bellatrix_368,2016-07-06T05:31:15Z,8.001162942301471,88.0406068897335,95.93275,NaN,24.42283,NaN,35.56688,NaN,NaN
Bellatrix_368,2016-07-06T05:31:22Z,8.001165104946192,88.04061469381567,95.0168,NaN,24.468117,NaN,35.54687,NaN,NaN
Bellatrix_368,2016-07-06T05:31:27Z,8.00116656621606,88.04061996692873,94.30216,NaN,24.473965,NaN,35.537556,NaN,NaN
Bellatrix_368,2016-07-06T05:31:33Z,8.001168182188218,88.04062579829778,93.55733,NaN,24.476385,NaN,35.531597,NaN,NaN
Bellatrix_368,2016-07-06T05:31:37Z,8.001169457178074,88.04063039920403,93.05406,NaN,24.475803,NaN,35.529053,NaN,NaN
Bellatrix_368,2016-07-06T05:31:43Z,8.001171084448652,88.04063627134437,92.57092,NaN,24.4547,NaN,35.53219,NaN,NaN
Bellatrix_368,2016-07-06T05:31:48Z,8.001172546587638,88.04064154759372,91.91667,NaN,24.454744,NaN,35.529087,NaN,NaN
Bellatrix_368,2016-07-06T05:31:53Z,8.001174006988455,88.04064681757075,91.30269,NaN,24.457607,NaN,35.52705,NaN,NaN
Bellatrix_368,2016-07-06T05:31:58Z,8.001175454642226,88.040652041549,90.79942,NaN,24.428568,NaN,35.530373,NaN,NaN
Bellatrix_368,2016-07-06T05:32:03Z,8.001176904323922,88.04065727284518,90.26596,NaN,24.427612,NaN,35.529594,NaN,NaN
Bellatrix_368,2016-07-06T05:32:08Z,8.001178357482095,88.04066251668652,89.69224,NaN,24.427307,NaN,35.5293,NaN,NaN
Bellatrix_368,2016-07-06T05:32:13Z,8.001179800790338,88.04066772498358,89.16884,NaN,24.462652,NaN,35.516735,NaN,NaN
Bellatrix_368,2016-07-06T05:32:18Z,8.001181249313229,88.04067295209812,88.64544,NaN,24.471214,NaN,35.506237,NaN,NaN
Bellatrix_368,2016-07-06T05:32:25Z,8.00118329230986,88.04068032442028,87.9308,NaN,24.455322,NaN,35.50661,NaN,NaN
Bellatrix_368,2016-07-06T05:32:33Z,8.00118568671823,88.04068896484073,87.02492,NaN,24.448137,NaN,35.51319,NaN,NaN
Bellatrix_368,2016-07-06T05:32:39Z,8.00118731514768,88.04069484116295,86.47133,NaN,24.464933,NaN,35.519176,NaN,NaN
Bellatrix_368,2016-07-06T05:32:43Z,8.001188591296339,88.04069944625084,86.048584,NaN,24.474627,NaN,35.53708,NaN,NaN
Bellatrix_368,2016-07-06T05:32:49Z,8.001190219146352,88.04070532048212,85.53525,NaN,24.528255,NaN,35.54362,NaN,NaN
Bellatrix_368,2016-07-06T05:32:54Z,8.00119164970755,88.0407104827804,84.961525,NaN,24.582499,NaN,35.538197,NaN,NaN
Bellatrix_368,2016-07-06T05:32:59Z,8.001193108949494,88.04071574857554,84.45826,NaN,24.616493,NaN,35.538082,NaN,NaN
Bellatrix_368,2016-07-06T05:33:04Z,8.001194558051822,88.04072097778102,83.914734,NaN,24.65113,NaN,35.53029,NaN,NaN
Bellatrix_368,2016-07-06T05:33:09Z,8.001196007443832,88.04072620803186,83.48192,NaN,24.674961,NaN,35.522556,NaN,NaN
Bellatrix_368,2016-07-06T05:33:14Z,8.001197459443205,88.04073144769157,82.948456,NaN,24.688482,NaN,35.522396,NaN,NaN
Bellatrix_368,2016-07-06T05:33:19Z,8.001198903910181,88.04073666017001,82.47539,NaN,24.707388,NaN,35.548477,NaN,NaN
Bellatrix_368,2016-07-06T05:33:24Z,8.001200351563952,88.04074188414826,82.022446,NaN,24.784151,NaN,35.575596,NaN,NaN
Bellatrix_368,2016-07-06T05:33:29Z,8.001201800086843,88.0407471112628,81.458786,NaN,24.827778,NaN,35.57312,NaN,NaN
Bellatrix_368,2016-07-06T05:33:36Z,8.001204074847193,88.04075531992349,80.70389,NaN,24.876823,NaN,35.571304,NaN,NaN
Bellatrix_368,2016-07-06T05:33:44Z,8.001206231987512,88.04076310414257,79.91879,NaN,24.926958,NaN,35.55976,NaN,NaN
Bellatrix_368,2016-07-06T05:33:50Z,8.001207859547842,88.04076897732851,79.41553,NaN,24.946964,NaN,35.56442,NaN,NaN
Bellatrix_368,2016-07-06T05:33:54Z,8.001209136855303,88.04077358659802,78.922325,NaN,24.974173,NaN,35.56476,NaN,NaN
Bellatrix_368,2016-07-06T05:33:59Z,8.001210603919326,88.04077888061977,78.37879,NaN,24.998707,NaN,35.557228,NaN,NaN
Bellatrix_368,2016-07-06T05:34:05Z,8.001212213807646,88.0407846900348,77.78494,NaN,25.010855,NaN,35.543816,NaN,NaN
Bellatrix_368,2016-07-06T05:34:09Z,8.001213490245988,88.04078929616803,77.422585,NaN,24.99823,NaN,35.540474,NaN,NaN
Bellatrix_368,2016-07-06T05:34:15Z,8.001215117806318,88.04079516935397,76.70795,NaN,24.992435,NaN,35.536373,NaN,NaN
Bellatrix_368,2016-07-06T05:34:20Z,8.001216555320473,88.04080035674258,76.2852,NaN,24.994154,NaN,35.5247,NaN,NaN
Bellatrix_368,2016-07-06T05:34:25Z,8.001218015141854,88.04080562462865,75.71148,NaN,25.002764,NaN,35.508743,NaN,NaN
Bellatrix_368,2016-07-06T05:34:30Z,8.00121946308531,88.04081084965225,75.17802,NaN,25.009163,NaN,35.494843,NaN,NaN
Bellatrix_368,2016-07-06T05:34:35Z,8.001220913056688,88.04081608199378,74.62442,NaN,25.010063,NaN,35.487904,NaN,NaN
Bellatrix_368,2016-07-06T05:34:40Z,8.001222361579579,88.04082130910832,74.201675,NaN,25.013128,NaN,35.48001,NaN,NaN
Bellatrix_368,2016-07-06T05:34:47Z,8.001224388063141,88.04082862184171,73.42665,NaN,25.018309,NaN,35.459934,NaN,NaN
Bellatrix_368,2016-07-06T05:34:54Z,8.00122654085786,88.04083639037934,72.52077,NaN,24.994823,NaN,35.43213,NaN,NaN
Bellatrix_368,2016-07-06T05:35:00Z,8.001228168707874,88.04084226461062,71.89671,NaN,24.957766,NaN,35.416847,NaN,NaN
Bellatrix_368,2016-07-06T05:35:04Z,8.001229564504555,88.04084730145827,71.40351,NaN,24.987972,NaN,35.40925,NaN,NaN
Bellatrix_368,2016-07-06T05:35:10Z,8.001231024325936,88.04085256934435,70.78953,NaN,25.056309,NaN,35.404114,NaN,NaN
Bellatrix_368,2016-07-06T05:35:15Z,8.001232473138511,88.04085779750424,70.246,NaN,25.125341,NaN,35.421864,NaN,NaN
Bellatrix_368,2016-07-06T05:35:20Z,8.001233921951085,88.04086302566414,69.67228,NaN,25.199396,NaN,35.474575,NaN,NaN
Bellatrix_368,2016-07-06T05:35:25Z,8.001235375688697,88.04086827159642,69.209274,NaN,25.332243,NaN,35.54423,NaN,NaN
Bellatrix_368,2016-07-06T05:35:30Z,8.001236818707186,88.04087347884789,68.62548,NaN,25.491585,NaN,35.537003,NaN,NaN
Bellatrix_368,2016-07-06T05:35:35Z,8.001238266071274,88.04087870178078,68.122215,NaN,25.59496,NaN,35.517826,NaN,NaN
Bellatrix_368,2016-07-06T05:35:40Z,8.00123971575297,88.04088393307697,67.840385,NaN,25.648457,NaN,35.497467,NaN,NaN
Bellatrix_368,2016-07-06T05:35:45Z,8.00124117209787,88.04088918841788,67.30692,NaN,25.693674,NaN,35.47345,NaN,NaN
Bellatrix_368,2016-07-06T05:35:50Z,8.001242611929632,88.04089438416977,66.85398,NaN,25.705591,NaN,35.446053,NaN,NaN
Bellatrix_368,2016-07-06T05:35:57Z,8.001244737492161,88.0409020544378,66.18967,NaN,25.714392,NaN,35.40725,NaN,NaN
Bellatrix_368,2016-07-06T05:36:06Z,8.001247275014512,88.04091121129687,65.374374,NaN,25.715008,NaN,35.357956,NaN,NaN
Bellatrix_368,2016-07-06T05:36:11Z,8.001248735705012,88.04091648231923,64.94157,NaN,25.703224,NaN,35.324722,NaN,NaN
Bellatrix_368,2016-07-06T05:36:16Z,8.001250183648468,88.04092170734283,64.41817,NaN,25.694376,NaN,35.302036,NaN,NaN
Bellatrix_368,2016-07-06T05:36:21Z,8.00125163217136,88.04092693445737,63.93503,NaN,25.685585,NaN,35.269302,NaN,NaN
Bellatrix_368,2016-07-06T05:36:26Z,8.001253080694251,88.04093216157193,63.472027,NaN,25.674927,NaN,35.24567,NaN,NaN
Bellatrix_368,2016-07-06T05:36:31Z,8.001254532114187,88.04093739914069,62.878174,NaN,25.669037,NaN,35.23347,NaN,NaN
Bellatrix_368,2016-07-06T05:36:36Z,8.001255991935567,88.04094266702677,62.294384,NaN,25.692898,NaN,35.221672,NaN,NaN
Bellatrix_368,2016-07-06T05:36:41Z,8.00125743987909,88.04094789205061,61.841442,NaN,25.72605,NaN,35.208588,NaN,NaN
Bellatrix_368,2016-07-06T05:36:46Z,8.001258888981349,88.04095312125585,61.358307,NaN,25.747683,NaN,35.20374,NaN,NaN
Bellatrix_368,2016-07-06T05:36:51Z,8.001260354886568,88.04095841109596,60.824844,NaN,25.754322,NaN,35.201046,NaN,NaN
Bellatrix_368,2016-07-06T05:36:56Z,8.00126181470788,88.04096367898178,60.251118,NaN,25.767576,NaN,35.198162,NaN,NaN
Bellatrix_368,2016-07-06T05:37:01Z,8.00126326323077,88.04096890609634,59.707592,NaN,25.778906,NaN,35.202724,NaN,NaN
Bellatrix_368,2016-07-06T05:37:08Z,8.00126528334081,88.04097619583032,59.023148,NaN,25.812935,NaN,35.20009,NaN,NaN
Bellatrix_368,2016-07-06T05:37:16Z,8.001267705560807,88.04098493661134,58.036743,NaN,25.80759,NaN,35.21548,NaN,NaN
Bellatrix_368,2016-07-06T05:37:22Z,8.001269333410821,88.04099081084262,57.46302,NaN,25.831646,NaN,35.204388,NaN,NaN
Bellatrix_368,2016-07-06T05:37:26Z,8.001270611008035,88.04099542115773,56.96982,NaN,25.838963,NaN,35.194668,NaN,NaN
Bellatrix_368,2016-07-06T05:37:32Z,8.001272239437485,88.04100129747997,56.345768,NaN,25.84287,NaN,35.188526,NaN,NaN
Bellatrix_368,2016-07-06T05:37:37Z,8.00127369694119,88.0410065570025,55.792175,NaN,25.844172,NaN,35.187923,NaN,NaN
Bellatrix_368,2016-07-06T05:37:42Z,8.001275157052254,88.04101182593394,55.339233,NaN,25.851164,NaN,35.186146,NaN,NaN
Bellatrix_368,2016-07-06T05:37:47Z,8.001276605285462,88.04101705200313,54.725246,NaN,25.861237,NaN,35.178745,NaN,NaN
Bellatrix_368,2016-07-06T05:37:52Z,8.001278054098037,88.04102228016302,54.232048,NaN,25.850708,NaN,35.189095,NaN,NaN
Bellatrix_368,2016-07-06T05:37:57Z,8.001279511022375,88.04102753759487,53.70865,NaN,25.854607,NaN,35.19936,NaN,NaN
Bellatrix_368,2016-07-06T05:38:02Z,8.001280951143821,88.04103273439212,53.16512,NaN,25.907972,NaN,35.199276,NaN,NaN
Bellatrix_368,2016-07-06T05:38:07Z,8.001282400535832,88.04103796464295,52.591396,NaN,25.958414,NaN,35.19262,NaN,NaN
Bellatrix_368,2016-07-06T05:38:12Z,8.001283849058723,88.0410431917575,52.14852,NaN,26.009314,NaN,35.194836,NaN,NaN
Bellatrix_368,2016-07-06T05:38:19Z,8.0012859989564,88.04105094984091,51.474144,NaN,26.073969,NaN,35.191723,NaN,NaN
Bellatrix_368,2016-07-06T05:38:27Z,8.001288152040804,88.04105871942389,50.668915,NaN,26.12008,NaN,35.18443,NaN,NaN
Bellatrix_368,2016-07-06T05:38:32Z,8.001289611862184,88.04106398730995,50.22604,NaN,26.139376,NaN,35.17803,NaN,NaN
Bellatrix_368,2016-07-06T05:38:37Z,8.001291060674829,88.0410692154701,49.682514,NaN,26.148182,NaN,35.176052,NaN,NaN
Bellatrix_368,2016-07-06T05:38:42Z,8.001292511515327,88.04107445094792,49.209442,NaN,26.164427,NaN,35.174046,NaN,NaN
Bellatrix_368,2016-07-06T05:38:47Z,8.001293958299978,88.04107967178989,48.786697,NaN,26.175087,NaN,35.172783,NaN,NaN
Bellatrix_368,2016-07-06T05:38:52Z,8.001295405953751,88.04108489576814,48.363953,NaN,26.183123,NaN,35.172733,NaN,NaN
Bellatrix_368,2016-07-06T05:38:57Z,8.001296855345762,88.04109012601897,47.860687,NaN,26.191986,NaN,35.173923,NaN,NaN
Bellatrix_368,2016-07-06T05:39:02Z,8.001298305027458,88.04109535731516,47.427876,NaN,26.211695,NaN,35.175217,NaN,NaN
Bellatrix_368,2016-07-06T05:39:07Z,8.001299751522426,88.04110057711178,46.854153,NaN,26.230762,NaN,35.174637,NaN,NaN
Bellatrix_368,2016-07-06T05:39:12Z,8.001301200045317,88.04110580422632,46.431408,NaN,26.25473,NaN,35.17792,NaN,NaN
Bellatrix_368,2016-07-06T05:39:17Z,8.001302648278525,88.04111103029551,46.119385,NaN,26.276861,NaN,35.17764,NaN,NaN
Bellatrix_368,2016-07-06T05:39:22Z,8.001304096511733,88.04111625636472,45.686573,NaN,26.30966,NaN,35.176563,NaN,NaN
Bellatrix_368,2016-07-06T05:39:29Z,8.001306228447715,88.04112394963187,45.022263,NaN,26.395891,NaN,35.178905,NaN,NaN
Bellatrix_368,2016-07-06T05:39:35Z,8.001308056773272,88.04113054729571,44.599518,NaN,26.449186,NaN,35.17315,NaN,NaN
Bellatrix_368,2016-07-06T05:39:44Z,8.001310429453785,88.0411391093094,43.995598,NaN,26.504463,NaN,35.17208,NaN,NaN
Bellatrix_368,2016-07-06T05:39:49Z,8.001311988354134,88.04114473473011,43.60305,NaN,26.532427,NaN,35.171444,NaN,NaN
Bellatrix_368,2016-07-06T05:39:55Z,8.001313615914464,88.04115060791605,43.089718,NaN,26.564312,NaN,35.16375,NaN,NaN
Bellatrix_368,2016-07-06T05:39:59Z,8.001314890614566,88.0411552077767,42.79782,NaN,26.58023,NaN,35.158096,NaN,NaN
Bellatrix_368,2016-07-06T05:40:05Z,8.001316524548418,88.04116110396201,42.365013,NaN,26.601618,NaN,35.152664,NaN,NaN
Bellatrix_368,2016-07-06T05:40:10Z,8.001317984659483,88.04116637289344,41.97246,NaN,26.621265,NaN,35.14642,NaN,NaN
Bellatrix_368,2016-07-06T05:40:15Z,8.001319445060298,88.04117164287045,41.509457,NaN,26.63655,NaN,35.143375,NaN,NaN
Bellatrix_368,2016-07-06T05:40:20Z,8.001320892714071,88.04117686684872,41.207497,NaN,26.653963,NaN,35.141136,NaN,NaN
Bellatrix_368,2016-07-06T05:40:25Z,8.00132234181633,88.04118209605394,40.804886,NaN,26.667437,NaN,35.135475,NaN,NaN
Bellatrix_368,2016-07-06T05:40:30Z,8.001323790918658,88.04118732525944,40.412334,NaN,26.68174,NaN,35.13462,NaN,NaN
Bellatrix_368,2016-07-06T05:40:35Z,8.001325237703309,88.0411925461014,40.15064,NaN,26.689833,NaN,35.137543,NaN,NaN
Bellatrix_368,2016-07-06T05:40:40Z,8.001326687385005,88.04119777739758,39.697697,NaN,26.681662,NaN,35.143703,NaN,NaN
Bellatrix_368,2016-07-06T05:40:47Z,8.00132877673446,88.04120531698774,39.23469,NaN,26.708324,NaN,35.146202,NaN,NaN
Bellatrix_368,2016-07-06T05:40:54Z,8.001330889260194,88.04121294021141,38.72136,NaN,26.751427,NaN,35.146614,NaN,NaN
Bellatrix_368,2016-07-06T05:41:03Z,8.001333323647799,88.04122172490023,38.09731,NaN,26.797386,NaN,35.148434,NaN,NaN
Bellatrix_368,2016-07-06T05:41:08Z,8.001334784048547,88.041226994877,37.684628,NaN,26.844164,NaN,35.143223,NaN,NaN
Bellatrix_368,2016-07-06T05:41:13Z,8.001336231412635,88.0412322178099,37.332344,NaN,26.880968,NaN,35.137222,NaN,NaN
Bellatrix_368,2016-07-06T05:41:18Z,8.001337680514963,88.04123744701539,36.959923,NaN,26.921473,NaN,35.13528,NaN,NaN
Bellatrix_368,2016-07-06T05:41:23Z,8.001339129327539,88.04124267517528,36.567375,NaN,26.924473,NaN,35.1466,NaN,NaN
Bellatrix_368,2016-07-06T05:41:28Z,8.001340577271062,88.04124790019914,36.3862,NaN,26.925999,NaN,35.190777,NaN,NaN
Bellatrix_368,2016-07-06T05:41:33Z,8.0013420255042,88.04125312626809,35.74202,NaN,26.870382,NaN,35.280224,NaN,NaN
Bellatrix_368,2016-07-06T05:41:38Z,8.001343474896213,88.04125835651892,35.279015,NaN,26.895237,NaN,35.305225,NaN,NaN
Bellatrix_368,2016-07-06T05:41:43Z,8.001344923129421,88.04126358258812,34.906597,NaN,26.933079,NaN,35.31115,NaN,NaN
Bellatrix_368,2016-07-06T05:41:48Z,8.001346372521432,88.04126881283895,34.483852,NaN,26.922972,NaN,35.32284,NaN,NaN
Bellatrix_368,2016-07-06T05:41:53Z,8.001347819306085,88.04127403368092,33.95039,NaN,26.918768,NaN,35.342438,NaN,NaN
Bellatrix_368,2016-07-06T05:41:58Z,8.001349281445071,88.04127930993027,33.477318,NaN,26.918062,NaN,35.3468,NaN,NaN
Bellatrix_368,2016-07-06T05:42:05Z,8.001351369635655,88.04128684533855,32.78281,NaN,26.959475,NaN,35.334507,NaN,NaN
Bellatrix_368,2016-07-06T05:42:13Z,8.001353795621815,88.04129559971005,31.846733,NaN,26.985153,NaN,35.32566,NaN,NaN
Bellatrix_368,2016-07-06T05:42:19Z,8.001355424051265,88.04130147603229,31.343466,NaN,26.988688,NaN,35.33654,NaN,NaN
Bellatrix_368,2016-07-06T05:42:24Z,8.001356891984338,88.04130677319007,30.779806,NaN,26.991253,NaN,35.342457,NaN,NaN
Bellatrix_368,2016-07-06T05:42:30Z,8.001358520124105,88.04131264846696,30.377193,NaN,26.974012,NaN,35.359894,NaN,NaN
Bellatrix_368,2016-07-06T05:42:34Z,8.001359874782677,88.04131753686434,29.853796,NaN,27.04016,NaN,35.328777,NaN,NaN
Bellatrix_368,2016-07-06T05:42:40Z,8.001361503212127,88.04132341318657,29.199549,NaN,27.07031,NaN,35.311573,NaN,NaN
Bellatrix_368,2016-07-06T05:42:45Z,8.001362937829171,88.04132859012071,28.696281,NaN,27.132057,NaN,35.284016,NaN,NaN
Bellatrix_368,2016-07-06T05:42:50Z,8.001364397940304,88.04133385905239,28.172884,NaN,27.129799,NaN,35.283287,NaN,NaN
Bellatrix_368,2016-07-06T05:42:55Z,8.001365847332316,88.04133908930322,27.649487,NaN,27.175652,NaN,35.265625,NaN,NaN
Bellatrix_368,2016-07-06T05:43:00Z,8.001367294986087,88.04134431328147,27.176414,NaN,27.172815,NaN,35.268192,NaN,NaN
Bellatrix_368,2016-07-06T05:43:05Z,8.001368750751553,88.04134956653145,26.773802,NaN,27.235518,NaN,35.240345,NaN,NaN
Bellatrix_368,2016-07-06T05:43:10Z,8.001370191162751,88.04135476437428,26.320862,NaN,27.290342,NaN,35.2179,NaN,NaN
Bellatrix_368,2016-07-06T05:43:17Z,8.001372315856091,88.04136243150576,25.7874,NaN,27.3053,NaN,35.22699,NaN,NaN
Bellatrix_368,2016-07-06T05:43:26Z,8.001374734020242,88.0413711576509,25.012367,NaN,27.31774,NaN,35.237953,NaN,NaN
Bellatrix_368,2016-07-06T05:43:31Z,8.00137619876659,88.04137644330913,24.52923,NaN,27.32733,NaN,35.239723,NaN,NaN
Bellatrix_368,2016-07-06T05:43:36Z,8.001377658877653,88.04138171224055,24.16688,NaN,27.36419,NaN,35.211956,NaN,NaN
Bellatrix_368,2016-07-06T05:43:41Z,8.00137910797998,88.04138694144604,23.633415,NaN,27.392006,NaN,35.15073,NaN,NaN
Bellatrix_368,2016-07-06T05:43:46Z,8.001380555344,88.04139216437869,23.120083,NaN,27.76591,NaN,34.901485,NaN,NaN
Bellatrix_368,2016-07-06T05:43:51Z,8.001382022697705,88.04139745944579,22.727535,NaN,27.845434,NaN,34.76417,NaN,NaN
Bellatrix_368,2016-07-06T05:43:56Z,8.001383483388205,88.04140273046816,22.11355,NaN,28.068415,NaN,34.586784,NaN,NaN
Bellatrix_368,2016-07-06T05:44:01Z,8.00138493133166,88.04140795549176,21.710936,NaN,28.219496,NaN,34.411587,NaN,NaN
Bellatrix_368,2016-07-06T05:44:06Z,8.001386379564869,88.04141318156096,21.2278,NaN,28.369513,NaN,34.284565,NaN,NaN
Bellatrix_368,2016-07-06T05:44:11Z,8.001387843731779,88.04141846512823,20.9661,NaN,28.386238,NaN,34.21118,NaN,NaN
Bellatrix_368,2016-07-06T05:44:16Z,8.001389302973791,88.04142373092361,20.704403,NaN,28.458635,NaN,34.130573,NaN,NaN
Bellatrix_368,2016-07-06T05:44:21Z,8.001390751786367,88.0414289590835,20.462833,NaN,28.524092,NaN,34.068504,NaN,NaN
Bellatrix_368,2016-07-06T05:44:28Z,8.001392841425508,88.04143649971901,20.23133,NaN,28.636892,NaN,34.013424,NaN,NaN
Bellatrix_368,2016-07-06T05:44:36Z,8.001395003780477,88.0414443027556,19.999828,NaN,28.674519,NaN,33.984417,NaN,NaN
Bellatrix_368,2016-07-06T05:44:42Z,8.00139682920899,88.04145088996522,19.728064,NaN,28.719706,NaN,33.94107,NaN,NaN
Bellatrix_368,2016-07-06T05:44:51Z,8.001399424092902,88.04146025381823,19.365711,NaN,28.773897,NaN,33.87673,NaN,NaN
Bellatrix_368,2016-07-06T05:44:56Z,8.001400883334847,88.04146551961335,19.194601,NaN,28.813244,NaN,33.8459,NaN,NaN
Bellatrix_368,2016-07-06T05:45:01Z,8.001402348081193,88.04147080527159,18.922836,NaN,28.860764,NaN,33.809208,NaN,NaN
Bellatrix_368,2016-07-06T05:45:06Z,8.001403807902573,88.04147607315765,18.671204,NaN,28.90127,NaN,33.762047,NaN,NaN
Bellatrix_368,2016-07-06T05:45:11Z,8.001405257584269,88.04148130445384,18.278656,NaN,28.93742,NaN,33.71845,NaN,NaN
Bellatrix_368,2016-07-06T05:45:16Z,8.001406705817477,88.04148653052304,18.016956,NaN,28.972887,NaN,33.686913,NaN,NaN
Bellatrix_368,2016-07-06T05:45:21Z,8.001408158685967,88.04149177331904,17.775389,NaN,29.001856,NaN,33.664097,NaN,NaN
Bellatrix_368,2016-07-06T05:45:26Z,8.00140960286326,88.04149698475213,17.574081,NaN,29.02164,NaN,33.64677,NaN,NaN
Bellatrix_368,2016-07-06T05:45:31Z,8.001411050227349,88.04150220768504,17.402971,NaN,29.045277,NaN,33.626743,NaN,NaN
Bellatrix_368,2016-07-06T05:45:36Z,8.001412499909042,88.04150743898121,17.101011,NaN,29.065073,NaN,33.60693,NaN,NaN
Bellatrix_368,2016-07-06T05:45:41Z,8.001413953646654,88.04151268491351,16.799051,NaN,29.082039,NaN,33.588577,NaN,NaN
Bellatrix_368,2016-07-06T05:45:46Z,8.001415395216586,88.04151788693773,16.45683,NaN,29.09538,NaN,33.57208,NaN,NaN
Bellatrix_368,2016-07-06T05:45:53Z,8.001417518461441,88.04152554884223,16.164934,NaN,29.115215,NaN,33.552258,NaN,NaN
Bellatrix_368,2016-07-06T05:46:00Z,8.001419336068013,88.04153210782573,15.691863,NaN,29.131077,NaN,33.536404,NaN,NaN
Bellatrix_368,2016-07-06T05:46:07Z,8.001421499581786,88.04153991504394,15.228858,NaN,29.15264,NaN,33.514038,NaN,NaN
Bellatrix_368,2016-07-06T05:46:15Z,8.001423901232728,88.04154858159983,14.584676,NaN,29.166502,NaN,33.49911,NaN,NaN
Bellatrix_368,2016-07-06T05:46:21Z,8.001425528503376,88.04155445374042,14.131736,NaN,29.159412,NaN,33.49991,NaN,NaN
Bellatrix_368,2016-07-06T05:46:25Z,8.00142680320348,88.04155905360106,13.819711,NaN,29.150307,NaN,33.499847,NaN,NaN
Bellatrix_368,2016-07-06T05:46:30Z,8.001428269108628,88.04156434344092,13.437227,NaN,29.17738,NaN,33.488308,NaN,NaN
Bellatrix_368,2016-07-06T05:46:35Z,8.001429729509445,88.04156961341793,12.903765,NaN,29.175991,NaN,33.485996,NaN,NaN
Bellatrix_368,2016-07-06T05:46:41Z,8.001431344902166,88.04157544269606,12.2595825,NaN,29.110193,NaN,33.522266,NaN,NaN
Bellatrix_368,2016-07-06T05:46:45Z,8.001432625396424,88.04158006346539,11.665728,NaN,29.08906,NaN,33.53732,NaN,NaN
Bellatrix_368,2016-07-06T05:46:50Z,8.001434085217804,88.04158533135147,11.42416,NaN,29.09702,NaN,33.535652,NaN,NaN
Bellatrix_368,2016-07-06T05:46:55Z,8.001435533740697,88.04159055846601,10.830305,NaN,29.102835,NaN,33.530254,NaN,NaN
Bellatrix_368,2016-07-06T05:47:00Z,8.001436982842955,88.04159578767126,10.38743,NaN,29.105991,NaN,33.528637,NaN,NaN
Bellatrix_368,2016-07-06T05:47:05Z,8.001438430786479,88.0416010126951,9.763379,NaN,29.108593,NaN,33.5278,NaN,NaN
Bellatrix_368,2016-07-06T05:47:10Z,8.001439885682824,88.04160626280878,9.421157,NaN,29.098747,NaN,33.53471,NaN,NaN
Bellatrix_368,2016-07-06T05:47:17Z,8.001441897101735,88.04161352118012,8.666257,NaN,29.074142,NaN,33.54885,NaN,NaN
Bellatrix_368,2016-07-06T05:47:25Z,8.001444048447897,88.04162128449052,7.830834,NaN,29.044285,NaN,33.572437,NaN,NaN
Bellatrix_368,2016-07-06T05:47:30Z,8.001445507979595,88.04162655133125,7.247044,NaN,29.031519,NaN,33.581825,NaN,NaN
Bellatrix_368,2016-07-06T05:47:35Z,8.001446961427453,88.04163179621794,6.6934505,NaN,29.040545,NaN,33.578606,NaN,NaN
Bellatrix_368,2016-07-06T05:47:40Z,8.001448405604814,88.04163700765127,6.2103143,NaN,29.048195,NaN,33.58168,NaN,NaN
Bellatrix_368,2016-07-06T05:47:45Z,8.00144985354827,88.04164223267487,5.8077006,NaN,29.055328,NaN,33.57871,NaN,NaN
Bellatrix_368,2016-07-06T05:47:50Z,8.001451302071162,88.04164745978942,5.2440414,NaN,29.053268,NaN,33.58102,NaN,NaN
Bellatrix_368,2016-07-06T05:47:55Z,8.001452758705815,88.04165271617593,4.7005134,NaN,29.048174,NaN,33.581837,NaN,NaN
Bellatrix_368,2016-07-06T05:48:00Z,8.001454199986064,88.04165791715481,4.187181,NaN,29.055716,NaN,33.580673,NaN,NaN
Bellatrix_368,2016-07-06T05:48:05Z,8.001455647350152,88.0416631400877,3.744306,NaN,29.031994,NaN,33.5869,NaN,NaN
Bellatrix_368,2016-07-06T05:48:10Z,8.001457096742165,88.04166837033854,3.120255,NaN,29.010067,NaN,33.61029,NaN,NaN
Bellatrix_368,2016-07-06T05:48:15Z,8.001458563806118,88.04167366436005,2.5666614,NaN,28.987871,NaN,33.621822,NaN,NaN
Bellatrix_368,2016-07-06T05:48:21Z,8.001460191945883,88.04167953963692,2.0331984,NaN,28.96324,NaN,33.638485,NaN,NaN
Bellatrix_368,2016-07-06T05:48:28Z,8.001462203075041,88.04168679696267,1.0367299,NaN,28.932816,NaN,NaN,NaN,NaN
Bellatrix_368,2016-07-06T05:48:35Z,8.001464353552155,88.04169455713702,0.9159458,NaN,28.907787,NaN,NaN,NaN,NaN
Bellatrix_368,2016-07-06T05:48:41Z,8.001465978794808,88.04170042195943,0.8656191,NaN,29.056168,NaN,NaN,NaN,NaN
Bellatrix_368,2016-07-06T05:48:46Z,8.001467439485308,88.0417056929818,0.8958152,NaN,29.180597,NaN,NaN,NaN,NaN
